month,actor_origin,zona_operativa,country,admin1,location,latitude,longitude,events
2023-10,Hezbollah,Israel,Israel,HaZafon,Abu Dajaj,33.1053,35.298,2
2023-10,Hezbollah,Israel,Israel,HaZafon,Al Jardah,33.0968,35.2184,3
2023-10,Hezbollah,Israel,Israel,HaZafon,Al Manara,33.2005,35.5421,1
2023-10,Hezbollah,Israel,Israel,HaZafon,Al Marj,33.2324,35.5446,2
2023-10,Hezbollah,Israel,Israel,HaZafon,Aramsha,33.0878,35.2284,2
2023-10,Hezbollah,Israel,Israel,HaZafon,Avivim,33.0889,35.4723,1
2023-10,Hezbollah,Israel,Israel,HaZafon,Avivim Barracks,33.0918,35.4669,1
2023-10,Hezbollah,Israel,Israel,HaZafon,Baram,33.0592,35.4338,1
2023-10,Hezbollah,Israel,Israel,HaZafon,Bayad Blida,33.1405,35.5335,3
2023-10,Hezbollah,Israel,Israel,HaZafon,Betzet,33.0714,35.1347,1
2023-10,Hezbollah,Israel,Israel,HaZafon,Biranit,33.0583,35.3415,7
2023-10,Hezbollah,Israel,Israel,HaZafon,Dhuhra,33.0988,35.2131,1
2023-10,Hezbollah,Israel,Israel,HaZafon,Dovev Barracks,33.0578,35.4002,1
2023-10,Hezbollah,Israel,Israel,HaZafon,Dvoranit Outpost,33.0915,35.1402,5
2023-10,Hezbollah,Israel,Israel,HaZafon,Elkosh,33.0335,35.3244,2
2023-10,Hezbollah,Israel,Israel,HaZafon,Hadab Al Bustan,33.0936,35.2451,1
2023-10,Hezbollah,Israel,Israel,Haifa,Haifa,32.8184,34.9885,1
2023-10,Hezbollah,Israel,Israel,HaZafon,Hanita,33.0875,35.1736,1
2023-10,Hezbollah,Israel,Israel,HaZafon,Hanita Military Post,33.092,35.1771,2
2023-10,Hezbollah,Israel,Israel,HaZafon,Harmon,33.0613,35.4031,2
2023-10,Hezbollah,Israel,Israel,HaZafon,Jal Al Deir,33.0921,35.4896,1
2023-10,Hezbollah,Israel,Israel,HaZafon,Kefar Giladi,33.2423,35.5752,1
2023-10,Hezbollah,Israel,Israel,HaZafon,Kiryat Shmona,33.2073,35.572,6
2023-10,Hezbollah,Israel,Israel,HaZafon,Livneh Outpost,33.1039,35.3167,6
2023-10,Hezbollah,Israel,Israel,HaZafon,Margaliyyot,33.2147,35.5449,2
2023-10,Hezbollah,Israel,Israel,HaZafon,Menara,33.1969,35.5439,5
2023-10,Hezbollah,Israel,Israel,HaZafon,Metulla,33.2792,35.5795,3
2023-10,Hezbollah,Israel,Israel,HaZafon,Metulla Barracks,33.2749,35.5718,2
2023-10,Hezbollah,Israel,Israel,HaZafon,Misgav Am,33.2474,35.5489,3
2023-10,Hezbollah,Israel,Israel,HaZafon,Mitzpeh Adi Army Base,33.2257,35.5499,1
2023-10,Hezbollah,Israel,Israel,HaZafon,Nahariyya,33.0089,35.0981,1
2023-10,Hezbollah,Israel,Israel,HaZafon,Netu'a,33.0646,35.3234,2
2023-10,Hezbollah,Israel,Israel,HaZafon,Nurit Outpost,33.0819,35.3247,2
2023-10,Hezbollah,Israel,Israel,HaZafon,Rakefet Outpost,33.1623,35.5388,1
2023-10,Hezbollah,Israel,Israel,HaZafon,Rosh HaNikra Naval Base,33.0929,35.1061,4
2023-10,Hezbollah,Israel,Israel,HaZafon,Rosh Pinna,32.9689,35.5426,1
2023-10,Hezbollah,Israel,Israel,HaZafon,Sadah,33.09,35.4462,2
2023-10,Hezbollah,Israel,Israel,HaZafon,Shetula,33.0852,35.3149,4
2023-10,Hezbollah,Israel,Israel,HaZafon,Shlomi,33.0726,35.1458,1
2023-10,Hezbollah,Israel,Israel,HaZafon,Shomera,33.0827,35.2838,1
2023-10,Hezbollah,Israel,Israel,HaZafon,Tal Al Khazan,33.1503,35.5461,1
2023-10,Hezbollah,Israel,Israel,HaZafon,Talat Al Taihat,33.17,35.5506,1
2023-10,Hezbollah,Israel,Israel,HaZafon,Turmos Outpost,33.1125,35.5078,5
2023-10,Hezbollah,Israel,Israel,HaZafon,Yakinton Outpost,33.095,35.256,6
2023-10,Hezbollah,Israel,Israel,HaZafon,Yiftah,33.1288,35.5523,2
2023-10,Hezbollah,Israel,Israel,HaZafon,Zarit,33.0996,35.2889,3
2023-10,Hezbollah,Israel,Israel,HaZafon,Zarit Barracks,33.1032,35.2906,1
2023-10,Hezbollah,Lebanon,Lebanon,Al Nabatieh,Khiyam,33.3278,35.6128,1
2023-10,Hezbollah,Lebanon,Lebanon,Al Nabatieh,Tziporen Outpost,33.2084,35.5375,5
2023-10,Hezbollah,Quneitra/Golan,Syria,Quneitra,Al Ramtha,33.2852,35.6903,2
2023-10,Hezbollah,Quneitra/Golan,Syria,Quneitra,Al Samaka,33.2995,35.7021,3
2023-10,Hezbollah,Quneitra/Golan,Syria,Quneitra,Gladiola Outpost,33.3182,35.7122,6
2023-10,Hezbollah,Quneitra/Golan,Syria,Quneitra,Radar Post,33.3309,35.7691,3
2023-10,Hezbollah,Quneitra/Golan,Syria,Quneitra,Rwayset Al Qarn,33.2805,35.6735,1
2023-10,Hezbollah,Quneitra/Golan,Syria,Quneitra,Shebaa Farms,33.2833,35.7,2
2023-10,Hezbollah,Quneitra/Golan,Syria,Quneitra,Zebdine,33.2772,35.6868,4
2023-10,Israel,Israel,Israel,HaDarom,Beeri,31.4243,34.4916,1
2023-10,Israel,Israel,Israel,HaDarom,Erez,31.5602,34.5666,1
2023-10,Israel,Israel,Israel,HaDarom,Nahal Oz,31.4731,34.4983,2
2023-10,Israel,Israel,Israel,HaDarom,Nir Oz,31.3102,34.4021,1
2023-10,Israel,Israel,Israel,HaDarom,Ziqim,31.6091,34.5214,1
2023-10,Israel,Lebanon,Lebanon,Al Nabatieh,Aadayseh Marjayoun,33.2544,35.5424,9
2023-10,Israel,Lebanon,Lebanon,South,Aalma Ech Chaab,33.1042,35.1819,18
2023-10,Israel,Lebanon,Lebanon,South,Aaziyyeh,33.1835,35.2342,1
2023-10,Israel,Lebanon,Lebanon,Al Nabatieh,Ain Jerfa,33.3832,35.6851,1
2023-10,Israel,Lebanon,Lebanon,Al Nabatieh,Aita ech Chaab,33.0971,35.3367,19
2023-10,Israel,Lebanon,Lebanon,Al Nabatieh,Aitaroun,33.1153,35.4714,8
2023-10,Israel,Lebanon,Lebanon,Al Nabatieh,Al Aamra,33.2721,35.5968,1
2023-10,Israel,Lebanon,Lebanon,Al Nabatieh,Al Wazzani,33.2756,35.6228,4
2023-10,Israel,Lebanon,Lebanon,Al Nabatieh,Bani Haiyan,33.2431,35.489,1
2023-10,Israel,Lebanon,Lebanon,Al Nabatieh,Baraachit,33.1761,35.4433,2
2023-10,Israel,Lebanon,Lebanon,Al Nabatieh,Beit Lif,33.1328,35.3356,3
2023-10,Israel,Lebanon,Lebanon,Al Nabatieh,Blida,33.14,35.5147,11
2023-10,Israel,Lebanon,Lebanon,South,Boustane,33.1045,35.2573,13
2023-10,Israel,Lebanon,Lebanon,Al Nabatieh,Bustra,33.2866,35.6688,10
2023-10,Israel,Lebanon,Lebanon,South,Chaaytiye,33.1966,35.2654,1
2023-10,Israel,Lebanon,Lebanon,Al Nabatieh,Chebaa,33.3475,35.7492,7
2023-10,Israel,Lebanon,Lebanon,South,Chihhine,33.1265,35.256,4
2023-10,Israel,Lebanon,Lebanon,Al Nabatieh,Deir Mimas,33.3025,35.5458,2
2023-10,Israel,Lebanon,Lebanon,South,Ed Dhayra,33.1053,35.2248,21
2023-10,Israel,Lebanon,Lebanon,Al Nabatieh,El Habbariye,33.3675,35.6975,7
2023-10,Israel,Lebanon,Lebanon,Al Nabatieh,El Majidiye,33.2842,35.6564,6
2023-10,Israel,Lebanon,Lebanon,Al Nabatieh,El Meri,33.3204,35.6423,5
2023-10,Israel,Lebanon,Lebanon,Al Nabatieh,Es Sedaneh,33.3393,35.7122,1
2023-10,Israel,Lebanon,Lebanon,Al Nabatieh,Fradis,33.371,35.6679,1
2023-10,Israel,Lebanon,Lebanon,South,Hanniyeh,33.1902,35.2236,1
2023-10,Israel,Lebanon,Lebanon,Al Nabatieh,Hilta,33.3088,35.6667,12
2023-10,Israel,Lebanon,Lebanon,Al Nabatieh,Houla,33.2092,35.515,11
2023-10,Israel,Lebanon,Lebanon,South,Jabal Blat,33.1148,35.2908,1
2023-10,Israel,Lebanon,Lebanon,Al Nabatieh,Jbaa,33.4869,35.5188,1
2023-10,Israel,Lebanon,Lebanon,South,Jebbayn,33.1235,35.2358,6
2023-10,Israel,Lebanon,Lebanon,Al Nabatieh,Kfar Chouba,33.3278,35.6925,22
2023-10,Israel,Lebanon,Lebanon,Al Nabatieh,Kfar Hamam,33.3439,35.6789,3
2023-10,Israel,Lebanon,Lebanon,Al Nabatieh,Kfar Kila,33.2772,35.5517,9
2023-10,Israel,Lebanon,Lebanon,Al Nabatieh,Khiyam,33.3278,35.6128,2
2023-10,Israel,Lebanon,Lebanon,Al Nabatieh,Kounine,33.1487,35.433,2
2023-10,Israel,Lebanon,Lebanon,South,Labbouneh,33.0977,35.1498,11
2023-10,Israel,Lebanon,Lebanon,Al Nabatieh,Majdel Selm,33.2222,35.4647,1
2023-10,Israel,Lebanon,Lebanon,South,Majdel Zoun,33.1514,35.2261,2
2023-10,Israel,Lebanon,Lebanon,Al Nabatieh,Marjayoun,33.3603,35.5911,1
2023-10,Israel,Lebanon,Lebanon,Al Nabatieh,Markaba,33.2333,35.513,10
2023-10,Israel,Lebanon,Lebanon,Al Nabatieh,Maroun er Ras,33.1038,35.4444,7
2023-10,Israel,Lebanon,Lebanon,South,Marwahin,33.1086,35.2754,16
2023-10,Israel,Lebanon,Lebanon,Al Nabatieh,Mays el Jabal,33.1691,35.5234,11
2023-10,Israel,Lebanon,Lebanon,Al Nabatieh,Mazraat el Hamra,33.3249,35.4942,1
2023-10,Israel,Lebanon,Lebanon,Al Nabatieh,Qatmoun Valley,33.066,35.3604,2
2023-10,Israel,Lebanon,Lebanon,South,Qlaileh,33.1984,35.2291,2
2023-10,Israel,Lebanon,Lebanon,Al Nabatieh,Qlayaa,33.3347,35.5709,2
2023-10,Israel,Lebanon,Lebanon,Al Nabatieh,Qouzah,33.1203,35.3382,1
2023-10,Israel,Lebanon,Lebanon,Al Nabatieh,Rab el Thalathine,33.2482,35.5194,1
2023-10,Israel,Lebanon,Lebanon,Al Nabatieh,Rachaya al Foukhar,33.3541,35.6675,3
2023-10,Israel,Lebanon,Lebanon,Al Nabatieh,Ramieh,33.1108,35.3103,13
2023-10,Israel,Lebanon,Lebanon,South,Ras al Naqoura,33.1181,35.1397,13
2023-10,Israel,Lebanon,Lebanon,Al Nabatieh,Rmaysh,33.0783,35.3661,11
2023-10,Israel,Lebanon,Lebanon,Al Nabatieh,Tallit el Azziye,33.293,35.5419,1
2023-10,Israel,Lebanon,Lebanon,Al Nabatieh,Talouseh,33.2324,35.4851,1
2023-10,Israel,Lebanon,Lebanon,South,Tayr Harfa,33.1285,35.2192,8
2023-10,Israel,Lebanon,Lebanon,Al Nabatieh,Tell en Nhas,33.3125,35.5666,1
2023-10,Israel,Lebanon,Lebanon,Al Nabatieh,Wadi Khansa,33.2987,35.6568,4
2023-10,Israel,Lebanon,Lebanon,South,Yarine,33.1064,35.2324,15
2023-10,Israel,Lebanon,Lebanon,Al Nabatieh,Yaroun,33.0803,35.4225,10
2023-10,Israel,Lebanon,Lebanon,Al Nabatieh,Yater,33.1541,35.3302,5
2023-10,Israel,Lebanon,Lebanon,South,Zalloutieh,33.1092,35.245,3
2023-10,Israel,Lebanon,Lebanon,South,Zebqine,33.1656,35.2669,4
2023-10,Israel,Quneitra/Golan,Syria,Quneitra,Quneitra,33.1242,35.8264,2
2023-10,Israel,Quneitra/Golan,Syria,Quneitra,Shebaa Farms,33.2833,35.7,6
2023-10,Israel,Syria-other,Syria,Dara,112th Brigade,32.8631,36.0872,1
2023-10,Israel,Syria-other,Syria,Dara,12th Armored Brigade,32.8463,36.2572,1
2023-10,Israel,Syria-other,Syria,Dara,82nd Brigade Radar Base,32.8504,36.1424,1
2023-10,Israel,Syria-other,Syria,Dara,Abdin,32.7799,35.8246,1
2023-10,Israel,Syria-other,Syria,Deir ez Zor,Al-Bukamal - Unspecified,34.4546,40.9116,1
2023-10,Israel,Syria-other,Syria,Aleppo,Aleppo - International Airport,36.1811,37.2183,4
2023-10,Israel,Syria-other,Syria,Rural Damascus,Damascus - International Airport,33.417,36.509,2
2023-10,Israel,Syria-other,Syria,Damascus,Damascus - Unspecified,33.5172,36.2767,1
2023-10,Israel,Syria-other,Syria,Dara,Sahm El Golan,32.7826,35.9354,1
2023-10,Israel,Syria-other,Syria,Dara,Tafas,32.7362,36.0673,1
2023-10,Israel,Syria-other,Syria,Dara,Tall al Jumou,32.8605,35.9977,2
2023-10,Israel,Syria-other,Syria,Dara,Tassil,32.8355,35.9718,1
2023-10,Israel,Syria-other,Syria,Dara,Yarmouk Basin,32.8095,35.8949,1
2023-11,Hezbollah,Israel,Israel,HaZafon,Abu Dajaj,33.1053,35.298,1
2023-11,Hezbollah,Israel,Israel,HaZafon,Adamit,33.0797,35.211,1
2023-11,Hezbollah,Israel,Israel,HaZafon,Al Baghdadi,33.1655,35.5478,3
2023-11,Hezbollah,Israel,Israel,HaZafon,Al Jardah,33.0968,35.2184,3
2023-11,Hezbollah,Israel,Israel,HaZafon,Al Manara,33.2005,35.5421,1
2023-11,Hezbollah,Israel,Israel,HaZafon,Al Marj,33.2324,35.5446,6
2023-11,Hezbollah,Israel,Israel,HaZafon,Avivim,33.0889,35.4723,2
2023-11,Hezbollah,Israel,Israel,HaZafon,Bayad Blida,33.1405,35.5335,5
2023-11,Hezbollah,Israel,Israel,HaZafon,Beit Hillel Base,33.2231,35.6017,1
2023-11,Hezbollah,Israel,Israel,HaZafon,Biranit,33.0583,35.3415,5
2023-11,Hezbollah,Israel,Israel,HaZafon,Dafna,33.2301,35.6387,1
2023-11,Hezbollah,Israel,Israel,HaZafon,Dhuhra,33.0988,35.2131,8
2023-11,Hezbollah,Israel,Israel,HaZafon,Dovev Barracks,33.0578,35.4002,2
2023-11,Hezbollah,Israel,Israel,HaZafon,Dvoranit Outpost,33.0915,35.1402,6
2023-11,Hezbollah,Israel,Israel,HaZafon,Ein Zeitim Base,32.9948,35.4851,1
2023-11,Hezbollah,Israel,Israel,HaZafon,Hadab Al Bustan,33.0936,35.2451,7
2023-11,Hezbollah,Israel,Israel,HaZafon,Hadab Yaroun,33.0652,35.4314,5
2023-11,Hezbollah,Israel,Israel,HaZafon,Hanita,33.0875,35.1736,3
2023-11,Hezbollah,Israel,Israel,HaZafon,Harmon,33.0613,35.4031,1
2023-11,Hezbollah,Israel,Israel,HaZafon,Jal Al Deir,33.0921,35.4896,5
2023-11,Hezbollah,Israel,Israel,HaZafon,Kefar Giladi,33.2423,35.5752,1
2023-11,Hezbollah,Israel,Israel,HaZafon,Khilet Warda,33.0966,35.318,3
2023-11,Hezbollah,Israel,Israel,HaZafon,Khirbet Zarit,33.1011,35.3004,1
2023-11,Hezbollah,Israel,Israel,HaZafon,Kiryat Shmona,33.2073,35.572,5
2023-11,Hezbollah,Israel,Israel,HaZafon,Livneh Outpost,33.1039,35.3167,3
2023-11,Hezbollah,Israel,Israel,HaZafon,Malkiyya,33.0983,35.5108,3
2023-11,Hezbollah,Israel,Israel,HaZafon,Margaliyyot,33.2147,35.5449,4
2023-11,Hezbollah,Israel,Israel,HaZafon,Mattat,33.0413,35.3586,2
2023-11,Hezbollah,Israel,Israel,HaZafon,Menara,33.1969,35.5439,3
2023-11,Hezbollah,Israel,Israel,HaZafon,Metulla,33.2792,35.5795,1
2023-11,Hezbollah,Israel,Israel,HaZafon,Metulla Barracks,33.2749,35.5718,6
2023-11,Hezbollah,Israel,Israel,HaZafon,Misgav Am,33.2474,35.5489,4
2023-11,Hezbollah,Israel,Israel,HaZafon,Mitzpeh Adi Army Base,33.2257,35.5499,6
2023-11,Hezbollah,Israel,Israel,HaZafon,Netu'a,33.0646,35.3234,2
2023-11,Hezbollah,Israel,Israel,HaZafon,Nurit Outpost,33.0819,35.3247,9
2023-11,Hezbollah,Israel,Israel,HaZafon,Rakefet Outpost,33.1623,35.5388,4
2023-11,Hezbollah,Israel,Israel,HaZafon,Rosh HaNikra Naval Base,33.0929,35.1061,1
2023-11,Hezbollah,Israel,Israel,HaZafon,Safed,32.9647,35.496,1
2023-11,Hezbollah,Israel,Israel,HaZafon,Sasa,33.0272,35.3941,2
2023-11,Hezbollah,Israel,Israel,HaZafon,Shetula,33.0852,35.3149,4
2023-11,Hezbollah,Israel,Israel,HaZafon,Shlomi,33.0726,35.1458,4
2023-11,Hezbollah,Israel,Israel,HaZafon,Shomera,33.0827,35.2838,1
2023-11,Hezbollah,Israel,Israel,HaZafon,Shomera Armory Camp,33.0832,35.2586,2
2023-11,Hezbollah,Israel,Israel,HaZafon,Talat Al Taihat,33.17,35.5506,2
2023-11,Hezbollah,Israel,Israel,HaZafon,Turmos Outpost,33.1125,35.5078,10
2023-11,Hezbollah,Israel,Israel,HaZafon,Yakinton Outpost,33.095,35.256,9
2023-11,Hezbollah,Israel,Israel,HaZafon,Yiftah,33.1288,35.5523,3
2023-11,Hezbollah,Israel,Israel,HaZafon,Yiftah Barracks,33.1431,35.5546,3
2023-11,Hezbollah,Israel,Israel,HaZafon,Yiron,33.0776,35.4546,1
2023-11,Hezbollah,Israel,Israel,HaZafon,Zarit,33.0996,35.2889,1
2023-11,Hezbollah,Israel,Israel,HaZafon,Zarit Barracks,33.1032,35.2906,4
2023-11,Hezbollah,Lebanon,Lebanon,Al Nabatieh,Rmaysh,33.0783,35.3661,1
2023-11,Hezbollah,Lebanon,Lebanon,Al Nabatieh,Tal Shaar,33.0961,35.3256,2
2023-11,Hezbollah,Lebanon,Lebanon,Al Nabatieh,Tziporen Outpost,33.2084,35.5375,2
2023-11,Hezbollah,Lebanon,Lebanon,Al Nabatieh,Yaroun,33.0803,35.4225,1
2023-11,Hezbollah,Quneitra/Golan,Syria,Quneitra,Al Ramtha,33.2852,35.6903,1
2023-11,Hezbollah,Quneitra/Golan,Syria,Quneitra,Al Samaka,33.2995,35.7021,1
2023-11,Hezbollah,Quneitra/Golan,Syria,Quneitra,Gladiola Outpost,33.3182,35.7122,4
2023-11,Hezbollah,Quneitra/Golan,Syria,Quneitra,Radar Post,33.3309,35.7691,1
2023-11,Hezbollah,Quneitra/Golan,Syria,Quneitra,Zebdine,33.2772,35.6868,3
2023-11,Israel,Israel,Israel,HaDarom,Ashqelon,31.6693,34.5715,1
2023-11,Israel,Israel,Israel,HaMerkaz,Rishon LeZion,31.971,34.7894,1
2023-11,Israel,Lebanon,Lebanon,Al Nabatieh,Aadayseh Marjayoun,33.2544,35.5424,10
2023-11,Israel,Lebanon,Lebanon,South,Aalma Ech Chaab,33.1042,35.1819,22
2023-11,Israel,Lebanon,Lebanon,South,Aaychiyeh,33.4089,35.5567,1
2023-11,Israel,Lebanon,Lebanon,South,Aaziyyeh,33.1835,35.2342,1
2023-11,Israel,Lebanon,Lebanon,Al Nabatieh,Ain Ebel,33.1112,35.4036,1
2023-11,Israel,Lebanon,Lebanon,Al Nabatieh,Ainata,33.1297,35.4409,1
2023-11,Israel,Lebanon,Lebanon,Al Nabatieh,Aita ech Chaab,33.0971,35.3367,23
2023-11,Israel,Lebanon,Lebanon,Al Nabatieh,Aitaroun,33.1153,35.4714,18
2023-11,Israel,Lebanon,Lebanon,Al Nabatieh,Al Aamra,33.2721,35.5968,3
2023-11,Israel,Lebanon,Lebanon,Al Nabatieh,Al Wazzani,33.2756,35.6228,6
2023-11,Israel,Lebanon,Lebanon,Al Nabatieh,At Tiri,33.1403,35.4029,2
2023-11,Israel,Lebanon,Lebanon,Al Nabatieh,Bani Haiyan,33.2431,35.489,3
2023-11,Israel,Lebanon,Lebanon,Al Nabatieh,Baraachit,33.1761,35.4433,1
2023-11,Israel,Lebanon,Lebanon,Al Nabatieh,Beit Lif,33.1328,35.3356,10
2023-11,Israel,Lebanon,Lebanon,Al Nabatieh,Beit Yahoun,33.1592,35.4225,1
2023-11,Israel,Lebanon,Lebanon,Al Nabatieh,Bent Jbeil,33.1194,35.4333,2
2023-11,Israel,Lebanon,Lebanon,Al Nabatieh,Blida,33.14,35.5147,25
2023-11,Israel,Lebanon,Lebanon,Al Nabatieh,Borj el Mlouk,33.3215,35.5632,5
2023-11,Israel,Lebanon,Lebanon,South,Boustane,33.1045,35.2573,13
2023-11,Israel,Lebanon,Lebanon,South,Btaichiye,33.1073,35.2086,1
2023-11,Israel,Lebanon,Lebanon,Al Nabatieh,Bustra,33.2866,35.6688,7
2023-11,Israel,Lebanon,Lebanon,South,Chaaytiye,33.1966,35.2654,2
2023-11,Israel,Lebanon,Lebanon,South,Chamaa,33.1511,35.1995,2
2023-11,Israel,Lebanon,Lebanon,Al Nabatieh,Chaqra,33.1933,35.4678,1
2023-11,Israel,Lebanon,Lebanon,Al Nabatieh,Chebaa,33.3475,35.7492,4
2023-11,Israel,Lebanon,Lebanon,South,Chihhine,33.1265,35.256,12
2023-11,Israel,Lebanon,Lebanon,Al Nabatieh,Debl,33.12,35.367,2
2023-11,Israel,Lebanon,Lebanon,Al Nabatieh,Deir Ez Zahrani,33.4333,35.4617,1
2023-11,Israel,Lebanon,Lebanon,Al Nabatieh,Deir Mimas,33.3025,35.5458,10
2023-11,Israel,Lebanon,Lebanon,South,Ech Chehabiye,33.2431,35.3819,1
2023-11,Israel,Lebanon,Lebanon,South,Ed Demachqiye,33.375,35.5469,1
2023-11,Israel,Lebanon,Lebanon,South,Ed Dhayra,33.1053,35.2248,21
2023-11,Israel,Lebanon,Lebanon,South,El Babliye,33.4211,35.3428,1
2023-11,Israel,Lebanon,Lebanon,South,El Bayada,33.1624,35.1798,2
2023-11,Israel,Lebanon,Lebanon,Al Nabatieh,El Habbariye,33.3675,35.6975,3
2023-11,Israel,Lebanon,Lebanon,Al Nabatieh,El Hamames,33.2924,35.59,7
2023-11,Israel,Lebanon,Lebanon,Al Nabatieh,El Majidiye,33.2842,35.6564,2
2023-11,Israel,Lebanon,Lebanon,South,El Mansouri,33.1786,35.2061,1
2023-11,Israel,Lebanon,Lebanon,Al Nabatieh,El Meri,33.3204,35.6423,3
2023-11,Israel,Lebanon,Lebanon,Al Nabatieh,Hanine,33.1085,35.3796,2
2023-11,Israel,Lebanon,Lebanon,Al Nabatieh,Hilta,33.3088,35.6667,8
2023-11,Israel,Lebanon,Lebanon,Al Nabatieh,Houla,33.2092,35.515,18
2023-11,Israel,Lebanon,Lebanon,Al Nabatieh,Ibl el Saqi,33.3567,35.6264,2
2023-11,Israel,Lebanon,Lebanon,South,Jabal Blat,33.1148,35.2908,1
2023-11,Israel,Lebanon,Lebanon,South,Jarmaq,33.3856,35.5347,1
2023-11,Israel,Lebanon,Lebanon,South,Jebbayn,33.1235,35.2358,18
2023-11,Israel,Lebanon,Lebanon,Al Nabatieh,Kafra,33.1685,35.3412,3
2023-11,Israel,Lebanon,Lebanon,Al Nabatieh,Kfar Chouba,33.3278,35.6925,14
2023-11,Israel,Lebanon,Lebanon,Al Nabatieh,Kfar Hamam,33.3439,35.6789,3
2023-11,Israel,Lebanon,Lebanon,Al Nabatieh,Kfar Kila,33.2772,35.5517,14
2023-11,Israel,Lebanon,Lebanon,Al Nabatieh,Kfar Roummane,33.3894,35.5017,2
2023-11,Israel,Lebanon,Lebanon,Al Nabatieh,Kfar Tebnit,33.3533,35.5128,1
2023-11,Israel,Lebanon,Lebanon,Al Nabatieh,Khiyam,33.3278,35.6128,16
2023-11,Israel,Lebanon,Lebanon,South,Labbouneh,33.0977,35.1498,24
2023-11,Israel,Lebanon,Lebanon,Al Nabatieh,Majdel Selm,33.2222,35.4647,2
2023-11,Israel,Lebanon,Lebanon,South,Majdel Zoun,33.1514,35.2261,9
2023-11,Israel,Lebanon,Lebanon,Al Nabatieh,Marjayoun,33.3603,35.5911,6
2023-11,Israel,Lebanon,Lebanon,Al Nabatieh,Markaba,33.2333,35.513,13
2023-11,Israel,Lebanon,Lebanon,Al Nabatieh,Maroun er Ras,33.1038,35.4444,9
2023-11,Israel,Lebanon,Lebanon,South,Marwahin,33.1086,35.2754,16
2023-11,Israel,Lebanon,Lebanon,Al Nabatieh,Mays el Jabal,33.1691,35.5234,24
2023-11,Israel,Lebanon,Lebanon,Al Nabatieh,Mazraat Sarada,33.2911,35.5996,6
2023-11,Israel,Lebanon,Lebanon,Al Nabatieh,Mhaibib,33.1544,35.5052,16
2023-11,Israel,Lebanon,Lebanon,Al Nabatieh,Qatmoun Valley,33.066,35.3604,4
2023-11,Israel,Lebanon,Lebanon,Al Nabatieh,Qlayaa,33.3347,35.5709,4
2023-11,Israel,Lebanon,Lebanon,Al Nabatieh,Qouzah,33.1203,35.3382,7
2023-11,Israel,Lebanon,Lebanon,Al Nabatieh,Rab el Thalathine,33.2482,35.5194,7
2023-11,Israel,Lebanon,Lebanon,Al Nabatieh,Rachaya al Foukhar,33.3541,35.6675,2
2023-11,Israel,Lebanon,Lebanon,Al Nabatieh,Ramieh,33.1108,35.3103,21
2023-11,Israel,Lebanon,Lebanon,South,Ras al Naqoura,33.1181,35.1397,23
2023-11,Israel,Lebanon,Lebanon,Al Nabatieh,Rchaf,33.1436,35.3632,1
2023-11,Israel,Lebanon,Lebanon,South,Rihan,33.4445,35.567,1
2023-11,Israel,Lebanon,Lebanon,Al Nabatieh,Rmaysh,33.0783,35.3661,14
2023-11,Israel,Lebanon,Lebanon,South,Sejoud,33.4335,35.5338,1
2023-11,Israel,Lebanon,Lebanon,Al Nabatieh,Srebbine,33.1542,35.3586,1
2023-11,Israel,Lebanon,Lebanon,Al Nabatieh,Talouseh,33.2324,35.4851,1
2023-11,Israel,Lebanon,Lebanon,Al Nabatieh,Taybeh,33.2755,35.5179,3
2023-11,Israel,Lebanon,Lebanon,South,Tayr Harfa,33.1285,35.2192,25
2023-11,Israel,Lebanon,Lebanon,Al Nabatieh,Tell en Nhas,33.3125,35.5666,3
2023-11,Israel,Lebanon,Lebanon,Al Nabatieh,Toul,33.3851,35.4458,1
2023-11,Israel,Lebanon,Lebanon,South,Umm Touteh,33.1085,35.2553,4
2023-11,Israel,Lebanon,Lebanon,Al Nabatieh,Wadi Khansa,33.2987,35.6568,1
2023-11,Israel,Lebanon,Lebanon,Al Nabatieh,Wadi Saluki,33.2154,35.4873,4
2023-11,Israel,Lebanon,Lebanon,South,Yarine,33.1064,35.2324,15
2023-11,Israel,Lebanon,Lebanon,Al Nabatieh,Yaroun,33.0803,35.4225,13
2023-11,Israel,Lebanon,Lebanon,Al Nabatieh,Yater,33.1541,35.3302,9
2023-11,Israel,Lebanon,Lebanon,Al Nabatieh,Yohmor,33.3114,35.5163,3
2023-11,Israel,Lebanon,Lebanon,South,Zebqine,33.1656,35.2669,6
2023-11,Israel,Syria-other,Syria,Dara,112th Brigade,32.8631,36.0872,1
2023-11,Israel,Syria-other,Syria,Rural Damascus,Aqraba,33.47,36.3563,1
2023-11,Israel,Syria-other,Syria,Rural Damascus,Bahdaliyah,33.4338,36.3561,1
2023-11,Israel,Syria-other,Syria,Rural Damascus,Damascus - International Airport,33.417,36.509,3
2023-11,Israel,Syria-other,Syria,Dara,Kawkab,32.741,35.9752,1
2023-11,Israel,Syria-other,Syria,Damascus,Mazzeh Military Air Base,33.4779,36.2202,1
2023-11,Israel,Syria-other,Syria,Rural Damascus,Muadamiyet Al Qalamoun,33.7414,36.6416,1
2023-11,Israel,Syria-other,Syria,Dara,Nafeaa,32.8096,35.894,1
2023-11,Israel,Syria-other,Syria,Rural Damascus,Sayyeda Zeinab,33.4466,36.3406,3
2023-11,Israel,Syria-other,Syria,Homs,Shinshar,34.6043,36.7214,1
2023-11,Israel,Syria-other,Syria,As Sweida,Tall Masih,32.8046,36.6641,1
2023-11,Israel,Syria-other,Syria,As Sweida,Tall Qulayb,32.6532,36.6594,1
2023-12,Hezbollah,Israel,Israel,HaZafon,Al Baghdadi,33.1655,35.5478,4
2023-12,Hezbollah,Israel,Israel,HaZafon,Al Jardah,33.0968,35.2184,3
2023-12,Hezbollah,Israel,Israel,HaZafon,Al Manara,33.2005,35.5421,2
2023-12,Hezbollah,Israel,Israel,HaZafon,Al Marj,33.2324,35.5446,5
2023-12,Hezbollah,Israel,Israel,HaZafon,Avivim,33.0889,35.4723,3
2023-12,Hezbollah,Israel,Israel,HaZafon,Avivim Barracks,33.0918,35.4669,1
2023-12,Hezbollah,Israel,Israel,HaZafon,Baram,33.0592,35.4338,1
2023-12,Hezbollah,Israel,Israel,HaZafon,Bayad Blida,33.1405,35.5335,5
2023-12,Hezbollah,Israel,Israel,HaZafon,Beit Hillel,33.2086,35.607,1
2023-12,Hezbollah,Israel,Israel,HaZafon,Beit Hillel Base,33.2231,35.6017,1
2023-12,Hezbollah,Israel,Israel,HaZafon,Biranit,33.0583,35.3415,7
2023-12,Hezbollah,Israel,Israel,HaZafon,Cobra Hill,33.0858,35.2056,1
2023-12,Hezbollah,Israel,Israel,HaZafon,Dhuhra,33.0988,35.2131,4
2023-12,Hezbollah,Israel,Israel,HaZafon,Dishon,33.0814,35.5174,2
2023-12,Hezbollah,Israel,Israel,HaZafon,Dovev,33.0522,35.4081,5
2023-12,Hezbollah,Israel,Israel,HaZafon,Dvoranit Outpost,33.0915,35.1402,10
2023-12,Hezbollah,Israel,Israel,HaZafon,Elkosh,33.0335,35.3244,1
2023-12,Hezbollah,Israel,Israel,HaZafon,Even Menahem,33.0742,35.294,3
2023-12,Hezbollah,Israel,Israel,HaZafon,Hadab Al Bustan,33.0936,35.2451,3
2023-12,Hezbollah,Israel,Israel,HaZafon,Hadab Yaroun,33.0652,35.4314,2
2023-12,Hezbollah,Israel,Israel,HaZafon,Hamra,33.085,35.1876,2
2023-12,Hezbollah,Israel,Israel,HaZafon,Hanita,33.0875,35.1736,2
2023-12,Hezbollah,Israel,Israel,HaZafon,Hanita Military Post,33.092,35.1771,4
2023-12,Hezbollah,Israel,Israel,HaZafon,Har Addir,33.0319,35.3712,1
2023-12,Hezbollah,Israel,Israel,HaZafon,Iqrit,33.0757,35.2731,2
2023-12,Hezbollah,Israel,Israel,HaZafon,Jabal Adather,33.0316,35.3727,1
2023-12,Hezbollah,Israel,Israel,HaZafon,Jabal Nadhir,33.1732,35.5415,1
2023-12,Hezbollah,Israel,Israel,HaZafon,Kabri,33.0209,35.1484,1
2023-12,Hezbollah,Israel,Israel,HaZafon,Karm Al Tuffah,33.0462,35.3484,1
2023-12,Hezbollah,Israel,Israel,HaZafon,Kefar Szold,33.1959,35.6584,1
2023-12,Hezbollah,Israel,Israel,HaZafon,Khilet Warda,33.0966,35.318,2
2023-12,Hezbollah,Israel,Israel,HaZafon,Kiryat Shmona,33.2073,35.572,13
2023-12,Hezbollah,Israel,Israel,HaZafon,Livneh Outpost,33.1039,35.3167,9
2023-12,Hezbollah,Israel,Israel,HaZafon,Maalot,33.0129,35.2774,2
2023-12,Hezbollah,Israel,Israel,HaZafon,Maayan Baruch Military Post,33.2485,35.6111,1
2023-12,Hezbollah,Israel,Israel,HaZafon,Margaliyyot,33.2147,35.5449,8
2023-12,Hezbollah,Israel,Israel,HaZafon,Mattat,33.0413,35.3586,2
2023-12,Hezbollah,Israel,Israel,HaZafon,Mattat Barracks,33.0431,35.3619,4
2023-12,Hezbollah,Israel,Israel,HaZafon,Menara,33.1969,35.5439,6
2023-12,Hezbollah,Israel,Israel,HaZafon,Metulla,33.2792,35.5795,6
2023-12,Hezbollah,Israel,Israel,HaZafon,Metulla Barracks,33.2749,35.5718,4
2023-12,Hezbollah,Israel,Israel,HaZafon,Misgav Am,33.2474,35.5489,3
2023-12,Hezbollah,Israel,Israel,HaZafon,Mitzpeh Adi Army Base,33.2257,35.5499,4
2023-12,Hezbollah,Israel,Israel,HaZafon,Netu'a,33.0646,35.3234,1
2023-12,Hezbollah,Israel,Israel,HaZafon,Nurit Outpost,33.0819,35.3247,11
2023-12,Hezbollah,Israel,Israel,HaZafon,Rakefet Outpost,33.1623,35.5388,3
2023-12,Hezbollah,Israel,Israel,HaZafon,Ramot Naftali,33.1015,35.5532,3
2023-12,Hezbollah,Israel,Israel,HaZafon,Rosh HaNikra,33.0861,35.1135,3
2023-12,Hezbollah,Israel,Israel,HaZafon,Rosh HaNikra Naval Base,33.0929,35.1061,1
2023-12,Hezbollah,Israel,Israel,HaZafon,Sasa,33.0272,35.3941,2
2023-12,Hezbollah,Israel,Israel,HaZafon,Shetula,33.0852,35.3149,6
2023-12,Hezbollah,Israel,Israel,HaZafon,Shlomi,33.0726,35.1458,4
2023-12,Hezbollah,Israel,Israel,HaZafon,Shomera,33.0827,35.2838,4
2023-12,Hezbollah,Israel,Israel,HaZafon,Shomera Armory Camp,33.0832,35.2586,8
2023-12,Hezbollah,Israel,Israel,HaZafon,Talat Al Taihat,33.17,35.5506,2
2023-12,Hezbollah,Israel,Israel,HaZafon,Turmos Outpost,33.1125,35.5078,5
2023-12,Hezbollah,Israel,Israel,HaZafon,Yaara,33.0675,35.187,1
2023-12,Hezbollah,Israel,Israel,HaZafon,Yakinton Outpost,33.095,35.256,10
2023-12,Hezbollah,Israel,Israel,HaZafon,Yiftah,33.1288,35.5523,3
2023-12,Hezbollah,Israel,Israel,HaZafon,Yiftah Barracks,33.1431,35.5546,1
2023-12,Hezbollah,Israel,Israel,HaZafon,Yiron,33.0776,35.4546,1
2023-12,Hezbollah,Israel,Israel,HaZafon,Zarit,33.0996,35.2889,1
2023-12,Hezbollah,Israel,Israel,HaZafon,Zarit Barracks,33.1032,35.2906,3
2023-12,Hezbollah,Israel,Israel,HaZafon,Zomet Gome,33.1698,35.5694,1
2023-12,Hezbollah,Lebanon,Lebanon,Al Nabatieh,Tal Shaar,33.0961,35.3256,1
2023-12,Hezbollah,Lebanon,Lebanon,Al Nabatieh,Tziporen Outpost,33.2084,35.5375,3
2023-12,Hezbollah,Quneitra/Golan,Syria,Quneitra,Al Ramtha,33.2852,35.6903,1
2023-12,Hezbollah,Quneitra/Golan,Syria,Quneitra,Al Samaka,33.2995,35.7021,4
2023-12,Hezbollah,Quneitra/Golan,Syria,Quneitra,Gladiola Outpost,33.3182,35.7122,5
2023-12,Hezbollah,Quneitra/Golan,Syria,Quneitra,Keshet,32.9806,35.8083,1
2023-12,Hezbollah,Quneitra/Golan,Syria,Quneitra,Radar Post,33.3309,35.7691,3
2023-12,Hezbollah,Quneitra/Golan,Syria,Quneitra,Rwayset Al Qarn,33.2805,35.6735,2
2023-12,Hezbollah,Quneitra/Golan,Syria,Quneitra,Shebaa Farms,33.2833,35.7,4
2023-12,Hezbollah,Quneitra/Golan,Syria,Quneitra,Zebdine,33.2772,35.6868,4
2023-12,Israel,Lebanon,Lebanon,Al Nabatieh,Aadayseh Marjayoun,33.2544,35.5424,14
2023-12,Israel,Lebanon,Lebanon,South,Aalma Ech Chaab,33.1042,35.1819,26
2023-12,Israel,Lebanon,Lebanon,South,Aaziyyeh,33.1835,35.2342,1
2023-12,Israel,Lebanon,Lebanon,South,Ain Aalma,33.1118,35.1659,1
2023-12,Israel,Lebanon,Lebanon,Al Nabatieh,Ain Ebel,33.1112,35.4036,2
2023-12,Israel,Lebanon,Lebanon,South,Ain Zarqa,33.1214,35.2002,1
2023-12,Israel,Lebanon,Lebanon,Al Nabatieh,Ainata,33.1297,35.4409,1
2023-12,Israel,Lebanon,Lebanon,Al Nabatieh,Aita ech Chaab,33.0971,35.3367,39
2023-12,Israel,Lebanon,Lebanon,Al Nabatieh,Aitaroun,33.1153,35.4714,23
2023-12,Israel,Lebanon,Lebanon,Al Nabatieh,Al Aamra,33.2721,35.5968,1
2023-12,Israel,Lebanon,Lebanon,Al Nabatieh,Al Wazzani,33.2756,35.6228,5
2023-12,Israel,Lebanon,Lebanon,Al Nabatieh,Arnoun,33.3317,35.5264,2
2023-12,Israel,Lebanon,Lebanon,Al Nabatieh,At Tiri,33.1403,35.4029,1
2023-12,Israel,Lebanon,Lebanon,Al Nabatieh,Bani Haiyan,33.2431,35.489,7
2023-12,Israel,Lebanon,Lebanon,Al Nabatieh,Beit Lif,33.1328,35.3356,11
2023-12,Israel,Lebanon,Lebanon,Al Nabatieh,Bent Jbeil,33.1194,35.4333,6
2023-12,Israel,Lebanon,Lebanon,Al Nabatieh,Blida,33.14,35.5147,26
2023-12,Israel,Lebanon,Lebanon,Al Nabatieh,Borj el Mlouk,33.3215,35.5632,4
2023-12,Israel,Lebanon,Lebanon,South,Bouslaiaya,33.5009,35.5129,1
2023-12,Israel,Lebanon,Lebanon,South,Boustane,33.1045,35.2573,8
2023-12,Israel,Lebanon,Lebanon,Al Nabatieh,Bustra,33.2866,35.6688,2
2023-12,Israel,Lebanon,Lebanon,South,Chamaa,33.1511,35.1995,1
2023-12,Israel,Lebanon,Lebanon,Al Nabatieh,Chaqra,33.1933,35.4678,1
2023-12,Israel,Lebanon,Lebanon,Al Nabatieh,Chebaa,33.3475,35.7492,5
2023-12,Israel,Lebanon,Lebanon,South,Chihhine,33.1265,35.256,11
2023-12,Israel,Lebanon,Lebanon,South,Coast of Ras al Naqoura,33.127,35.1293,1
2023-12,Israel,Lebanon,Lebanon,Al Nabatieh,Deir Mimas,33.3025,35.5458,12
2023-12,Israel,Lebanon,Lebanon,Al Nabatieh,Dibbine,33.3703,35.5953,1
2023-12,Israel,Lebanon,Lebanon,South,Ed Dhayra,33.1053,35.2248,16
2023-12,Israel,Lebanon,Lebanon,Al Nabatieh,El Habbariye,33.3675,35.6975,4
2023-12,Israel,Lebanon,Lebanon,Al Nabatieh,El Hamames,33.2924,35.59,16
2023-12,Israel,Lebanon,Lebanon,Al Nabatieh,El Majidiye,33.2842,35.6564,2
2023-12,Israel,Lebanon,Lebanon,South,El Mansouri,33.1786,35.2061,1
2023-12,Israel,Lebanon,Lebanon,Al Nabatieh,El Meri,33.3204,35.6423,4
2023-12,Israel,Lebanon,Lebanon,Al Nabatieh,Fradis,33.371,35.6679,8
2023-12,Israel,Lebanon,Lebanon,South,Hamoul,33.1232,35.1657,21
2023-12,Israel,Lebanon,Lebanon,Al Nabatieh,Hanine,33.1085,35.3796,3
2023-12,Israel,Lebanon,Lebanon,Al Nabatieh,Hilta,33.3088,35.6667,6
2023-12,Israel,Lebanon,Lebanon,Al Nabatieh,Houla,33.2092,35.515,24
2023-12,Israel,Lebanon,Lebanon,Al Nabatieh,Houmine et Tahta,33.477,35.4341,1
2023-12,Israel,Lebanon,Lebanon,Al Nabatieh,Hourah,33.2944,35.5518,1
2023-12,Israel,Lebanon,Lebanon,Al Nabatieh,Ibl el Saqi,33.3567,35.6264,1
2023-12,Israel,Lebanon,Lebanon,South,Jabal Blat,33.1148,35.2908,6
2023-12,Israel,Lebanon,Lebanon,Al Nabatieh,Jbaa,33.4869,35.5188,1
2023-12,Israel,Lebanon,Lebanon,South,Jbal el Botm,33.1739,35.2931,1
2023-12,Israel,Lebanon,Lebanon,South,Jebbayn,33.1235,35.2358,26
2023-12,Israel,Lebanon,Lebanon,Al Nabatieh,Jibchit,33.3642,35.4322,1
2023-12,Israel,Lebanon,Lebanon,Al Nabatieh,Kfar Chouba,33.3278,35.6925,17
2023-12,Israel,Lebanon,Lebanon,Al Nabatieh,Kfar Hamam,33.3439,35.6789,12
2023-12,Israel,Lebanon,Lebanon,Al Nabatieh,Kfar Kila,33.2772,35.5517,26
2023-12,Israel,Lebanon,Lebanon,Al Nabatieh,Kfar Tebnit,33.3533,35.5128,1
2023-12,Israel,Lebanon,Lebanon,Al Nabatieh,Khiyam,33.3278,35.6128,24
2023-12,Israel,Lebanon,Lebanon,Al Nabatieh,Kounine,33.1487,35.433,9
2023-12,Israel,Lebanon,Lebanon,South,Labbouneh,33.0977,35.1498,26
2023-12,Israel,Lebanon,Lebanon,South,Maaliyeh,33.2037,35.2416,1
2023-12,Israel,Lebanon,Lebanon,Al Nabatieh,Majdel Selm,33.2222,35.4647,3
2023-12,Israel,Lebanon,Lebanon,South,Majdel Zoun,33.1514,35.2261,6
2023-12,Israel,Lebanon,Lebanon,Al Nabatieh,Marjayoun,33.3603,35.5911,11
2023-12,Israel,Lebanon,Lebanon,Al Nabatieh,Markaba,33.2333,35.513,15
2023-12,Israel,Lebanon,Lebanon,Al Nabatieh,Maroun er Ras,33.1038,35.4444,19
2023-12,Israel,Lebanon,Lebanon,South,Marwahin,33.1086,35.2754,25
2023-12,Israel,Lebanon,Lebanon,Al Nabatieh,Mays el Jabal,33.1691,35.5234,29
2023-12,Israel,Lebanon,Lebanon,Al Nabatieh,Mazraat Sarada,33.2911,35.5996,4
2023-12,Israel,Lebanon,Lebanon,Al Nabatieh,Mhaibib,33.1544,35.5052,19
2023-12,Israel,Lebanon,Lebanon,Al Nabatieh,Qaaqaaiyet el Jisr,33.3259,35.4234,1
2023-12,Israel,Lebanon,Lebanon,South,Qlaileh,33.1984,35.2291,1
2023-12,Israel,Lebanon,Lebanon,Al Nabatieh,Qlayaa,33.3347,35.5709,2
2023-12,Israel,Lebanon,Lebanon,Al Nabatieh,Qouzah,33.1203,35.3382,10
2023-12,Israel,Lebanon,Lebanon,Al Nabatieh,Rab el Thalathine,33.2482,35.5194,12
2023-12,Israel,Lebanon,Lebanon,Al Nabatieh,Rachaya al Foukhar,33.3541,35.6675,9
2023-12,Israel,Lebanon,Lebanon,Al Nabatieh,Ramieh,33.1108,35.3103,28
2023-12,Israel,Lebanon,Lebanon,South,Ras al Naqoura,33.1181,35.1397,29
2023-12,Israel,Lebanon,Lebanon,South,Rihan,33.4445,35.567,3
2023-12,Israel,Lebanon,Lebanon,Al Nabatieh,Rmaysh,33.0783,35.3661,12
2023-12,Israel,Lebanon,Lebanon,Al Nabatieh,Roumine,33.4639,35.4418,1
2023-12,Israel,Lebanon,Lebanon,Al Nabatieh,Tallit el Azziye,33.293,35.5419,2
2023-12,Israel,Lebanon,Lebanon,Al Nabatieh,Talouseh,33.2324,35.4851,1
2023-12,Israel,Lebanon,Lebanon,Al Nabatieh,Taybeh,33.2755,35.5179,9
2023-12,Israel,Lebanon,Lebanon,South,Tayr Harfa,33.1285,35.2192,27
2023-12,Israel,Lebanon,Lebanon,Al Nabatieh,Tell en Nhas,33.3125,35.5666,5
2023-12,Israel,Lebanon,Lebanon,Al Nabatieh,Touline,33.2477,35.4482,1
2023-12,Israel,Lebanon,Lebanon,Al Nabatieh,Tziporen Outpost,33.2084,35.5375,1
2023-12,Israel,Lebanon,Lebanon,South,Umm Touteh,33.1085,35.2553,5
2023-12,Israel,Lebanon,Lebanon,Al Nabatieh,Wadi Saluki,33.2154,35.4873,7
2023-12,Israel,Lebanon,Lebanon,South,Yarine,33.1064,35.2324,9
2023-12,Israel,Lebanon,Lebanon,Al Nabatieh,Yaroun,33.0803,35.4225,27
2023-12,Israel,Lebanon,Lebanon,Al Nabatieh,Yater,33.1541,35.3302,4
2023-12,Israel,Lebanon,Lebanon,Al Nabatieh,Zaoutar ech Charqiye,33.3197,35.4725,1
2023-12,Israel,Lebanon,Lebanon,South,Zebqine,33.1656,35.2669,5
2023-12,Israel,Quneitra/Golan,Syria,Quneitra,Al Salam,33.1709,35.8706,1
2023-12,Israel,Quneitra/Golan,Syria,Quneitra,Hadar,33.279,35.8313,6
2023-12,Israel,Quneitra/Golan,Syria,Quneitra,Nasiriya,32.9578,35.9598,1
2023-12,Israel,Quneitra/Golan,Syria,Quneitra,Qurs al Nafl,33.2788,35.8032,1
2023-12,Israel,Quneitra/Golan,Syria,Quneitra,Rafid,32.9564,35.9014,3
2023-12,Israel,Quneitra/Golan,Syria,Quneitra,Shebaa Farms,33.2833,35.7,2
2023-12,Israel,Syria-other,Syria,Deir ez Zor,Al-Bukamal - Industrial Zone,34.449,40.9059,1
2023-12,Israel,Syria-other,Syria,Deir ez Zor,Al-Bukamal - Unspecified,34.4546,40.9116,1
2023-12,Israel,Syria-other,Syria,Deir ez Zor,Al-Bukamal Border Crossing,34.3983,40.9758,1
2023-12,Israel,Syria-other,Syria,Aleppo,Aleppo - International Airport,36.1811,37.2183,1
2023-12,Israel,Syria-other,Syria,Rural Damascus,Aqraba,33.47,36.3563,1
2023-12,Israel,Syria-other,Syria,Rural Damascus,Arna,33.3661,35.8798,2
2023-12,Israel,Syria-other,Syria,Rural Damascus,Damascus - International Airport,33.417,36.509,2
2023-12,Israel,Syria-other,Syria,Damascus,Damascus - Unspecified,33.5172,36.2767,2
2023-12,Israel,Syria-other,Syria,Rural Damascus,Dimas Military Air Base,33.5643,36.1515,1
2023-12,Israel,Syria-other,Syria,Rural Damascus,Hujayra,33.4413,36.3255,1
2023-12,Israel,Syria-other,Syria,Rural Damascus,Jarajir,34.0831,36.6609,1
2023-12,Israel,Syria-other,Syria,Rural Damascus,Najhah Military Housings,33.4104,36.3565,1
2023-12,Israel,Syria-other,Syria,Dara,Nawa,32.8882,36.041,1
2023-12,Israel,Syria-other,Syria,Aleppo,Nayrab Air Base,36.1789,37.2199,1
2023-12,Israel,Syria-other,Syria,Rural Damascus,Qodsayya,33.5498,36.2169,1
2023-12,Israel,Syria-other,Syria,Rural Damascus,Sayyeda Zeinab,33.4466,36.3406,3
2023-12,Israel,Syria-other,Syria,Rural Damascus,Tall Kharouf,33.408,36.3483,1
2023-12,Israel,Syria-other,Syria,As Sweida,Tall Sahn,32.5804,36.9048,2
2023-12,Israel,Syria-other,Syria,Dara,Tall al Jabiyah,32.9199,36.0,1
2023-12,Israel,Syria-other,Syria,Dara,Tassil,32.8355,35.9718,1
2024-01,Hezbollah,Israel,Israel,HaZafon,Abu Dajaj,33.1053,35.298,1
2024-01,Hezbollah,Israel,Israel,HaZafon,Adamit,33.0797,35.211,3
2024-01,Hezbollah,Israel,Israel,HaZafon,Al Baghdadi,33.1655,35.5478,2
2024-01,Hezbollah,Israel,Israel,HaZafon,Al Jardah,33.0968,35.2184,3
2024-01,Hezbollah,Israel,Israel,HaZafon,Al Manara,33.2005,35.5421,4
2024-01,Hezbollah,Israel,Israel,HaZafon,Al Marj,33.2324,35.5446,5
2024-01,Hezbollah,Israel,Israel,HaZafon,Aramsha,33.0878,35.2284,3
2024-01,Hezbollah,Israel,Israel,HaZafon,Avivim,33.0889,35.4723,4
2024-01,Hezbollah,Israel,Israel,HaZafon,Bayad Blida,33.1405,35.5335,6
2024-01,Hezbollah,Israel,Israel,HaZafon,Biranit,33.0583,35.3415,4
2024-01,Hezbollah,Israel,Israel,HaZafon,Cobra Hill,33.0858,35.2056,3
2024-01,Hezbollah,Israel,Israel,HaZafon,Dado Base,32.9805,35.5144,1
2024-01,Hezbollah,Israel,Israel,HaZafon,Dhuhra,33.0988,35.2131,3
2024-01,Hezbollah,Israel,Israel,HaZafon,Dovev,33.0522,35.4081,2
2024-01,Hezbollah,Israel,Israel,HaZafon,Dovev Barracks,33.0578,35.4002,1
2024-01,Hezbollah,Israel,Israel,HaZafon,Dvoranit Outpost,33.0915,35.1402,8
2024-01,Hezbollah,Israel,Israel,HaZafon,Eilit Base,33.0236,35.5485,1
2024-01,Hezbollah,Israel,Israel,HaZafon,Even Menahem,33.0742,35.294,2
2024-01,Hezbollah,Israel,Israel,HaZafon,Goren,33.0566,35.2377,2
2024-01,Hezbollah,Israel,Israel,HaZafon,Hadab Al Bustan,33.0936,35.2451,5
2024-01,Hezbollah,Israel,Israel,HaZafon,Hadab Yaroun,33.0652,35.4314,3
2024-01,Hezbollah,Israel,Israel,HaZafon,Hanita Military Post,33.092,35.1771,4
2024-01,Hezbollah,Israel,Israel,HaZafon,Jabal Nadhir,33.1732,35.5415,1
2024-01,Hezbollah,Israel,Israel,HaZafon,Kefar Blum,33.1717,35.6098,1
2024-01,Hezbollah,Israel,Israel,HaZafon,Kefar Yuval,33.2475,35.5981,2
2024-01,Hezbollah,Israel,Israel,HaZafon,Khilet Warda,33.0966,35.318,1
2024-01,Hezbollah,Israel,Israel,HaZafon,Kiryat Shmona,33.2073,35.572,6
2024-01,Hezbollah,Israel,Israel,HaZafon,Livneh Outpost,33.1039,35.3167,1
2024-01,Hezbollah,Israel,Israel,HaZafon,Malkiyya,33.0983,35.5108,2
2024-01,Hezbollah,Israel,Israel,HaZafon,Margaliyyot,33.2147,35.5449,5
2024-01,Hezbollah,Israel,Israel,HaZafon,Mattat,33.0413,35.3586,1
2024-01,Hezbollah,Israel,Israel,HaZafon,Mattat Barracks,33.0431,35.3619,4
2024-01,Hezbollah,Israel,Israel,HaZafon,Menara,33.1969,35.5439,5
2024-01,Hezbollah,Israel,Israel,HaZafon,Metulla,33.2792,35.5795,8
2024-01,Hezbollah,Israel,Israel,HaZafon,Metulla Barracks,33.2749,35.5718,6
2024-01,Hezbollah,Israel,Israel,HaZafon,Misgav Am,33.2474,35.5489,2
2024-01,Hezbollah,Israel,Israel,HaZafon,Mitzpeh Adi Army Base,33.2257,35.5499,3
2024-01,Hezbollah,Israel,Israel,HaZafon,Mount Meron Base,32.9975,35.4123,2
2024-01,Hezbollah,Israel,Israel,HaZafon,Nahal Betset,33.076,35.2323,1
2024-01,Hezbollah,Israel,Israel,HaZafon,Nurit Outpost,33.0819,35.3247,4
2024-01,Hezbollah,Israel,Israel,HaZafon,Rakefet Outpost,33.1623,35.5388,4
2024-01,Hezbollah,Israel,Israel,HaZafon,Ramot Naftali,33.1015,35.5532,2
2024-01,Hezbollah,Israel,Israel,HaZafon,Rosh HaNikra,33.0861,35.1135,1
2024-01,Hezbollah,Israel,Israel,HaZafon,Rosh HaNikra Naval Base,33.0929,35.1061,2
2024-01,Hezbollah,Israel,Israel,HaZafon,Shefer,32.9437,35.4361,1
2024-01,Hezbollah,Israel,Israel,HaZafon,Shetula,33.0852,35.3149,3
2024-01,Hezbollah,Israel,Israel,HaZafon,Shlomi,33.0726,35.1458,2
2024-01,Hezbollah,Israel,Israel,HaZafon,Shomera,33.0827,35.2838,4
2024-01,Hezbollah,Israel,Israel,HaZafon,Shomera Armory Camp,33.0832,35.2586,5
2024-01,Hezbollah,Israel,Israel,HaZafon,Talat Al Taihat,33.17,35.5506,4
2024-01,Hezbollah,Israel,Israel,HaZafon,Turmos Outpost,33.1125,35.5078,4
2024-01,Hezbollah,Israel,Israel,HaZafon,Yaara,33.0675,35.187,2
2024-01,Hezbollah,Israel,Israel,HaZafon,Yakinton Outpost,33.095,35.256,12
2024-01,Hezbollah,Israel,Israel,HaZafon,Yiftah,33.1288,35.5523,1
2024-01,Hezbollah,Israel,Israel,HaZafon,Yiron,33.0776,35.4546,1
2024-01,Hezbollah,Israel,Israel,HaZafon,Zarit,33.0996,35.2889,3
2024-01,Hezbollah,Israel,Israel,HaZafon,Zarit Barracks,33.1032,35.2906,6
2024-01,Hezbollah,Lebanon,Lebanon,Al Nabatieh,Tal Shaar,33.0961,35.3256,3
2024-01,Hezbollah,Lebanon,Lebanon,Al Nabatieh,Tziporen Outpost,33.2084,35.5375,2
2024-01,Hezbollah,Quneitra/Golan,Syria,Quneitra,Al Ramtha,33.2852,35.6903,1
2024-01,Hezbollah,Quneitra/Golan,Syria,Quneitra,Al Samaka,33.2995,35.7021,8
2024-01,Hezbollah,Quneitra/Golan,Syria,Quneitra,Ghajar,33.2712,35.6229,1
2024-01,Hezbollah,Quneitra/Golan,Syria,Quneitra,Gladiola Outpost,33.3182,35.7122,3
2024-01,Hezbollah,Quneitra/Golan,Syria,Quneitra,Maale Golani Barracks,33.2944,35.7697,2
2024-01,Hezbollah,Quneitra/Golan,Syria,Quneitra,Radar Post,33.3309,35.7691,2
2024-01,Hezbollah,Quneitra/Golan,Syria,Quneitra,Rwayset Al Qarn,33.2805,35.6735,2
2024-01,Hezbollah,Quneitra/Golan,Syria,Quneitra,Shebaa Farms,33.2833,35.7,1
2024-01,Hezbollah,Quneitra/Golan,Syria,Quneitra,Zebdine,33.2772,35.6868,2
2024-01,Israel,Lebanon,Lebanon,Al Nabatieh,Aadayseh Marjayoun,33.2544,35.5424,13
2024-01,Israel,Lebanon,Lebanon,South,Aalma Ech Chaab,33.1042,35.1819,26
2024-01,Israel,Lebanon,Lebanon,South,Ain Baal,33.2331,35.2697,1
2024-01,Israel,Lebanon,Lebanon,South,Ain Zarqa,33.1214,35.2002,2
2024-01,Israel,Lebanon,Lebanon,Al Nabatieh,Ainata,33.1297,35.4409,1
2024-01,Israel,Lebanon,Lebanon,Al Nabatieh,Aita ech Chaab,33.0971,35.3367,32
2024-01,Israel,Lebanon,Lebanon,Al Nabatieh,Aitaroun,33.1153,35.4714,23
2024-01,Israel,Lebanon,Lebanon,Al Nabatieh,Al Wazzani,33.2756,35.6228,7
2024-01,Israel,Lebanon,Lebanon,Al Nabatieh,As Salihani,33.1291,35.3032,1
2024-01,Israel,Lebanon,Lebanon,Al Nabatieh,At Tiri,33.1403,35.4029,2
2024-01,Israel,Lebanon,Lebanon,Al Nabatieh,Bani Haiyan,33.2431,35.489,2
2024-01,Israel,Lebanon,Lebanon,Al Nabatieh,Baraachit,33.1761,35.4433,1
2024-01,Israel,Lebanon,Lebanon,South,Bazouriyeh,33.2554,35.2731,2
2024-01,Israel,Lebanon,Lebanon,Al Nabatieh,Beit Lif,33.1328,35.3356,13
2024-01,Israel,Lebanon,Lebanon,Al Nabatieh,Bent Jbeil,33.1194,35.4333,7
2024-01,Israel,Lebanon,Lebanon,Al Nabatieh,Blida,33.14,35.5147,14
2024-01,Israel,Lebanon,Lebanon,Al Nabatieh,Borj el Mlouk,33.3215,35.5632,2
2024-01,Israel,Lebanon,Lebanon,South,Boustane,33.1045,35.2573,13
2024-01,Israel,Lebanon,Lebanon,South,Btaichiye,33.1073,35.2086,5
2024-01,Israel,Lebanon,Lebanon,Al Nabatieh,Chebaa,33.3475,35.7492,2
2024-01,Israel,Lebanon,Lebanon,South,Chihhine,33.1265,35.256,15
2024-01,Israel,Lebanon,Lebanon,Al Nabatieh,Debl,33.12,35.367,2
2024-01,Israel,Lebanon,Lebanon,Al Nabatieh,Deir Aames,33.1957,35.3674,1
2024-01,Israel,Lebanon,Lebanon,Al Nabatieh,Deir Mimas,33.3025,35.5458,6
2024-01,Israel,Lebanon,Lebanon,Al Nabatieh,Deyr Ntar,33.2178,35.3785,1
2024-01,Israel,Lebanon,Lebanon,South,Ed Dhayra,33.1053,35.2248,29
2024-01,Israel,Lebanon,Lebanon,Al Nabatieh,El Ghandouriyeh,33.2723,35.431,1
2024-01,Israel,Lebanon,Lebanon,Al Nabatieh,El Habbariye,33.3675,35.6975,9
2024-01,Israel,Lebanon,Lebanon,Al Nabatieh,El Hamames,33.2924,35.59,19
2024-01,Israel,Lebanon,Lebanon,Al Nabatieh,El Majidiye,33.2842,35.6564,1
2024-01,Israel,Lebanon,Lebanon,South,El Mansouri,33.1786,35.2061,1
2024-01,Israel,Lebanon,Lebanon,Al Nabatieh,Es Sedaneh,33.3393,35.7122,2
2024-01,Israel,Lebanon,Lebanon,Al Nabatieh,Fradis,33.371,35.6679,4
2024-01,Israel,Lebanon,Lebanon,Al Nabatieh,Haddatha,33.1651,35.3912,2
2024-01,Israel,Lebanon,Lebanon,South,Hamoul,33.1232,35.1657,10
2024-01,Israel,Lebanon,Lebanon,Al Nabatieh,Hanine,33.1085,35.3796,5
2024-01,Israel,Lebanon,Lebanon,Mount Lebanon,Haret Hreik,33.8537,35.5155,1
2024-01,Israel,Lebanon,Lebanon,Al Nabatieh,Hasbaya,33.3978,35.685,3
2024-01,Israel,Lebanon,Lebanon,Al Nabatieh,Hilta,33.3088,35.6667,2
2024-01,Israel,Lebanon,Lebanon,Al Nabatieh,Houla,33.2092,35.515,30
2024-01,Israel,Lebanon,Lebanon,Al Nabatieh,Hourah,33.2944,35.5518,2
2024-01,Israel,Lebanon,Lebanon,South,Jabal Blat,33.1148,35.2908,10
2024-01,Israel,Lebanon,Lebanon,South,Jebbayn,33.1235,35.2358,25
2024-01,Israel,Lebanon,Lebanon,South,Jezzine,33.5417,35.5844,1
2024-01,Israel,Lebanon,Lebanon,Al Nabatieh,Kafra,33.1685,35.3412,1
2024-01,Israel,Lebanon,Lebanon,Al Nabatieh,Kaoukaba,33.3983,35.6438,1
2024-01,Israel,Lebanon,Lebanon,South,Kaouthariyet el Saiyad,33.415,35.3843,1
2024-01,Israel,Lebanon,Lebanon,Al Nabatieh,Kfar Chouba,33.3278,35.6925,11
2024-01,Israel,Lebanon,Lebanon,Al Nabatieh,Kfar Hamam,33.3439,35.6789,4
2024-01,Israel,Lebanon,Lebanon,Al Nabatieh,Kfar Kila,33.2772,35.5517,33
2024-01,Israel,Lebanon,Lebanon,Al Nabatieh,Kfar Sir,33.3264,35.4004,1
2024-01,Israel,Lebanon,Lebanon,Al Nabatieh,Kherbet Selm,33.2302,35.4218,2
2024-01,Israel,Lebanon,Lebanon,Al Nabatieh,Khiyam,33.3278,35.6128,21
2024-01,Israel,Lebanon,Lebanon,Al Nabatieh,Kounine,33.1487,35.433,2
2024-01,Israel,Lebanon,Lebanon,South,Labbouneh,33.0977,35.1498,24
2024-01,Israel,Lebanon,Lebanon,South,Maaliyeh,33.2037,35.2416,1
2024-01,Israel,Lebanon,Lebanon,Al Nabatieh,Majdel Selm,33.2222,35.4647,1
2024-01,Israel,Lebanon,Lebanon,South,Majdel Zoun,33.1514,35.2261,7
2024-01,Israel,Lebanon,Lebanon,Al Nabatieh,Marjayoun,33.3603,35.5911,8
2024-01,Israel,Lebanon,Lebanon,Al Nabatieh,Markaba,33.2333,35.513,9
2024-01,Israel,Lebanon,Lebanon,Al Nabatieh,Maroun er Ras,33.1038,35.4444,16
2024-01,Israel,Lebanon,Lebanon,South,Marwahin,33.1086,35.2754,24
2024-01,Israel,Lebanon,Lebanon,South,Matmoura,33.11,35.2184,1
2024-01,Israel,Lebanon,Lebanon,Al Nabatieh,Mays el Jabal,33.1691,35.5234,24
2024-01,Israel,Lebanon,Lebanon,Al Nabatieh,Mazraat Sarada,33.2911,35.5996,1
2024-01,Israel,Lebanon,Lebanon,Bekaa,Meidoun,33.4694,35.6408,1
2024-01,Israel,Lebanon,Lebanon,Mount Lebanon,Mghairieh,33.604,35.4571,1
2024-01,Israel,Lebanon,Lebanon,Al Nabatieh,Mhaibib,33.1544,35.5052,11
2024-01,Israel,Lebanon,Lebanon,South,Mlikh,33.4688,35.556,1
2024-01,Israel,Lebanon,Lebanon,Al Nabatieh,Nabatiye,33.3789,35.4839,1
2024-01,Israel,Lebanon,Lebanon,South,Qlaileh,33.1984,35.2291,2
2024-01,Israel,Lebanon,Lebanon,Al Nabatieh,Qouzah,33.1203,35.3382,2
2024-01,Israel,Lebanon,Lebanon,Al Nabatieh,Rab el Thalathine,33.2482,35.5194,8
2024-01,Israel,Lebanon,Lebanon,Al Nabatieh,Rachaya al Foukhar,33.3541,35.6675,11
2024-01,Israel,Lebanon,Lebanon,Al Nabatieh,Ramieh,33.1108,35.3103,15
2024-01,Israel,Lebanon,Lebanon,South,Ras al Naqoura,33.1181,35.1397,25
2024-01,Israel,Lebanon,Lebanon,Al Nabatieh,Rchaf,33.1436,35.3632,2
2024-01,Israel,Lebanon,Lebanon,South,Rihan,33.4445,35.567,1
2024-01,Israel,Lebanon,Lebanon,Al Nabatieh,Rmaysh,33.0783,35.3661,10
2024-01,Israel,Lebanon,Lebanon,Al Nabatieh,Roumine,33.4639,35.4418,1
2024-01,Israel,Lebanon,Lebanon,South,Saddiqine,33.1906,35.3106,2
2024-01,Israel,Lebanon,Lebanon,Al Nabatieh,Safad el Battikh,33.2003,35.4327,1
2024-01,Israel,Lebanon,Lebanon,Al Nabatieh,Tallit el Azziye,33.293,35.5419,1
2024-01,Israel,Lebanon,Lebanon,Al Nabatieh,Talouseh,33.2324,35.4851,3
2024-01,Israel,Lebanon,Lebanon,Al Nabatieh,Taybeh,33.2755,35.5179,7
2024-01,Israel,Lebanon,Lebanon,South,Tayr Harfa,33.1285,35.2192,29
2024-01,Israel,Lebanon,Lebanon,Al Nabatieh,Tell en Nhas,33.3125,35.5666,1
2024-01,Israel,Lebanon,Lebanon,South,Tyr,33.2733,35.1939,2
2024-01,Israel,Lebanon,Lebanon,South,Umm Touteh,33.1085,35.2553,9
2024-01,Israel,Lebanon,Lebanon,Al Nabatieh,Wadi Saluki,33.2154,35.4873,3
2024-01,Israel,Lebanon,Lebanon,South,Yarine,33.1064,35.2324,23
2024-01,Israel,Lebanon,Lebanon,Al Nabatieh,Yaroun,33.0803,35.4225,19
2024-01,Israel,Lebanon,Lebanon,Al Nabatieh,Yater,33.1541,35.3302,1
2024-01,Israel,Lebanon,Lebanon,Al Nabatieh,Yohmor,33.3114,35.5163,1
2024-01,Israel,Lebanon,Lebanon,South,Zebqine,33.1656,35.2669,2
2024-01,Israel,Quneitra/Golan,Syria,Quneitra,Rafid,32.9564,35.9014,1
2024-01,Israel,Syria-other,Syria,Rural Damascus,Bait Jan,33.314,35.879,1
2024-01,Israel,Syria-other,Syria,Damascus,Damascus - Mazzeh,33.4999,36.2476,1
2024-01,Israel,Syria-other,Syria,Dara,Dar'a - Unspecified,32.6241,36.1049,1
2024-01,Israel,Syria-other,Syria,Dara,Hit,32.7531,35.9131,1
2024-01,Israel,Syria-other,Syria,Rural Damascus,Kanaker,33.2671,36.0986,1
2024-01,Israel,Syria-other,Syria,Dara,Maariya,32.7647,35.8006,1
2024-01,Israel,Syria-other,Syria,Dara,Nafeaa,32.8096,35.894,1
2024-01,Israel,Syria-other,Syria,Dara,Nawa,32.8882,36.041,1
2024-01,Israel,Syria-other,Syria,Rural Damascus,Sayyeda Zeinab,33.4466,36.3406,1
2024-01,Israel,Syria-other,Syria,Dara,Tall al Jabiyah,32.9199,36.0,1
2024-01,Israel,Syria-other,Syria,Dara,Tall al Jumou,32.8605,35.9977,1
2024-01,Israel,Syria-other,Syria,Dara,Tassil,32.8355,35.9718,1
2024-02,Hezbollah,Israel,Israel,HaZafon,Al Baghdadi,33.1655,35.5478,2
2024-02,Hezbollah,Israel,Israel,HaZafon,Al Marj,33.2324,35.5446,10
2024-02,Hezbollah,Israel,Israel,HaZafon,Arbel,32.8126,35.4865,1
2024-02,Hezbollah,Israel,Israel,HaZafon,Avivim,33.0889,35.4723,3
2024-02,Hezbollah,Israel,Israel,HaZafon,Baram,33.0592,35.4338,3
2024-02,Hezbollah,Israel,Israel,HaZafon,Bayad Blida,33.1405,35.5335,1
2024-02,Hezbollah,Israel,Israel,HaZafon,Beit Hillel,33.2086,35.607,2
2024-02,Hezbollah,Israel,Israel,HaZafon,Beit Hillel Base,33.2231,35.6017,1
2024-02,Hezbollah,Israel,Israel,HaZafon,Biranit,33.0583,35.3415,6
2024-02,Hezbollah,Israel,Israel,HaZafon,Bustan HaGalil,32.9512,35.0827,1
2024-02,Hezbollah,Israel,Israel,HaZafon,Cobra Hill,33.0858,35.2056,3
2024-02,Hezbollah,Israel,Israel,HaZafon,Dado Base,32.9805,35.5144,1
2024-02,Hezbollah,Israel,Israel,HaZafon,Dhuhra,33.0988,35.2131,2
2024-02,Hezbollah,Israel,Israel,HaZafon,Dishon,33.0814,35.5174,2
2024-02,Hezbollah,Israel,Israel,HaZafon,Dovev Barracks,33.0578,35.4002,2
2024-02,Hezbollah,Israel,Israel,HaZafon,Dvoranit Outpost,33.0915,35.1402,3
2024-02,Hezbollah,Israel,Israel,HaZafon,Ein Zeitim Base,32.9948,35.4851,1
2024-02,Hezbollah,Israel,Israel,HaZafon,Elon,33.0637,35.2201,3
2024-02,Hezbollah,Israel,Israel,HaZafon,Even Menahem,33.0742,35.294,3
2024-02,Hezbollah,Israel,Israel,HaZafon,Gaaton Base,33.0052,35.1894,1
2024-02,Hezbollah,Israel,Israel,HaZafon,Goren,33.0566,35.2377,1
2024-02,Hezbollah,Israel,Israel,HaZafon,Hadab Yaroun,33.0652,35.4314,4
2024-02,Hezbollah,Israel,Israel,HaZafon,Hanita,33.0875,35.1736,1
2024-02,Hezbollah,Israel,Israel,HaZafon,Hanita Military Post,33.092,35.1771,1
2024-02,Hezbollah,Israel,Israel,HaZafon,Jabal Nadhir,33.1732,35.5415,1
2024-02,Hezbollah,Israel,Israel,HaZafon,Kefar Yuval,33.2475,35.5981,1
2024-02,Hezbollah,Israel,Israel,HaZafon,Khilet Warda,33.0966,35.318,1
2024-02,Hezbollah,Israel,Israel,HaZafon,Kiryat Shmona,33.2073,35.572,16
2024-02,Hezbollah,Israel,Israel,HaZafon,Livneh Outpost,33.1039,35.3167,4
2024-02,Hezbollah,Israel,Israel,HaZafon,Maayan Baruch,33.2403,35.609,1
2024-02,Hezbollah,Israel,Israel,HaZafon,Malkiyya,33.0983,35.5108,2
2024-02,Hezbollah,Israel,Israel,HaZafon,Margaliyyot,33.2147,35.5449,9
2024-02,Hezbollah,Israel,Israel,HaZafon,Mattat Barracks,33.0431,35.3619,1
2024-02,Hezbollah,Israel,Israel,HaZafon,Menara,33.1969,35.5439,5
2024-02,Hezbollah,Israel,Israel,HaZafon,Metulla,33.2792,35.5795,5
2024-02,Hezbollah,Israel,Israel,HaZafon,Mitzpeh Adi Army Base,33.2257,35.5499,3
2024-02,Hezbollah,Israel,Israel,HaZafon,Mount Meron Base,32.9975,35.4123,3
2024-02,Hezbollah,Israel,Israel,HaZafon,Nahariyya,33.0089,35.0981,1
2024-02,Hezbollah,Israel,Israel,HaZafon,Netu'a,33.0646,35.3234,1
2024-02,Hezbollah,Israel,Israel,HaZafon,Nurit Outpost,33.0819,35.3247,1
2024-02,Hezbollah,Israel,Israel,HaZafon,Ramot Naftali,33.1015,35.5532,1
2024-02,Hezbollah,Israel,Israel,HaZafon,Rosh HaNikra Naval Base,33.0929,35.1061,1
2024-02,Hezbollah,Israel,Israel,HaZafon,Safed,32.9647,35.496,2
2024-02,Hezbollah,Israel,Israel,HaZafon,Shetula,33.0852,35.3149,2
2024-02,Hezbollah,Israel,Israel,HaZafon,Shlomi,33.0726,35.1458,2
2024-02,Hezbollah,Israel,Israel,HaZafon,Shomera,33.0827,35.2838,2
2024-02,Hezbollah,Israel,Israel,HaZafon,Shomera Armory Camp,33.0832,35.2586,3
2024-02,Hezbollah,Israel,Israel,HaZafon,Snir,33.2407,35.6773,1
2024-02,Hezbollah,Israel,Israel,HaZafon,Talat Al Taihat,33.17,35.5506,3
2024-02,Hezbollah,Israel,Israel,HaZafon,Turmos Outpost,33.1125,35.5078,4
2024-02,Hezbollah,Israel,Israel,HaZafon,Yaara,33.0675,35.187,1
2024-02,Hezbollah,Israel,Israel,HaZafon,Yakinton Outpost,33.095,35.256,7
2024-02,Hezbollah,Israel,Israel,HaZafon,Yiftah,33.1288,35.5523,1
2024-02,Hezbollah,Israel,Israel,HaZafon,Yiftah Barracks,33.1431,35.5546,1
2024-02,Hezbollah,Israel,Israel,HaZafon,Yiron,33.0776,35.4546,3
2024-02,Hezbollah,Israel,Israel,HaZafon,Zarit,33.0996,35.2889,3
2024-02,Hezbollah,Israel,Israel,HaZafon,Zarit Barracks,33.1032,35.2906,3
2024-02,Hezbollah,Lebanon,Lebanon,Al Nabatieh,Kfar Chouba,33.3278,35.6925,5
2024-02,Hezbollah,Lebanon,Lebanon,Al Nabatieh,Tziporen Outpost,33.2084,35.5375,3
2024-02,Hezbollah,Quneitra/Golan,Syria,Quneitra,Al Ramtha,33.2852,35.6903,10
2024-02,Hezbollah,Quneitra/Golan,Syria,Quneitra,Al Samaka,33.2995,35.7021,11
2024-02,Hezbollah,Quneitra/Golan,Syria,Quneitra,Gladiola Outpost,33.3182,35.7122,20
2024-02,Hezbollah,Quneitra/Golan,Syria,Quneitra,Keila Base,33.1699,35.7174,2
2024-02,Hezbollah,Quneitra/Golan,Syria,Quneitra,Maale Golani Barracks,33.2944,35.7697,2
2024-02,Hezbollah,Quneitra/Golan,Syria,Quneitra,Radar Post,33.3309,35.7691,5
2024-02,Hezbollah,Quneitra/Golan,Syria,Quneitra,Shebaa Farms,33.2833,35.7,1
2024-02,Hezbollah,Quneitra/Golan,Syria,Quneitra,Tel Faher Base,33.2138,35.7021,1
2024-02,Hezbollah,Quneitra/Golan,Syria,Quneitra,Yitzak Base,33.0519,35.7336,1
2024-02,Hezbollah,Quneitra/Golan,Syria,Quneitra,Yoav Base,33.1572,35.7146,1
2024-02,Hezbollah,Quneitra/Golan,Syria,Quneitra,Zebdine,33.2772,35.6868,10
2024-02,Israel,Lebanon,Lebanon,Al Nabatieh,Aabba,33.3617,35.4026,1
2024-02,Israel,Lebanon,Lebanon,South,Aabbassiye,33.2983,35.2821,1
2024-02,Israel,Lebanon,Lebanon,Al Nabatieh,Aadayseh Marjayoun,33.2544,35.5424,11
2024-02,Israel,Lebanon,Lebanon,Al Nabatieh,Aadchit,33.3477,35.4183,1
2024-02,Israel,Lebanon,Lebanon,Baalbek-Hermel,Aadous,34.0169,36.1543,1
2024-02,Israel,Lebanon,Lebanon,South,Aalma Ech Chaab,33.1042,35.1819,26
2024-02,Israel,Lebanon,Lebanon,Al Nabatieh,Aalmane,33.3019,35.4701,1
2024-02,Israel,Lebanon,Lebanon,South,Ain Zarqa,33.1214,35.2002,4
2024-02,Israel,Lebanon,Lebanon,Al Nabatieh,Ainata,33.1297,35.4409,2
2024-02,Israel,Lebanon,Lebanon,Al Nabatieh,Aita ech Chaab,33.0971,35.3367,34
2024-02,Israel,Lebanon,Lebanon,Al Nabatieh,Aitaroun,33.1153,35.4714,11
2024-02,Israel,Lebanon,Lebanon,Al Nabatieh,Al Wazzani,33.2756,35.6228,19
2024-02,Israel,Lebanon,Lebanon,Al Nabatieh,Arnoun,33.3317,35.5264,1
2024-02,Israel,Lebanon,Lebanon,Al Nabatieh,As Salihani,33.1291,35.3032,2
2024-02,Israel,Lebanon,Lebanon,South,Baisariyeh,33.4444,35.3116,2
2024-02,Israel,Lebanon,Lebanon,Al Nabatieh,Bani Haiyan,33.2431,35.489,3
2024-02,Israel,Lebanon,Lebanon,Al Nabatieh,Baraachit,33.1761,35.4433,2
2024-02,Israel,Lebanon,Lebanon,Al Nabatieh,Beit Lif,33.1328,35.3356,22
2024-02,Israel,Lebanon,Lebanon,Al Nabatieh,Bent Jbeil,33.1194,35.4333,8
2024-02,Israel,Lebanon,Lebanon,Al Nabatieh,Berghoz,33.4126,35.6244,1
2024-02,Israel,Lebanon,Lebanon,South,Berkat Jabbour,33.4735,35.6073,2
2024-02,Israel,Lebanon,Lebanon,Al Nabatieh,Blat,33.3863,35.6003,2
2024-02,Israel,Lebanon,Lebanon,Al Nabatieh,Blida,33.14,35.5147,15
2024-02,Israel,Lebanon,Lebanon,Baalbek-Hermel,Boudai,34.0611,36.0611,1
2024-02,Israel,Lebanon,Lebanon,South,Bouslaiaya,33.5009,35.5129,1
2024-02,Israel,Lebanon,Lebanon,South,Boustane,33.1045,35.2573,11
2024-02,Israel,Lebanon,Lebanon,South,Btaichiye,33.1073,35.2086,1
2024-02,Israel,Lebanon,Lebanon,Al Nabatieh,Chaqra,33.1933,35.4678,1
2024-02,Israel,Lebanon,Lebanon,Al Nabatieh,Chebaa,33.3475,35.7492,8
2024-02,Israel,Lebanon,Lebanon,South,Chihhine,33.1265,35.256,15
2024-02,Israel,Lebanon,Lebanon,Al Nabatieh,Deir Mimas,33.3025,35.5458,1
2024-02,Israel,Lebanon,Lebanon,Al Nabatieh,Deir Siriane,33.292,35.5002,3
2024-02,Israel,Lebanon,Lebanon,South,Ech Chehabiye,33.2431,35.3819,2
2024-02,Israel,Lebanon,Lebanon,South,Ed Dhayra,33.1053,35.2248,31
2024-02,Israel,Lebanon,Lebanon,Al Nabatieh,El Ghandouriyeh,33.2723,35.431,1
2024-02,Israel,Lebanon,Lebanon,Al Nabatieh,El Habbariye,33.3675,35.6975,14
2024-02,Israel,Lebanon,Lebanon,Al Nabatieh,El Hamames,33.2924,35.59,13
2024-02,Israel,Lebanon,Lebanon,Baalbek-Hermel,El Keiyal,34.0144,36.1828,1
2024-02,Israel,Lebanon,Lebanon,South,El Mansouri,33.1786,35.2061,3
2024-02,Israel,Lebanon,Lebanon,Al Nabatieh,El Meri,33.3204,35.6423,2
2024-02,Israel,Lebanon,Lebanon,Al Nabatieh,Es Sedaneh,33.3393,35.7122,1
2024-02,Israel,Lebanon,Lebanon,South,Ez Zahrani,33.4973,35.3401,1
2024-02,Israel,Lebanon,Lebanon,Al Nabatieh,Fradis,33.371,35.6679,9
2024-02,Israel,Lebanon,Lebanon,South,Ghaziyeh,33.5187,35.3663,1
2024-02,Israel,Lebanon,Lebanon,South,Hamoul,33.1232,35.1657,7
2024-02,Israel,Lebanon,Lebanon,Al Nabatieh,Hanine,33.1085,35.3796,3
2024-02,Israel,Lebanon,Lebanon,South,Hanniyeh,33.1902,35.2236,1
2024-02,Israel,Lebanon,Lebanon,Baalbek-Hermel,Haouch Tall Safiye,34.0247,36.1399,2
2024-02,Israel,Lebanon,Lebanon,Al Nabatieh,Harouf,33.3747,35.4419,2
2024-02,Israel,Lebanon,Lebanon,Al Nabatieh,Hasbaya,33.3978,35.685,2
2024-02,Israel,Lebanon,Lebanon,Al Nabatieh,Hilta,33.3088,35.6667,5
2024-02,Israel,Lebanon,Lebanon,Al Nabatieh,Houla,33.2092,35.515,36
2024-02,Israel,Lebanon,Lebanon,Al Nabatieh,Ibl el Saqi,33.3567,35.6264,1
2024-02,Israel,Lebanon,Lebanon,South,Jabal Blat,33.1148,35.2908,22
2024-02,Israel,Lebanon,Lebanon,Al Nabatieh,Jabal Safi,33.4834,35.5404,1
2024-02,Israel,Lebanon,Lebanon,Mount Lebanon,Jadra,33.6308,35.408,1
2024-02,Israel,Lebanon,Lebanon,Al Nabatieh,Jbaa,33.4869,35.5188,1
2024-02,Israel,Lebanon,Lebanon,South,Jebbayn,33.1235,35.2358,32
2024-02,Israel,Lebanon,Lebanon,Al Nabatieh,Jibchit,33.3642,35.4322,1
2024-02,Israel,Lebanon,Lebanon,Al Nabatieh,Kafra,33.1685,35.3412,1
2024-02,Israel,Lebanon,Lebanon,Al Nabatieh,Kaoukaba,33.3983,35.6438,1
2024-02,Israel,Lebanon,Lebanon,Al Nabatieh,Kfar Chouba,33.3278,35.6925,22
2024-02,Israel,Lebanon,Lebanon,Al Nabatieh,Kfar Dounin,33.2393,35.3927,1
2024-02,Israel,Lebanon,Lebanon,Al Nabatieh,Kfar Hamam,33.3439,35.6789,29
2024-02,Israel,Lebanon,Lebanon,South,Kfar Houneh,33.4932,35.5902,1
2024-02,Israel,Lebanon,Lebanon,Al Nabatieh,Kfar Kila,33.2772,35.5517,24
2024-02,Israel,Lebanon,Lebanon,Al Nabatieh,Kfar Roummane,33.3894,35.5017,1
2024-02,Israel,Lebanon,Lebanon,Al Nabatieh,Kfar Tebnit,33.3533,35.5128,1
2024-02,Israel,Lebanon,Lebanon,Al Nabatieh,Kherbet Selm,33.2302,35.4218,2
2024-02,Israel,Lebanon,Lebanon,Al Nabatieh,Khiyam,33.3278,35.6128,21
2024-02,Israel,Lebanon,Lebanon,Al Nabatieh,Khraibe,33.3387,35.6447,1
2024-02,Israel,Lebanon,Lebanon,Al Nabatieh,Kounine,33.1487,35.433,2
2024-02,Israel,Lebanon,Lebanon,South,Labbouneh,33.0977,35.1498,22
2024-02,Israel,Lebanon,Lebanon,South,Maaliyeh,33.2037,35.2416,1
2024-02,Israel,Lebanon,Lebanon,Al Nabatieh,Majdel Selm,33.2222,35.4647,2
2024-02,Israel,Lebanon,Lebanon,South,Majdel Zoun,33.1514,35.2261,13
2024-02,Israel,Lebanon,Lebanon,Al Nabatieh,Marjayoun,33.3603,35.5911,4
2024-02,Israel,Lebanon,Lebanon,Al Nabatieh,Markaba,33.2333,35.513,19
2024-02,Israel,Lebanon,Lebanon,Al Nabatieh,Maroun er Ras,33.1038,35.4444,11
2024-02,Israel,Lebanon,Lebanon,South,Marwahin,33.1086,35.2754,30
2024-02,Israel,Lebanon,Lebanon,South,Matmoura,33.11,35.2184,1
2024-02,Israel,Lebanon,Lebanon,Al Nabatieh,Mays el Jabal,33.1691,35.5234,23
2024-02,Israel,Lebanon,Lebanon,South,Mazraat el Aarqoub,33.4008,35.535,2
2024-02,Israel,Lebanon,Lebanon,Al Nabatieh,Mhaibib,33.1544,35.5052,3
2024-02,Israel,Lebanon,Lebanon,South,Mjadel,33.2286,35.3589,1
2024-02,Israel,Lebanon,Lebanon,Al Nabatieh,Nabatiye,33.3789,35.4839,6
2024-02,Israel,Lebanon,Lebanon,Al Nabatieh,Qabrikha,33.2489,35.4623,4
2024-02,Israel,Lebanon,Lebanon,Al Nabatieh,Qalat Daba,33.1991,35.517,2
2024-02,Israel,Lebanon,Lebanon,South,Qana,33.2088,35.2994,1
2024-02,Israel,Lebanon,Lebanon,Al Nabatieh,Qantara,33.2716,35.4649,2
2024-02,Israel,Lebanon,Lebanon,Al Nabatieh,Qouzah,33.1203,35.3382,2
2024-02,Israel,Lebanon,Lebanon,Al Nabatieh,Rab el Thalathine,33.2482,35.5194,4
2024-02,Israel,Lebanon,Lebanon,Al Nabatieh,Rachaya al Foukhar,33.3541,35.6675,32
2024-02,Israel,Lebanon,Lebanon,Al Nabatieh,Ramieh,33.1108,35.3103,23
2024-02,Israel,Lebanon,Lebanon,Baalbek-Hermel,Ras Baalbek,34.2589,36.4192,1
2024-02,Israel,Lebanon,Lebanon,South,Ras al Naqoura,33.1181,35.1397,23
2024-02,Israel,Lebanon,Lebanon,South,Rihan,33.4445,35.567,1
2024-02,Israel,Lebanon,Lebanon,Al Nabatieh,Rmaysh,33.0783,35.3661,11
2024-02,Israel,Lebanon,Lebanon,South,Saddiqine,33.1906,35.3106,2
2024-02,Israel,Lebanon,Lebanon,South,Sejoud,33.4335,35.5338,1
2024-02,Israel,Lebanon,Lebanon,South,Sidon,33.5599,35.3756,1
2024-02,Israel,Lebanon,Lebanon,South,Sniyeh,33.5156,35.5281,1
2024-02,Israel,Lebanon,Lebanon,Al Nabatieh,Souaneh,33.2335,35.4379,1
2024-02,Israel,Lebanon,Lebanon,South,Sriri,33.4339,35.6253,1
2024-02,Israel,Lebanon,Lebanon,Al Nabatieh,Talouseh,33.2324,35.4851,2
2024-02,Israel,Lebanon,Lebanon,Al Nabatieh,Taybeh,33.2755,35.5179,10
2024-02,Israel,Lebanon,Lebanon,South,Tayr Harfa,33.1285,35.2192,31
2024-02,Israel,Lebanon,Lebanon,South,Tebna,33.4376,35.3407,1
2024-02,Israel,Lebanon,Lebanon,Al Nabatieh,Tebnine,33.194,35.4097,1
2024-02,Israel,Lebanon,Lebanon,Al Nabatieh,Touline,33.2477,35.4482,1
2024-02,Israel,Lebanon,Lebanon,South,Tyr,33.2733,35.1939,1
2024-02,Israel,Lebanon,Lebanon,South,Umm Touteh,33.1085,35.2553,8
2024-02,Israel,Lebanon,Lebanon,Al Nabatieh,Wadi Saluki,33.2154,35.4873,1
2024-02,Israel,Lebanon,Lebanon,South,Yarine,33.1064,35.2324,16
2024-02,Israel,Lebanon,Lebanon,Al Nabatieh,Yaroun,33.0803,35.4225,20
2024-02,Israel,Lebanon,Lebanon,Al Nabatieh,Yater,33.1541,35.3302,3
2024-02,Israel,Lebanon,Lebanon,Al Nabatieh,Yohmor,33.3114,35.5163,1
2024-02,Israel,Lebanon,Lebanon,South,Zalloutieh,33.1092,35.245,2
2024-02,Israel,Lebanon,Lebanon,South,Zebqine,33.1656,35.2669,4
2024-02,Israel,Lebanon,Lebanon,South,Zhalta,33.5108,35.549,1
2024-02,Israel,Quneitra/Golan,Syria,Quneitra,Al Asbah,32.9779,35.8853,1
2024-02,Israel,Syria-other,Syria,Homs,Al Qusayr,34.5078,36.5803,1
2024-02,Israel,Syria-other,Syria,Rural Damascus,Aqraba,33.47,36.3563,1
2024-02,Israel,Syria-other,Syria,Rural Damascus,Babella,33.4709,36.3296,1
2024-02,Israel,Syria-other,Syria,Damascus,Damascus - Dummar,33.5273,36.2467,1
2024-02,Israel,Syria-other,Syria,Damascus,Damascus - Kafr Sousah,33.4899,36.2682,1
2024-02,Israel,Syria-other,Syria,Rural Damascus,Darbal,33.3561,35.9117,1
2024-02,Israel,Syria-other,Syria,Rural Damascus,Dimas,33.5877,36.0922,1
2024-02,Israel,Syria-other,Syria,Rural Damascus,Ghizlaniyyeh,33.4002,36.4534,1
2024-02,Israel,Syria-other,Syria,Rural Damascus,Hina,33.3542,35.9414,1
2024-02,Israel,Syria-other,Syria,Homs,Homs - Al-Mazra'ah,34.7297,36.6565,1
2024-02,Israel,Syria-other,Syria,Homs,Homs - Ghota,34.7328,36.7015,1
2024-02,Israel,Syria-other,Syria,Homs,Homs - Karm Al-Shami,34.7037,36.7048,1
2024-02,Israel,Syria-other,Syria,Homs,Homs - Nuzha,34.7164,36.7184,1
2024-02,Israel,Syria-other,Syria,Homs,Homs - Oras,34.6907,36.7461,1
2024-02,Israel,Syria-other,Syria,Homs,Hosh al Sayed Ali,34.4604,36.4965,1
2024-02,Israel,Syria-other,Syria,Rural Damascus,Jabal al-Sheikh,33.3755,35.9324,1
2024-02,Israel,Syria-other,Syria,Dara,Mahjeh,32.9583,36.2222,1
2024-02,Israel,Syria-other,Syria,Damascus,Mazzeh Military Air Base,33.4779,36.2202,1
2024-02,Israel,Syria-other,Syria,Dara,Nawa,32.8882,36.041,1
2024-02,Israel,Syria-other,Syria,Aleppo,Nayrab Air Base,36.1789,37.2199,1
2024-02,Israel,Syria-other,Syria,Rural Damascus,Qura Al Assad,33.5568,36.1296,1
2024-02,Israel,Syria-other,Syria,Rural Damascus,Sayyeda Zeinab,33.4466,36.3406,1
2024-02,Israel,Syria-other,Syria,Homs,Shayrat Air Base,34.5006,36.8989,1
2024-02,Israel,Syria-other,Syria,Homs,Shinshar,34.6043,36.7214,1
2024-02,Israel,Syria-other,Syria,Rural Damascus,Yalda,33.464,36.3208,1
2024-03,Hezbollah,Israel,Israel,HaZafon,Adamit,33.0797,35.211,1
2024-03,Hezbollah,Israel,Israel,HaZafon,Afula,32.6091,35.2892,1
2024-03,Hezbollah,Israel,Israel,HaZafon,Al Baghdadi,33.1655,35.5478,6
2024-03,Hezbollah,Israel,Israel,HaZafon,Al Jardah,33.0968,35.2184,2
2024-03,Hezbollah,Israel,Israel,HaZafon,Al Manara,33.2005,35.5421,2
2024-03,Hezbollah,Israel,Israel,HaZafon,Al Marj,33.2324,35.5446,6
2024-03,Hezbollah,Israel,Israel,Haifa,Arara,32.4955,35.0941,1
2024-03,Hezbollah,Israel,Israel,HaZafon,Avdon,33.0479,35.18,1
2024-03,Hezbollah,Israel,Israel,HaZafon,Avivim,33.0889,35.4723,5
2024-03,Hezbollah,Israel,Israel,HaZafon,Bayad Blida,33.1405,35.5335,4
2024-03,Hezbollah,Israel,Israel,HaZafon,Betzet,33.0714,35.1347,1
2024-03,Hezbollah,Israel,Israel,HaZafon,Biranit,33.0583,35.3415,5
2024-03,Hezbollah,Israel,Israel,HaZafon,Coast of Rosh HaNikra,33.0941,34.9839,1
2024-03,Hezbollah,Israel,Israel,HaZafon,Dafna,33.2301,35.6387,1
2024-03,Hezbollah,Israel,Israel,HaZafon,Dovev,33.0522,35.4081,2
2024-03,Hezbollah,Israel,Israel,HaZafon,Dvoranit Outpost,33.0915,35.1402,10
2024-03,Hezbollah,Israel,Israel,HaZafon,Elon,33.0637,35.2201,1
2024-03,Hezbollah,Israel,Israel,HaZafon,Gaaton,33.0063,35.2148,1
2024-03,Hezbollah,Israel,Israel,HaZafon,Gesher HaZiv,33.0404,35.1107,1
2024-03,Hezbollah,Israel,Israel,HaZafon,Goren,33.0566,35.2377,1
2024-03,Hezbollah,Israel,Israel,HaZafon,Hadab Yaroun,33.0652,35.4314,9
2024-03,Hezbollah,Israel,Israel,HaZafon,Hanita,33.0875,35.1736,2
2024-03,Hezbollah,Israel,Israel,HaZafon,Hanita Military Post,33.092,35.1771,1
2024-03,Hezbollah,Israel,Israel,HaZafon,Hurfeish,33.0177,35.3461,1
2024-03,Hezbollah,Israel,Israel,HaZafon,Jabal Adather,33.0316,35.3727,1
2024-03,Hezbollah,Israel,Israel,HaZafon,Jabal Nadhir,33.1732,35.5415,2
2024-03,Hezbollah,Israel,Israel,HaZafon,Kefar Blum,33.1717,35.6098,2
2024-03,Hezbollah,Israel,Israel,HaZafon,Kefar Szold,33.1959,35.6584,1
2024-03,Hezbollah,Israel,Israel,HaZafon,Kiryat Shmona,33.2073,35.572,6
2024-03,Hezbollah,Israel,Israel,HaZafon,Liman,33.0602,35.1127,2
2024-03,Hezbollah,Israel,Israel,HaZafon,Liman Barracks,33.0693,35.11,2
2024-03,Hezbollah,Israel,Israel,HaZafon,Livneh Outpost,33.1039,35.3167,1
2024-03,Hezbollah,Israel,Israel,HaZafon,Maalot,33.0129,35.2774,1
2024-03,Hezbollah,Israel,Israel,HaZafon,Maayan Baruch,33.2403,35.609,1
2024-03,Hezbollah,Israel,Israel,HaZafon,Malkiyya,33.0983,35.5108,3
2024-03,Hezbollah,Israel,Israel,HaZafon,Margaliyyot,33.2147,35.5449,9
2024-03,Hezbollah,Israel,Israel,HaZafon,Mattat,33.0413,35.3586,2
2024-03,Hezbollah,Israel,Israel,HaZafon,Menara,33.1969,35.5439,4
2024-03,Hezbollah,Israel,Israel,HaZafon,Meron,32.9878,35.4409,1
2024-03,Hezbollah,Israel,Israel,HaZafon,Metulla,33.2792,35.5795,7
2024-03,Hezbollah,Israel,Israel,HaZafon,Metulla Barracks,33.2749,35.5718,3
2024-03,Hezbollah,Israel,Israel,HaZafon,Misgav Am,33.2474,35.5489,1
2024-03,Hezbollah,Israel,Israel,HaZafon,Mitzpeh Adi Army Base,33.2257,35.5499,3
2024-03,Hezbollah,Israel,Israel,HaZafon,Mount Meron Base,32.9975,35.4123,1
2024-03,Hezbollah,Israel,Israel,HaZafon,Nahariyya,33.0089,35.0981,1
2024-03,Hezbollah,Israel,Israel,HaZafon,Netu'a,33.0646,35.3234,3
2024-03,Hezbollah,Israel,Israel,HaZafon,Nurit Outpost,33.0819,35.3247,10
2024-03,Hezbollah,Israel,Israel,HaZafon,Rakefet Outpost,33.1623,35.5388,1
2024-03,Hezbollah,Israel,Israel,HaZafon,Ramot Naftali,33.1015,35.5532,2
2024-03,Hezbollah,Israel,Israel,HaZafon,Rosh HaNikra,33.0861,35.1135,2
2024-03,Hezbollah,Israel,Israel,HaZafon,She'ar Yashuv,33.2263,35.6467,1
2024-03,Hezbollah,Israel,Israel,HaZafon,Shetula,33.0852,35.3149,5
2024-03,Hezbollah,Israel,Israel,HaZafon,Shlomi,33.0726,35.1458,6
2024-03,Hezbollah,Israel,Israel,HaZafon,Shomera,33.0827,35.2838,1
2024-03,Hezbollah,Israel,Israel,HaZafon,Shomera Armory Camp,33.0832,35.2586,4
2024-03,Hezbollah,Israel,Israel,HaZafon,Snir,33.2407,35.6773,1
2024-03,Hezbollah,Israel,Israel,HaZafon,Talat Al Taihat,33.17,35.5506,5
2024-03,Hezbollah,Israel,Israel,HaZafon,Turmos Outpost,33.1125,35.5078,14
2024-03,Hezbollah,Israel,Israel,HaZafon,Yaara,33.0675,35.187,1
2024-03,Hezbollah,Israel,Israel,HaZafon,Yakinton Outpost,33.095,35.256,8
2024-03,Hezbollah,Israel,Israel,HaZafon,Yesud HaMaala,33.0592,35.6103,1
2024-03,Hezbollah,Israel,Israel,HaZafon,Yiftah,33.1288,35.5523,1
2024-03,Hezbollah,Israel,Israel,HaZafon,Zarit,33.0996,35.2889,4
2024-03,Hezbollah,Israel,Israel,HaZafon,Zarit Barracks,33.1032,35.2906,5
2024-03,Hezbollah,Israel,Israel,HaZafon,Zomet Gome,33.1698,35.5694,1
2024-03,Hezbollah,Lebanon,Lebanon,Al Nabatieh,Kfar Chouba,33.3278,35.6925,1
2024-03,Hezbollah,Lebanon,Lebanon,Al Nabatieh,Qatmoun Valley,33.066,35.3604,2
2024-03,Hezbollah,Lebanon,Lebanon,Al Nabatieh,Tziporen Outpost,33.2084,35.5375,1
2024-03,Hezbollah,Quneitra/Golan,Syria,Quneitra,Al Ramtha,33.2852,35.6903,5
2024-03,Hezbollah,Quneitra/Golan,Syria,Quneitra,Al Samaka,33.2995,35.7021,13
2024-03,Hezbollah,Quneitra/Golan,Syria,Quneitra,Barkhta,33.3021,35.7257,1
2024-03,Hezbollah,Quneitra/Golan,Syria,Quneitra,Ein Qiniyye,33.2371,35.7314,1
2024-03,Hezbollah,Quneitra/Golan,Syria,Quneitra,Ghajar,33.2712,35.6229,2
2024-03,Hezbollah,Quneitra/Golan,Syria,Quneitra,Gladiola Outpost,33.3182,35.7122,20
2024-03,Hezbollah,Quneitra/Golan,Syria,Quneitra,Keila Base,33.1699,35.7174,2
2024-03,Hezbollah,Quneitra/Golan,Syria,Quneitra,Maale Golani Barracks,33.2944,35.7697,2
2024-03,Hezbollah,Quneitra/Golan,Syria,Quneitra,Majdal Shams,33.2655,35.7686,1
2024-03,Hezbollah,Quneitra/Golan,Syria,Quneitra,Radar Post,33.3309,35.7691,7
2024-03,Hezbollah,Quneitra/Golan,Syria,Quneitra,Rwayset Al Qarn,33.2805,35.6735,2
2024-03,Hezbollah,Quneitra/Golan,Syria,Quneitra,Tel Faher Base,33.2138,35.7021,2
2024-03,Hezbollah,Quneitra/Golan,Syria,Quneitra,Yarden Base,32.9885,35.6491,1
2024-03,Hezbollah,Quneitra/Golan,Syria,Quneitra,Yoav Base,33.1572,35.7146,1
2024-03,Hezbollah,Quneitra/Golan,Syria,Quneitra,Zebdine,33.2772,35.6868,13
2024-03,Israel,Lebanon,Lebanon,South,Aabbassiye,33.2983,35.2821,2
2024-03,Israel,Lebanon,Lebanon,Al Nabatieh,Aadayseh Marjayoun,33.2544,35.5424,20
2024-03,Israel,Lebanon,Lebanon,Al Nabatieh,Aadchit,33.3477,35.4183,3
2024-03,Israel,Lebanon,Lebanon,Baalbek-Hermel,Aadous,34.0169,36.1543,1
2024-03,Israel,Lebanon,Lebanon,South,Aalma Ech Chaab,33.1042,35.1819,23
2024-03,Israel,Lebanon,Lebanon,Al Nabatieh,Aarab El Louaizeh,33.2727,35.6127,1
2024-03,Israel,Lebanon,Lebanon,South,Aaziyyeh,33.1835,35.2342,3
2024-03,Israel,Lebanon,Lebanon,South,Abu Shash,33.1281,35.2123,1
2024-03,Israel,Lebanon,Lebanon,South,Ain Zarqa,33.1214,35.2002,1
2024-03,Israel,Lebanon,Lebanon,Al Nabatieh,Aita ech Chaab,33.0971,35.3367,44
2024-03,Israel,Lebanon,Lebanon,Al Nabatieh,Aitaroun,33.1153,35.4714,20
2024-03,Israel,Lebanon,Lebanon,Al Nabatieh,Al Aamra,33.2721,35.5968,1
2024-03,Israel,Lebanon,Lebanon,Baalbek-Hermel,Al Nabi Sheet,33.8731,36.1117,2
2024-03,Israel,Lebanon,Lebanon,Al Nabatieh,Al Wazzani,33.2756,35.6228,22
2024-03,Israel,Lebanon,Lebanon,Al Nabatieh,As Sultaniyah,33.2055,35.4077,1
2024-03,Israel,Lebanon,Lebanon,Al Nabatieh,At Tiri,33.1403,35.4029,2
2024-03,Israel,Lebanon,Lebanon,Baalbek-Hermel,Baalbek,34.0058,36.2181,2
2024-03,Israel,Lebanon,Lebanon,Al Nabatieh,Bani Haiyan,33.2431,35.489,1
2024-03,Israel,Lebanon,Lebanon,Al Nabatieh,Baraachit,33.1761,35.4433,3
2024-03,Israel,Lebanon,Lebanon,Mount Lebanon,Barouk,33.7064,35.6814,1
2024-03,Israel,Lebanon,Lebanon,South,Bazouriyeh,33.2554,35.2731,1
2024-03,Israel,Lebanon,Lebanon,Al Nabatieh,Beit Lif,33.1328,35.3356,3
2024-03,Israel,Lebanon,Lebanon,Al Nabatieh,Beit Yahoun,33.1592,35.4225,1
2024-03,Israel,Lebanon,Lebanon,Al Nabatieh,Bent Jbeil,33.1194,35.4333,5
2024-03,Israel,Lebanon,Lebanon,Al Nabatieh,Berghoz,33.4126,35.6244,3
2024-03,Israel,Lebanon,Lebanon,Al Nabatieh,Blida,33.14,35.5147,18
2024-03,Israel,Lebanon,Lebanon,Al Nabatieh,Borj el Mlouk,33.3215,35.5632,1
2024-03,Israel,Lebanon,Lebanon,Baalbek-Hermel,Boudai,34.0611,36.0611,1
2024-03,Israel,Lebanon,Lebanon,South,Boustane,33.1045,35.2573,2
2024-03,Israel,Lebanon,Lebanon,South,Chamaa,33.1511,35.1995,1
2024-03,Israel,Lebanon,Lebanon,Al Nabatieh,Chebaa,33.3475,35.7492,10
2024-03,Israel,Lebanon,Lebanon,South,Chihhine,33.1265,35.256,5
2024-03,Israel,Lebanon,Lebanon,Baalbek-Hermel,Chmistar,33.9647,36.0175,1
2024-03,Israel,Lebanon,Lebanon,Al Nabatieh,Debl,33.12,35.367,2
2024-03,Israel,Lebanon,Lebanon,Al Nabatieh,Deir Mimas,33.3025,35.5458,4
2024-03,Israel,Lebanon,Lebanon,Al Nabatieh,Deir Siriane,33.292,35.5002,1
2024-03,Israel,Lebanon,Lebanon,Al Nabatieh,Dellafeh,33.4298,35.6458,1
2024-03,Israel,Lebanon,Lebanon,Al Nabatieh,Dibbine,33.3703,35.5953,1
2024-03,Israel,Lebanon,Lebanon,Baalbek-Hermel,Douris,33.9878,36.1792,1
2024-03,Israel,Lebanon,Lebanon,South,Ed Dhayra,33.1053,35.2248,23
2024-03,Israel,Lebanon,Lebanon,Baalbek-Hermel,El Ain,34.2258,36.378,1
2024-03,Israel,Lebanon,Lebanon,Al Nabatieh,El Ghandouriyeh,33.2723,35.431,1
2024-03,Israel,Lebanon,Lebanon,Al Nabatieh,El Habbariye,33.3675,35.6975,3
2024-03,Israel,Lebanon,Lebanon,Al Nabatieh,El Hamames,33.2924,35.59,19
2024-03,Israel,Lebanon,Lebanon,Al Nabatieh,El Majidiye,33.2842,35.6564,3
2024-03,Israel,Lebanon,Lebanon,South,El Mansouri,33.1786,35.2061,2
2024-03,Israel,Lebanon,Lebanon,Al Nabatieh,El Meri,33.3204,35.6423,2
2024-03,Israel,Lebanon,Lebanon,Al Nabatieh,El Qoussair,33.2929,35.4566,1
2024-03,Israel,Lebanon,Lebanon,South,Ez Zahrani,33.4973,35.3401,1
2024-03,Israel,Lebanon,Lebanon,Al Nabatieh,Fradis,33.371,35.6679,2
2024-03,Israel,Lebanon,Lebanon,South,Hamoul,33.1232,35.1657,7
2024-03,Israel,Lebanon,Lebanon,Al Nabatieh,Hanine,33.1085,35.3796,8
2024-03,Israel,Lebanon,Lebanon,Al Nabatieh,Hilta,33.3088,35.6667,6
2024-03,Israel,Lebanon,Lebanon,South,Hosh,33.2434,35.2384,1
2024-03,Israel,Lebanon,Lebanon,Al Nabatieh,Houla,33.2092,35.515,28
2024-03,Israel,Lebanon,Lebanon,Al Nabatieh,Hourah,33.2944,35.5518,1
2024-03,Israel,Lebanon,Lebanon,Baalbek-Hermel,Iaat,34.0369,36.1714,1
2024-03,Israel,Lebanon,Lebanon,South,Jabal Blat,33.1148,35.2908,5
2024-03,Israel,Lebanon,Lebanon,Al Nabatieh,Jbaa,33.4869,35.5188,1
2024-03,Israel,Lebanon,Lebanon,South,Jbal el Botm,33.1739,35.2931,1
2024-03,Israel,Lebanon,Lebanon,South,Jebbayn,33.1235,35.2358,15
2024-03,Israel,Lebanon,Lebanon,Al Nabatieh,Kafra,33.1685,35.3412,7
2024-03,Israel,Lebanon,Lebanon,Al Nabatieh,Kfar Chouba,33.3278,35.6925,9
2024-03,Israel,Lebanon,Lebanon,Al Nabatieh,Kfar Hamam,33.3439,35.6789,8
2024-03,Israel,Lebanon,Lebanon,Al Nabatieh,Kfar Kila,33.2772,35.5517,32
2024-03,Israel,Lebanon,Lebanon,Al Nabatieh,Kherbet Selm,33.2302,35.4218,1
2024-03,Israel,Lebanon,Lebanon,Al Nabatieh,Khiyam,33.3278,35.6128,27
2024-03,Israel,Lebanon,Lebanon,Al Nabatieh,Khraibe,33.3387,35.6447,2
2024-03,Israel,Lebanon,Lebanon,Al Nabatieh,Kounine,33.1487,35.433,10
2024-03,Israel,Lebanon,Lebanon,South,Labbouneh,33.0977,35.1498,21
2024-03,Israel,Lebanon,Lebanon,South,Majdel Zoun,33.1514,35.2261,8
2024-03,Israel,Lebanon,Lebanon,Al Nabatieh,Marjayoun,33.3603,35.5911,10
2024-03,Israel,Lebanon,Lebanon,Al Nabatieh,Markaba,33.2333,35.513,13
2024-03,Israel,Lebanon,Lebanon,Al Nabatieh,Maroun er Ras,33.1038,35.4444,9
2024-03,Israel,Lebanon,Lebanon,South,Marwahin,33.1086,35.2754,15
2024-03,Israel,Lebanon,Lebanon,South,Matmoura,33.11,35.2184,2
2024-03,Israel,Lebanon,Lebanon,Al Nabatieh,Mays el Jabal,33.1691,35.5234,26
2024-03,Israel,Lebanon,Lebanon,Al Nabatieh,Mazraat Sarada,33.2911,35.5996,5
2024-03,Israel,Lebanon,Lebanon,South,Mazraat el Aarqoub,33.4008,35.535,2
2024-03,Israel,Lebanon,Lebanon,Al Nabatieh,Mhaibib,33.1544,35.5052,2
2024-03,Israel,Lebanon,Lebanon,Al Nabatieh,Qabrikha,33.2489,35.4623,7
2024-03,Israel,Lebanon,Lebanon,Al Nabatieh,Qantara,33.2716,35.4649,4
2024-03,Israel,Lebanon,Lebanon,Al Nabatieh,Rab el Thalathine,33.2482,35.5194,3
2024-03,Israel,Lebanon,Lebanon,Al Nabatieh,Rachaya al Foukhar,33.3541,35.6675,12
2024-03,Israel,Lebanon,Lebanon,Al Nabatieh,Ramieh,33.1108,35.3103,20
2024-03,Israel,Lebanon,Lebanon,Baalbek-Hermel,Ras Baalbek,34.2589,36.4192,1
2024-03,Israel,Lebanon,Lebanon,South,Ras al Naqoura,33.1181,35.1397,32
2024-03,Israel,Lebanon,Lebanon,Al Nabatieh,Rchaf,33.1436,35.3632,1
2024-03,Israel,Lebanon,Lebanon,Al Nabatieh,Rmaysh,33.0783,35.3661,7
2024-03,Israel,Lebanon,Lebanon,South,Saddiqine,33.1906,35.3106,2
2024-03,Israel,Lebanon,Lebanon,Al Nabatieh,Salaiyeb,33.2931,35.6309,1
2024-03,Israel,Lebanon,Lebanon,Baalbek-Hermel,Saraain,33.8856,36.0722,1
2024-03,Israel,Lebanon,Lebanon,Baalbek-Hermel,Sifri,33.9207,36.0842,1
2024-03,Israel,Lebanon,Lebanon,Bekaa,Souairi,33.7201,35.843,1
2024-03,Israel,Lebanon,Lebanon,South,Sriri,33.4339,35.6253,1
2024-03,Israel,Lebanon,Lebanon,Al Nabatieh,Talouseh,33.2324,35.4851,2
2024-03,Israel,Lebanon,Lebanon,Baalbek-Hermel,Taraiyya,33.9871,36.0089,1
2024-03,Israel,Lebanon,Lebanon,Al Nabatieh,Taybeh,33.2755,35.5179,11
2024-03,Israel,Lebanon,Lebanon,Baalbek-Hermel,Taybeh,33.9583,36.1661,1
2024-03,Israel,Lebanon,Lebanon,South,Tayr Harfa,33.1285,35.2192,29
2024-03,Israel,Lebanon,Lebanon,Al Nabatieh,Tell en Nhas,33.3125,35.5666,1
2024-03,Israel,Lebanon,Lebanon,South,Tyr,33.2733,35.1939,1
2024-03,Israel,Lebanon,Lebanon,South,Umm Touteh,33.1085,35.2553,1
2024-03,Israel,Lebanon,Lebanon,Baalbek-Hermel,Wadi Faara,34.278,36.2791,2
2024-03,Israel,Lebanon,Lebanon,South,Yarine,33.1064,35.2324,9
2024-03,Israel,Lebanon,Lebanon,Al Nabatieh,Yaroun,33.0803,35.4225,18
2024-03,Israel,Lebanon,Lebanon,Al Nabatieh,Yater,33.1541,35.3302,3
2024-03,Israel,Lebanon,Lebanon,Baalbek-Hermel,Zabboud,34.2414,36.319,1
2024-03,Israel,Lebanon,Lebanon,South,Zebqine,33.1656,35.2669,4
2024-03,Israel,Quneitra/Golan,Syria,Quneitra,Ein Al-Nuriyah,33.2132,35.9001,1
2024-03,Israel,Quneitra/Golan,Syria,Quneitra,Rafid,32.9564,35.9014,1
2024-03,Israel,Quneitra/Golan,Syria,Quneitra,Shebaa Farms,33.2833,35.7,1
2024-03,Israel,Quneitra/Golan,Syria,Quneitra,Western Tall al Ahmar,32.9973,35.8833,1
2024-03,Israel,Syria-other,Syria,Deir ez Zor,Al Mayadin,35.0248,40.428,1
2024-03,Israel,Syria-other,Syria,Aleppo,Al Safira Military Base and Defence Factories,36.0538,37.3379,1
2024-03,Israel,Syria-other,Syria,Deir ez Zor,Al-Bukamal - Unspecified,34.4546,40.9116,1
2024-03,Israel,Syria-other,Syria,Aleppo,Aleppo - Jibreen,36.183,37.2547,1
2024-03,Israel,Syria-other,Syria,Deir ez Zor,Ayyash,35.4206,40.0526,1
2024-03,Israel,Syria-other,Syria,Rural Damascus,Bahdaliyah,33.4338,36.3561,1
2024-03,Israel,Syria-other,Syria,Tartous,Banyas,35.1984,35.9634,1
2024-03,Israel,Syria-other,Syria,Deir ez Zor,Deir-ez-Zor - Al-Qosor,35.3379,40.1268,1
2024-03,Israel,Syria-other,Syria,Rural Damascus,Jamraya,33.5689,36.2326,1
2024-03,Israel,Syria-other,Syria,Rural Damascus,Jdaydat al-Shaybani,33.5709,36.1866,1
2024-03,Israel,Syria-other,Syria,Deir ez Zor,Salhiyeh,34.721,40.755,1
2024-03,Israel,Syria-other,Syria,Deir ez Zor,Shibli Farms,35.0018,40.3972,1
2024-03,Israel,Syria-other,Syria,Deir ez Zor,Sweiyeh,34.4339,40.9336,1
2024-03,Israel,Syria-other,Syria,Dara,Tal Um Horan,32.9265,36.0516,1
2024-03,Israel,Syria-other,Syria,Dara,Tall al Jumou,32.8605,35.9977,1
2024-03,Israel,Syria-other,Syria,Rural Damascus,Yabroud,33.9683,36.6594,2
2024-03,Israel,Syria-other,Syria,Dara,Yarmouk Basin,32.8095,35.8949,1
2024-04,Hezbollah,Israel,Israel,HaZafon,Adamit,33.0797,35.211,2
2024-04,Hezbollah,Israel,Israel,HaZafon,Ain Margaliot,33.2077,35.5581,1
2024-04,Hezbollah,Israel,Israel,HaZafon,Al Baghdadi,33.1655,35.5478,4
2024-04,Hezbollah,Israel,Israel,HaZafon,Al Jardah,33.0968,35.2184,1
2024-04,Hezbollah,Israel,Israel,HaZafon,Al Manara,33.2005,35.5421,1
2024-04,Hezbollah,Israel,Israel,HaZafon,Al Marj,33.2324,35.5446,3
2024-04,Hezbollah,Israel,Israel,HaZafon,Aramsha,33.0878,35.2284,4
2024-04,Hezbollah,Israel,Israel,HaZafon,Avivim,33.0889,35.4723,2
2024-04,Hezbollah,Israel,Israel,HaZafon,Bayad Blida,33.1405,35.5335,3
2024-04,Hezbollah,Israel,Israel,HaZafon,Beit Hillel,33.2086,35.607,3
2024-04,Hezbollah,Israel,Israel,HaZafon,Biranit,33.0583,35.3415,4
2024-04,Hezbollah,Israel,Israel,HaZafon,Dovev,33.0522,35.4081,1
2024-04,Hezbollah,Israel,Israel,HaZafon,Dovev Barracks,33.0578,35.4002,2
2024-04,Hezbollah,Israel,Israel,HaZafon,Dvoranit Outpost,33.0915,35.1402,4
2024-04,Hezbollah,Israel,Israel,HaZafon,Ein Zeitim Base,32.9948,35.4851,1
2024-04,Hezbollah,Israel,Israel,HaZafon,Even Menahem,33.0742,35.294,2
2024-04,Hezbollah,Israel,Israel,HaZafon,Gaaton Base,33.0052,35.1894,1
2024-04,Hezbollah,Israel,Israel,HaZafon,Gesher HaZiv,33.0404,35.1107,2
2024-04,Hezbollah,Israel,Israel,HaZafon,Hadab Yaroun,33.0652,35.4314,5
2024-04,Hezbollah,Israel,Israel,HaZafon,Hanita,33.0875,35.1736,5
2024-04,Hezbollah,Israel,Israel,HaZafon,Hanita Military Post,33.092,35.1771,3
2024-04,Hezbollah,Israel,Israel,HaZafon,Jabal Adather,33.0316,35.3727,1
2024-04,Hezbollah,Israel,Israel,HaZafon,Kefar Blum,33.1717,35.6098,1
2024-04,Hezbollah,Israel,Israel,HaZafon,Kefar Hoshen,33.0121,35.4405,1
2024-04,Hezbollah,Israel,Israel,HaZafon,Khilet Warda,33.0966,35.318,1
2024-04,Hezbollah,Israel,Israel,HaZafon,Kiryat Shmona,33.2073,35.572,5
2024-04,Hezbollah,Israel,Israel,HaZafon,Liman Barracks,33.0693,35.11,2
2024-04,Hezbollah,Israel,Israel,HaZafon,Livneh Outpost,33.1039,35.3167,2
2024-04,Hezbollah,Israel,Israel,HaZafon,Maayan Baruch,33.2403,35.609,1
2024-04,Hezbollah,Israel,Israel,HaZafon,Malkiyya,33.0983,35.5108,1
2024-04,Hezbollah,Israel,Israel,HaZafon,Margaliyyot,33.2147,35.5449,2
2024-04,Hezbollah,Israel,Israel,HaZafon,Mattat,33.0413,35.3586,1
2024-04,Hezbollah,Israel,Israel,HaZafon,Mattat Barracks,33.0431,35.3619,1
2024-04,Hezbollah,Israel,Israel,HaZafon,Menara,33.1969,35.5439,4
2024-04,Hezbollah,Israel,Israel,HaZafon,Meron,32.9878,35.4409,2
2024-04,Hezbollah,Israel,Israel,HaZafon,Metulla,33.2792,35.5795,8
2024-04,Hezbollah,Israel,Israel,HaZafon,Metulla Barracks,33.2749,35.5718,2
2024-04,Hezbollah,Israel,Israel,HaZafon,Misgav Am,33.2474,35.5489,3
2024-04,Hezbollah,Israel,Israel,HaZafon,Mitzpeh Adi Army Base,33.2257,35.5499,3
2024-04,Hezbollah,Israel,Israel,HaZafon,Mount Meron Base,32.9975,35.4123,2
2024-04,Hezbollah,Israel,Israel,HaZafon,Netu'a,33.0646,35.3234,1
2024-04,Hezbollah,Israel,Israel,HaZafon,Nurit Outpost,33.0819,35.3247,5
2024-04,Hezbollah,Israel,Israel,HaZafon,Rakefet Outpost,33.1623,35.5388,4
2024-04,Hezbollah,Israel,Israel,HaZafon,Ramot Naftali,33.1015,35.5532,2
2024-04,Hezbollah,Israel,Israel,HaZafon,Rosh HaNikra,33.0861,35.1135,3
2024-04,Hezbollah,Israel,Israel,HaZafon,Rosh HaNikra Naval Base,33.0929,35.1061,1
2024-04,Hezbollah,Israel,Israel,HaZafon,Sasa,33.0272,35.3941,1
2024-04,Hezbollah,Israel,Israel,HaZafon,Shetula,33.0852,35.3149,4
2024-04,Hezbollah,Israel,Israel,HaZafon,Shlomi,33.0726,35.1458,5
2024-04,Hezbollah,Israel,Israel,HaZafon,Shomera,33.0827,35.2838,5
2024-04,Hezbollah,Israel,Israel,HaZafon,Shomera Armory Camp,33.0832,35.2586,2
2024-04,Hezbollah,Israel,Israel,HaZafon,Shraga Barracks,32.963,35.0918,1
2024-04,Hezbollah,Israel,Israel,HaZafon,Snir,33.2407,35.6773,1
2024-04,Hezbollah,Israel,Israel,HaZafon,Turmos Outpost,33.1125,35.5078,5
2024-04,Hezbollah,Israel,Israel,HaZafon,Yaara,33.0675,35.187,3
2024-04,Hezbollah,Israel,Israel,HaZafon,Yakinton Outpost,33.095,35.256,1
2024-04,Hezbollah,Israel,Israel,HaZafon,Yiron,33.0776,35.4546,2
2024-04,Hezbollah,Israel,Israel,HaZafon,Zarit,33.0996,35.2889,1
2024-04,Hezbollah,Israel,Israel,HaZafon,Zarit Barracks,33.1032,35.2906,1
2024-04,Hezbollah,Lebanon,Lebanon,Al Nabatieh,Chebaa,33.3475,35.7492,3
2024-04,Hezbollah,Lebanon,Lebanon,Al Nabatieh,Kfar Chouba,33.3278,35.6925,6
2024-04,Hezbollah,Lebanon,Lebanon,South,Labbouneh,33.0977,35.1498,1
2024-04,Hezbollah,Quneitra/Golan,Syria,Quneitra,Al Ramtha,33.2852,35.6903,3
2024-04,Hezbollah,Quneitra/Golan,Syria,Quneitra,Al Samaka,33.2995,35.7021,10
2024-04,Hezbollah,Quneitra/Golan,Syria,Quneitra,Ghajar,33.2712,35.6229,1
2024-04,Hezbollah,Quneitra/Golan,Syria,Quneitra,Gladiola Outpost,33.3182,35.7122,18
2024-04,Hezbollah,Quneitra/Golan,Syria,Quneitra,Habushit,33.3088,35.757,1
2024-04,Hezbollah,Quneitra/Golan,Syria,Quneitra,Keila Base,33.1699,35.7174,2
2024-04,Hezbollah,Quneitra/Golan,Syria,Quneitra,Maale Golani Barracks,33.2944,35.7697,1
2024-04,Hezbollah,Quneitra/Golan,Syria,Quneitra,Radar Post,33.3309,35.7691,7
2024-04,Hezbollah,Quneitra/Golan,Syria,Quneitra,Rwayset Al Qarn,33.2805,35.6735,1
2024-04,Hezbollah,Quneitra/Golan,Syria,Quneitra,Tel Faher Base,33.2138,35.7021,1
2024-04,Hezbollah,Quneitra/Golan,Syria,Quneitra,Yarden Base,32.9885,35.6491,1
2024-04,Hezbollah,Quneitra/Golan,Syria,Quneitra,Yitzak Base,33.0519,35.7336,1
2024-04,Hezbollah,Quneitra/Golan,Syria,Quneitra,Yoav Base,33.1572,35.7146,1
2024-04,Hezbollah,Quneitra/Golan,Syria,Quneitra,Zebdine,33.2772,35.6868,11
2024-04,Israel,Lebanon,Lebanon,South,Aabbassiye,33.2983,35.2821,1
2024-04,Israel,Lebanon,Lebanon,Al Nabatieh,Aadayseh Marjayoun,33.2544,35.5424,14
2024-04,Israel,Lebanon,Lebanon,Al Nabatieh,Aadchit,33.3477,35.4183,1
2024-04,Israel,Lebanon,Lebanon,South,Aadloun,33.4061,35.2741,1
2024-04,Israel,Lebanon,Lebanon,South,Aalma Ech Chaab,33.1042,35.1819,29
2024-04,Israel,Lebanon,Lebanon,South,Aaychiyeh,33.4089,35.5567,2
2024-04,Israel,Lebanon,Lebanon,South,Aaziyyeh,33.1835,35.2342,1
2024-04,Israel,Lebanon,Lebanon,South,Abu Shash,33.1281,35.2123,1
2024-04,Israel,Lebanon,Lebanon,South,Ain Baal,33.2331,35.2697,1
2024-04,Israel,Lebanon,Lebanon,South,Ain Zarqa,33.1214,35.2002,1
2024-04,Israel,Lebanon,Lebanon,Al Nabatieh,Ainata,33.1297,35.4409,3
2024-04,Israel,Lebanon,Lebanon,Al Nabatieh,Aita ech Chaab,33.0971,35.3367,33
2024-04,Israel,Lebanon,Lebanon,Al Nabatieh,Aitaroun,33.1153,35.4714,13
2024-04,Israel,Lebanon,Lebanon,Baalbek-Hermel,Al Nabi Sheet,33.8731,36.1117,1
2024-04,Israel,Lebanon,Lebanon,Al Nabatieh,Al Wazzani,33.2756,35.6228,7
2024-04,Israel,Lebanon,Lebanon,South,Aramta,33.4618,35.5744,2
2024-04,Israel,Lebanon,Lebanon,Al Nabatieh,Arnoun,33.3317,35.5264,1
2024-04,Israel,Lebanon,Lebanon,South,Arzoun,33.2828,35.3769,1
2024-04,Israel,Lebanon,Lebanon,Al Nabatieh,As Salihani,33.1291,35.3032,1
2024-04,Israel,Lebanon,Lebanon,Al Nabatieh,As Sultaniyah,33.2055,35.4077,1
2024-04,Israel,Lebanon,Lebanon,Al Nabatieh,Beit Lif,33.1328,35.3356,8
2024-04,Israel,Lebanon,Lebanon,Al Nabatieh,Bent Jbeil,33.1194,35.4333,1
2024-04,Israel,Lebanon,Lebanon,Al Nabatieh,Berghoz,33.4126,35.6244,7
2024-04,Israel,Lebanon,Lebanon,South,Berkat Jabbour,33.4735,35.6073,3
2024-04,Israel,Lebanon,Lebanon,Al Nabatieh,Blat,33.3863,35.6003,1
2024-04,Israel,Lebanon,Lebanon,Al Nabatieh,Blida,33.14,35.5147,11
2024-04,Israel,Lebanon,Lebanon,Al Nabatieh,Borj el Mlouk,33.3215,35.5632,1
2024-04,Israel,Lebanon,Lebanon,South,Boustane,33.1045,35.2573,6
2024-04,Israel,Lebanon,Lebanon,South,Chaaytiye,33.1966,35.2654,1
2024-04,Israel,Lebanon,Lebanon,Al Nabatieh,Chaqra,33.1933,35.4678,1
2024-04,Israel,Lebanon,Lebanon,Al Nabatieh,Chebaa,33.3475,35.7492,16
2024-04,Israel,Lebanon,Lebanon,South,Chihhine,33.1265,35.256,5
2024-04,Israel,Lebanon,Lebanon,South,Coast of Ras al Naqoura,33.127,35.1293,1
2024-04,Israel,Lebanon,Lebanon,Al Nabatieh,Debl,33.12,35.367,3
2024-04,Israel,Lebanon,Lebanon,South,Deir Kifa,33.2572,35.3986,1
2024-04,Israel,Lebanon,Lebanon,Al Nabatieh,Deir Mimas,33.3025,35.5458,9
2024-04,Israel,Lebanon,Lebanon,Al Nabatieh,Deir Siriane,33.292,35.5002,1
2024-04,Israel,Lebanon,Lebanon,Al Nabatieh,Dellafeh,33.4298,35.6458,1
2024-04,Israel,Lebanon,Lebanon,Baalbek-Hermel,Douris,33.9878,36.1792,1
2024-04,Israel,Lebanon,Lebanon,South,Ech Chehabiye,33.2431,35.3819,1
2024-04,Israel,Lebanon,Lebanon,South,Ed Dhayra,33.1053,35.2248,26
2024-04,Israel,Lebanon,Lebanon,Al Nabatieh,El Habbariye,33.3675,35.6975,6
2024-04,Israel,Lebanon,Lebanon,Al Nabatieh,El Hamames,33.2924,35.59,8
2024-04,Israel,Lebanon,Lebanon,Al Nabatieh,El Majidiye,33.2842,35.6564,1
2024-04,Israel,Lebanon,Lebanon,South,El Mansouri,33.1786,35.2061,5
2024-04,Israel,Lebanon,Lebanon,Al Nabatieh,El Meri,33.3204,35.6423,2
2024-04,Israel,Lebanon,Lebanon,Al Nabatieh,Fradis,33.371,35.6679,7
2024-04,Israel,Lebanon,Lebanon,South,Hamoul,33.1232,35.1657,3
2024-04,Israel,Lebanon,Lebanon,Al Nabatieh,Hanine,33.1085,35.3796,13
2024-04,Israel,Lebanon,Lebanon,Al Nabatieh,Hasbaya,33.3978,35.685,1
2024-04,Israel,Lebanon,Lebanon,Al Nabatieh,Hilta,33.3088,35.6667,8
2024-04,Israel,Lebanon,Lebanon,Al Nabatieh,Houla,33.2092,35.515,25
2024-04,Israel,Lebanon,Lebanon,Baalbek-Hermel,Iaat,34.0369,36.1714,1
2024-04,Israel,Lebanon,Lebanon,Al Nabatieh,Ibl el Saqi,33.3567,35.6264,1
2024-04,Israel,Lebanon,Lebanon,South,Jabal Blat,33.1148,35.2908,7
2024-04,Israel,Lebanon,Lebanon,Al Nabatieh,Jabal Safi,33.4834,35.5404,1
2024-04,Israel,Lebanon,Lebanon,South,Jannata,33.2892,35.3189,1
2024-04,Israel,Lebanon,Lebanon,Al Nabatieh,Jbaa,33.4869,35.5188,2
2024-04,Israel,Lebanon,Lebanon,South,Jbal el Botm,33.1739,35.2931,1
2024-04,Israel,Lebanon,Lebanon,South,Jebbayn,33.1235,35.2358,13
2024-04,Israel,Lebanon,Lebanon,Baalbek-Hermel,Jenta,33.8575,36.1075,1
2024-04,Israel,Lebanon,Lebanon,Al Nabatieh,Kafra,33.1685,35.3412,2
2024-04,Israel,Lebanon,Lebanon,Al Nabatieh,Kaoukaba,33.3983,35.6438,2
2024-04,Israel,Lebanon,Lebanon,Al Nabatieh,Kfar Chouba,33.3278,35.6925,18
2024-04,Israel,Lebanon,Lebanon,Al Nabatieh,Kfar Hamam,33.3439,35.6789,13
2024-04,Israel,Lebanon,Lebanon,Al Nabatieh,Kfar Kila,33.2772,35.5517,24
2024-04,Israel,Lebanon,Lebanon,Al Nabatieh,Khiyam,33.3278,35.6128,28
2024-04,Israel,Lebanon,Lebanon,Al Nabatieh,Khraibe,33.3387,35.6447,3
2024-04,Israel,Lebanon,Lebanon,Al Nabatieh,Kounine,33.1487,35.433,1
2024-04,Israel,Lebanon,Lebanon,South,Labbouneh,33.0977,35.1498,17
2024-04,Israel,Lebanon,Lebanon,South,Mahmoudiya,33.3868,35.5523,1
2024-04,Israel,Lebanon,Lebanon,South,Majdel Zoun,33.1514,35.2261,8
2024-04,Israel,Lebanon,Lebanon,Al Nabatieh,Marjayoun,33.3603,35.5911,8
2024-04,Israel,Lebanon,Lebanon,Al Nabatieh,Markaba,33.2333,35.513,13
2024-04,Israel,Lebanon,Lebanon,Al Nabatieh,Maroun er Ras,33.1038,35.4444,14
2024-04,Israel,Lebanon,Lebanon,South,Marwahin,33.1086,35.2754,11
2024-04,Israel,Lebanon,Lebanon,South,Matmoura,33.11,35.2184,2
2024-04,Israel,Lebanon,Lebanon,Al Nabatieh,Mays el Jabal,33.1691,35.5234,14
2024-04,Israel,Lebanon,Lebanon,Al Nabatieh,Mazraat el Hamra,33.3249,35.4942,1
2024-04,Israel,Lebanon,Lebanon,Bekaa,Meidoun,33.4694,35.6408,1
2024-04,Israel,Lebanon,Lebanon,Al Nabatieh,Nabatiye,33.3789,35.4839,1
2024-04,Israel,Lebanon,Lebanon,Al Nabatieh,Qalat Daba,33.1991,35.517,1
2024-04,Israel,Lebanon,Lebanon,South,Qatrani,33.4402,35.6036,1
2024-04,Israel,Lebanon,Lebanon,Al Nabatieh,Qlayaa,33.3347,35.5709,2
2024-04,Israel,Lebanon,Lebanon,Al Nabatieh,Qouzah,33.1203,35.3382,2
2024-04,Israel,Lebanon,Lebanon,Al Nabatieh,Rab el Thalathine,33.2482,35.5194,2
2024-04,Israel,Lebanon,Lebanon,Al Nabatieh,Rachaya al Foukhar,33.3541,35.6675,15
2024-04,Israel,Lebanon,Lebanon,Al Nabatieh,Ramieh,33.1108,35.3103,13
2024-04,Israel,Lebanon,Lebanon,South,Ras al Naqoura,33.1181,35.1397,21
2024-04,Israel,Lebanon,Lebanon,Bekaa,Rashayya,33.5009,35.8437,1
2024-04,Israel,Lebanon,Lebanon,South,Rihan,33.4445,35.567,5
2024-04,Israel,Lebanon,Lebanon,Al Nabatieh,Rmaysh,33.0783,35.3661,4
2024-04,Israel,Lebanon,Lebanon,South,Saddiqine,33.1906,35.3106,2
2024-04,Israel,Lebanon,Lebanon,Baalbek-Hermel,Saraain,33.8856,36.0722,1
2024-04,Israel,Lebanon,Lebanon,South,Sarafand,33.4495,35.2995,1
2024-04,Israel,Lebanon,Lebanon,Baalbek-Hermel,Sifri,33.9207,36.0842,1
2024-04,Israel,Lebanon,Lebanon,Al Nabatieh,Souaneh,33.2335,35.4379,2
2024-04,Israel,Lebanon,Lebanon,Al Nabatieh,Srebbine,33.1542,35.3586,2
2024-04,Israel,Lebanon,Lebanon,South,Srifa,33.2817,35.3971,1
2024-04,Israel,Lebanon,Lebanon,South,Sriri,33.4339,35.6253,5
2024-04,Israel,Lebanon,Lebanon,Al Nabatieh,Tallit el Azziye,33.293,35.5419,2
2024-04,Israel,Lebanon,Lebanon,Al Nabatieh,Taybeh,33.2755,35.5179,5
2024-04,Israel,Lebanon,Lebanon,South,Tayr Harfa,33.1285,35.2192,27
2024-04,Israel,Lebanon,Lebanon,Al Nabatieh,Tell en Nhas,33.3125,35.5666,2
2024-04,Israel,Lebanon,Lebanon,South,Toura,33.2931,35.2984,1
2024-04,Israel,Lebanon,Lebanon,South,Tyr,33.2733,35.1939,1
2024-04,Israel,Lebanon,Lebanon,South,Wardiyeh,33.405,35.5936,1
2024-04,Israel,Lebanon,Lebanon,South,Yarine,33.1064,35.2324,16
2024-04,Israel,Lebanon,Lebanon,Al Nabatieh,Yaroun,33.0803,35.4225,20
2024-04,Israel,Lebanon,Lebanon,Al Nabatieh,Yater,33.1541,35.3302,3
2024-04,Israel,Lebanon,Lebanon,Al Nabatieh,Yohmor,33.3114,35.5163,1
2024-04,Israel,Lebanon,Lebanon,South,Zalloutieh,33.1092,35.245,2
2024-04,Israel,Lebanon,Lebanon,South,Zebqine,33.1656,35.2669,6
2024-04,Israel,Quneitra/Golan,Syria,Quneitra,Ma'laqa,32.9117,35.8911,1
2024-04,Israel,Quneitra/Golan,Syria,Quneitra,Rafid,32.9564,35.9014,1
2024-04,Israel,Syria-other,Syria,Dara,82nd Brigade Radar Base,32.8504,36.1424,1
2024-04,Israel,Syria-other,Syria,As Sweida,Al Thaalah Military Air Base,32.7044,36.4143,1
2024-04,Israel,Syria-other,Syria,Damascus,Damascus - Mazzeh,33.4999,36.2476,1
2024-04,Israel,Syria-other,Syria,Dara,Maariya,32.7647,35.8006,1
2024-04,Israel,Syria-other,Syria,Dara,Mahjeh,32.9583,36.2222,1
2024-04,Israel,Syria-other,Syria,Dara,Tall al Jabiyah,32.9199,36.0,2
2024-05,Hezbollah,Israel,Israel,HaZafon,Adamit,33.0797,35.211,1
2024-05,Hezbollah,Israel,Israel,HaZafon,Al Baghdadi,33.1655,35.5478,5
2024-05,Hezbollah,Israel,Israel,HaZafon,Al Jardah,33.0968,35.2184,2
2024-05,Hezbollah,Israel,Israel,HaZafon,Al Marj,33.2324,35.5446,6
2024-05,Hezbollah,Israel,Israel,HaZafon,Avivim,33.0889,35.4723,5
2024-05,Hezbollah,Israel,Israel,HaZafon,Ayelet HaShahar,33.0222,35.5772,1
2024-05,Hezbollah,Israel,Israel,HaZafon,Baram,33.0592,35.4338,1
2024-05,Hezbollah,Israel,Israel,HaZafon,Bayad Blida,33.1405,35.5335,4
2024-05,Hezbollah,Israel,Israel,HaZafon,Beit Hillel,33.2086,35.607,4
2024-05,Hezbollah,Israel,Israel,HaZafon,Beit Hillel Base,33.2231,35.6017,1
2024-05,Hezbollah,Israel,Israel,HaZafon,Biranit,33.0583,35.3415,10
2024-05,Hezbollah,Israel,Israel,HaZafon,Dalton,33.0164,35.489,1
2024-05,Hezbollah,Israel,Israel,HaZafon,Dishon,33.0814,35.5174,1
2024-05,Hezbollah,Israel,Israel,HaZafon,Dovev,33.0522,35.4081,1
2024-05,Hezbollah,Israel,Israel,HaZafon,Dvoranit Outpost,33.0915,35.1402,10
2024-05,Hezbollah,Israel,Israel,HaZafon,Eilit Base,33.0236,35.5485,1
2024-05,Hezbollah,Israel,Israel,HaZafon,Ein Yaakov,33.0098,35.2298,1
2024-05,Hezbollah,Israel,Israel,HaZafon,Even Menahem,33.0742,35.294,1
2024-05,Hezbollah,Israel,Israel,HaZafon,Fassuta,33.049,35.3089,1
2024-05,Hezbollah,Israel,Israel,HaZafon,Gaaton,33.0063,35.2148,2
2024-05,Hezbollah,Israel,Israel,HaZafon,Hadab Yaroun,33.0652,35.4314,5
2024-05,Hezbollah,Israel,Israel,HaZafon,Hazor HaGlilit,32.9805,35.5424,1
2024-05,Hezbollah,Israel,Israel,HaZafon,Jabal Adather,33.0316,35.3727,2
2024-05,Hezbollah,Israel,Israel,HaZafon,Jal Al Deir,33.0921,35.4896,1
2024-05,Hezbollah,Israel,Israel,HaZafon,Julis,32.9427,35.1828,1
2024-05,Hezbollah,Israel,Israel,HaZafon,Kefar Giladi,33.2423,35.5752,4
2024-05,Hezbollah,Israel,Israel,HaZafon,Kefar Hoshen,33.0121,35.4405,1
2024-05,Hezbollah,Israel,Israel,HaZafon,Kefar Yuval,33.2475,35.5981,4
2024-05,Hezbollah,Israel,Israel,HaZafon,Kiryat Shmona,33.2073,35.572,11
2024-05,Hezbollah,Israel,Israel,HaZafon,Liman Barracks,33.0693,35.11,2
2024-05,Hezbollah,Israel,Israel,HaZafon,Livneh Outpost,33.1039,35.3167,9
2024-05,Hezbollah,Israel,Israel,HaZafon,Maayan Baruch,33.2403,35.609,2
2024-05,Hezbollah,Israel,Israel,HaZafon,Malkiyya,33.0983,35.5108,5
2024-05,Hezbollah,Israel,Israel,HaZafon,Margaliyyot,33.2147,35.5449,6
2024-05,Hezbollah,Israel,Israel,HaZafon,Menara,33.1969,35.5439,7
2024-05,Hezbollah,Israel,Israel,HaZafon,Meron,32.9878,35.4409,1
2024-05,Hezbollah,Israel,Israel,HaZafon,Metulla,33.2792,35.5795,13
2024-05,Hezbollah,Israel,Israel,HaZafon,Metulla Barracks,33.2749,35.5718,4
2024-05,Hezbollah,Israel,Israel,HaZafon,Mi'ilya,33.0271,35.2562,1
2024-05,Hezbollah,Israel,Israel,HaZafon,Misgav Am,33.2474,35.5489,4
2024-05,Hezbollah,Israel,Israel,HaZafon,Mitzpeh Adi Army Base,33.2257,35.5499,3
2024-05,Hezbollah,Israel,Israel,HaZafon,Mount Meron Base,32.9975,35.4123,4
2024-05,Hezbollah,Israel,Israel,HaZafon,Naftali Camp,32.7595,35.4165,1
2024-05,Hezbollah,Israel,Israel,HaZafon,Nahariyya,33.0089,35.0981,1
2024-05,Hezbollah,Israel,Israel,HaZafon,Neot Mordechai,33.1603,35.5966,1
2024-05,Hezbollah,Israel,Israel,HaZafon,Netu'a,33.0646,35.3234,1
2024-05,Hezbollah,Israel,Israel,HaZafon,Nurit Outpost,33.0819,35.3247,13
2024-05,Hezbollah,Israel,Israel,HaZafon,Rakefet Outpost,33.1623,35.5388,1
2024-05,Hezbollah,Israel,Israel,HaZafon,Ramot Naftali,33.1015,35.5532,3
2024-05,Hezbollah,Israel,Israel,HaZafon,Rosh HaNikra,33.0861,35.1135,2
2024-05,Hezbollah,Israel,Israel,HaZafon,Rosh HaNikra Naval Base,33.0929,35.1061,2
2024-05,Hezbollah,Israel,Israel,HaZafon,Sadah,33.09,35.4462,1
2024-05,Hezbollah,Israel,Israel,HaZafon,Safed,32.9647,35.496,1
2024-05,Hezbollah,Israel,Israel,HaZafon,Shetula,33.0852,35.3149,7
2024-05,Hezbollah,Israel,Israel,HaZafon,Shlomi,33.0726,35.1458,3
2024-05,Hezbollah,Israel,Israel,HaZafon,Shomera,33.0827,35.2838,1
2024-05,Hezbollah,Israel,Israel,HaZafon,Shomera Armory Camp,33.0832,35.2586,2
2024-05,Hezbollah,Israel,Israel,HaZafon,Snir,33.2407,35.6773,1
2024-05,Hezbollah,Israel,Israel,HaZafon,Talat Al Taihat,33.17,35.5506,2
2024-05,Hezbollah,Israel,Israel,HaZafon,Tel Hai Industrial Park,33.2352,35.5834,1
2024-05,Hezbollah,Israel,Israel,HaZafon,Turmos Outpost,33.1125,35.5078,9
2024-05,Hezbollah,Israel,Israel,HaZafon,Tzivon,33.0263,35.4158,1
2024-05,Hezbollah,Israel,Israel,HaZafon,Yaara,33.0675,35.187,1
2024-05,Hezbollah,Israel,Israel,HaZafon,Yakinton Outpost,33.095,35.256,1
2024-05,Hezbollah,Israel,Israel,HaZafon,Yehiam,32.9967,35.221,1
2024-05,Hezbollah,Israel,Israel,HaZafon,Yiftah,33.1288,35.5523,3
2024-05,Hezbollah,Israel,Israel,HaZafon,Yiftah Barracks,33.1431,35.5546,3
2024-05,Hezbollah,Israel,Israel,HaZafon,Yirka,32.9544,35.212,1
2024-05,Hezbollah,Israel,Israel,HaZafon,Zarit,33.0996,35.2889,2
2024-05,Hezbollah,Israel,Israel,HaZafon,Zarit Barracks,33.1032,35.2906,2
2024-05,Hezbollah,Israel,Israel,HaZafon,Zomet Gome,33.1698,35.5694,1
2024-05,Hezbollah,Lebanon,Lebanon,Al Nabatieh,Tziporen Outpost,33.2084,35.5375,1
2024-05,Hezbollah,Quneitra/Golan,Syria,Quneitra,Al Ramtha,33.2852,35.6903,6
2024-05,Hezbollah,Quneitra/Golan,Syria,Quneitra,Al Samaka,33.2995,35.7021,19
2024-05,Hezbollah,Quneitra/Golan,Syria,Quneitra,Ghajar,33.2712,35.6229,1
2024-05,Hezbollah,Quneitra/Golan,Syria,Quneitra,Gladiola Outpost,33.3182,35.7122,6
2024-05,Hezbollah,Quneitra/Golan,Syria,Quneitra,Habushit,33.3088,35.757,1
2024-05,Hezbollah,Quneitra/Golan,Syria,Quneitra,Maale Golani Barracks,33.2944,35.7697,1
2024-05,Hezbollah,Quneitra/Golan,Syria,Quneitra,Radar Post,33.3309,35.7691,2
2024-05,Hezbollah,Quneitra/Golan,Syria,Quneitra,Rwayset Al Qarn,33.2805,35.6735,2
2024-05,Hezbollah,Quneitra/Golan,Syria,Quneitra,Tel Faher Base,33.2138,35.7021,3
2024-05,Hezbollah,Quneitra/Golan,Syria,Quneitra,Tsnobar Base,33.0054,35.6697,1
2024-05,Hezbollah,Quneitra/Golan,Syria,Quneitra,Yoav Base,33.1572,35.7146,1
2024-05,Hezbollah,Quneitra/Golan,Syria,Quneitra,Zebdine,33.2772,35.6868,16
2024-05,Hezbollah,Syria-other,Syria,Dara,Nawa,32.8882,36.041,1
2024-05,Israel,Lebanon,Lebanon,South,Aabbassiye,33.2983,35.2821,1
2024-05,Israel,Lebanon,Lebanon,Al Nabatieh,Aadayseh Marjayoun,33.2544,35.5424,19
2024-05,Israel,Lebanon,Lebanon,South,Aadloun,33.4061,35.2741,1
2024-05,Israel,Lebanon,Lebanon,South,Aalma Ech Chaab,33.1042,35.1819,27
2024-05,Israel,Lebanon,Lebanon,South,Aaqbiyeh,33.4687,35.3192,1
2024-05,Israel,Lebanon,Lebanon,South,Aaqmata,33.4564,35.5469,2
2024-05,Israel,Lebanon,Lebanon,South,Aaziyyeh,33.1835,35.2342,2
2024-05,Israel,Lebanon,Lebanon,South,Adousieh,33.4728,35.3428,1
2024-05,Israel,Lebanon,Lebanon,Al Nabatieh,Ain Ebel,33.1112,35.4036,1
2024-05,Israel,Lebanon,Lebanon,Al Nabatieh,Ain Qana,33.4719,35.5101,1
2024-05,Israel,Lebanon,Lebanon,South,Ain Zarqa,33.1214,35.2002,1
2024-05,Israel,Lebanon,Lebanon,Al Nabatieh,Ainata,33.1297,35.4409,3
2024-05,Israel,Lebanon,Lebanon,Al Nabatieh,Aita ech Chaab,33.0971,35.3367,34
2024-05,Israel,Lebanon,Lebanon,Al Nabatieh,Aitaroun,33.1153,35.4714,16
2024-05,Israel,Lebanon,Lebanon,Al Nabatieh,Al Aamra,33.2721,35.5968,1
2024-05,Israel,Lebanon,Lebanon,South,Al Lwaiza,33.4607,35.5368,2
2024-05,Israel,Lebanon,Lebanon,Baalbek-Hermel,Al Nabi Sheet,33.8731,36.1117,2
2024-05,Israel,Lebanon,Lebanon,Al Nabatieh,Al Wazzani,33.2756,35.6228,6
2024-05,Israel,Lebanon,Lebanon,South,Aramta,33.4618,35.5744,3
2024-05,Israel,Lebanon,Lebanon,Al Nabatieh,As Salihani,33.1291,35.3032,1
2024-05,Israel,Lebanon,Lebanon,Al Nabatieh,At Tiri,33.1403,35.4029,5
2024-05,Israel,Lebanon,Lebanon,South,Baflay,33.2638,35.364,1
2024-05,Israel,Lebanon,Lebanon,Al Nabatieh,Bani Haiyan,33.2431,35.489,3
2024-05,Israel,Lebanon,Lebanon,Al Nabatieh,Beit Lif,33.1328,35.3356,9
2024-05,Israel,Lebanon,Lebanon,Al Nabatieh,Bent Jbeil,33.1194,35.4333,5
2024-05,Israel,Lebanon,Lebanon,Al Nabatieh,Berghoz,33.4126,35.6244,1
2024-05,Israel,Lebanon,Lebanon,Al Nabatieh,Blat,33.3863,35.6003,1
2024-05,Israel,Lebanon,Lebanon,Al Nabatieh,Blida,33.14,35.5147,9
2024-05,Israel,Lebanon,Lebanon,South,Boustane,33.1045,35.2573,1
2024-05,Israel,Lebanon,Lebanon,Baalbek-Hermel,Braytal,33.9342,36.1494,3
2024-05,Israel,Lebanon,Lebanon,South,Btaichiye,33.1073,35.2086,1
2024-05,Israel,Lebanon,Lebanon,South,Chaaytiye,33.1966,35.2654,1
2024-05,Israel,Lebanon,Lebanon,Al Nabatieh,Chebaa,33.3475,35.7492,13
2024-05,Israel,Lebanon,Lebanon,South,Chihhine,33.1265,35.256,7
2024-05,Israel,Lebanon,Lebanon,Al Nabatieh,Debl,33.12,35.367,1
2024-05,Israel,Lebanon,Lebanon,Al Nabatieh,Deir Siriane,33.292,35.5002,2
2024-05,Israel,Lebanon,Lebanon,South,Ed Dhayra,33.1053,35.2248,10
2024-05,Israel,Lebanon,Lebanon,Al Nabatieh,El Habbariye,33.3675,35.6975,6
2024-05,Israel,Lebanon,Lebanon,Al Nabatieh,El Hamames,33.2924,35.59,3
2024-05,Israel,Lebanon,Lebanon,South,El Mansouri,33.1786,35.2061,3
2024-05,Israel,Lebanon,Lebanon,South,Ez Zahrani,33.4973,35.3401,1
2024-05,Israel,Lebanon,Lebanon,Al Nabatieh,Fradis,33.371,35.6679,3
2024-05,Israel,Lebanon,Lebanon,South,Hamoul,33.1232,35.1657,12
2024-05,Israel,Lebanon,Lebanon,Al Nabatieh,Hanine,33.1085,35.3796,8
2024-05,Israel,Lebanon,Lebanon,South,Hanniyeh,33.1902,35.2236,1
2024-05,Israel,Lebanon,Lebanon,Al Nabatieh,Hasbaya,33.3978,35.685,1
2024-05,Israel,Lebanon,Lebanon,Al Nabatieh,Hilta,33.3088,35.6667,12
2024-05,Israel,Lebanon,Lebanon,South,Hosh,33.2434,35.2384,1
2024-05,Israel,Lebanon,Lebanon,Al Nabatieh,Houla,33.2092,35.515,21
2024-05,Israel,Lebanon,Lebanon,Al Nabatieh,Houmine el Faouqa,33.4413,35.4977,1
2024-05,Israel,Lebanon,Lebanon,South,Jabal Blat,33.1148,35.2908,16
2024-05,Israel,Lebanon,Lebanon,Al Nabatieh,Jarjouaa,33.4464,35.5187,1
2024-05,Israel,Lebanon,Lebanon,Al Nabatieh,Jbaa,33.4869,35.5188,1
2024-05,Israel,Lebanon,Lebanon,South,Jebbayn,33.1235,35.2358,13
2024-05,Israel,Lebanon,Lebanon,South,Jezzine,33.5417,35.5844,1
2024-05,Israel,Lebanon,Lebanon,Al Nabatieh,Kafra,33.1685,35.3412,1
2024-05,Israel,Lebanon,Lebanon,Al Nabatieh,Kfar Chouba,33.3278,35.6925,16
2024-05,Israel,Lebanon,Lebanon,Al Nabatieh,Kfar Dajjal,33.3445,35.4369,1
2024-05,Israel,Lebanon,Lebanon,Al Nabatieh,Kfar Hamam,33.3439,35.6789,22
2024-05,Israel,Lebanon,Lebanon,Al Nabatieh,Kfar Kila,33.2772,35.5517,25
2024-05,Israel,Lebanon,Lebanon,South,Kharayeb,33.3434,35.2992,1
2024-05,Israel,Lebanon,Lebanon,Al Nabatieh,Khiyam,33.3278,35.6128,28
2024-05,Israel,Lebanon,Lebanon,Al Nabatieh,Khraibe,33.3387,35.6447,3
2024-05,Israel,Lebanon,Lebanon,Baalbek-Hermel,Khraibeh,33.8723,36.1632,1
2024-05,Israel,Lebanon,Lebanon,Al Nabatieh,Kounine,33.1487,35.433,2
2024-05,Israel,Lebanon,Lebanon,South,Labbouneh,33.0977,35.1498,15
2024-05,Israel,Lebanon,Lebanon,South,Maaliyeh,33.2037,35.2416,1
2024-05,Israel,Lebanon,Lebanon,Bekaa,Majdel Aanjar,33.7083,35.9025,1
2024-05,Israel,Lebanon,Lebanon,Al Nabatieh,Majdel Selm,33.2222,35.4647,1
2024-05,Israel,Lebanon,Lebanon,South,Majdel Zoun,33.1514,35.2261,4
2024-05,Israel,Lebanon,Lebanon,Al Nabatieh,Marjayoun,33.3603,35.5911,6
2024-05,Israel,Lebanon,Lebanon,Al Nabatieh,Markaba,33.2333,35.513,15
2024-05,Israel,Lebanon,Lebanon,Al Nabatieh,Maroun er Ras,33.1038,35.4444,10
2024-05,Israel,Lebanon,Lebanon,South,Marwahin,33.1086,35.2754,11
2024-05,Israel,Lebanon,Lebanon,South,Matmoura,33.11,35.2184,3
2024-05,Israel,Lebanon,Lebanon,Al Nabatieh,Mays el Jabal,33.1691,35.5234,17
2024-05,Israel,Lebanon,Lebanon,Al Nabatieh,Mazraat Sarada,33.2911,35.5996,2
2024-05,Israel,Lebanon,Lebanon,South,Mazraat el Aarqoub,33.4008,35.535,1
2024-05,Israel,Lebanon,Lebanon,Al Nabatieh,Mhaibib,33.1544,35.5052,1
2024-05,Israel,Lebanon,Lebanon,South,Mlikh,33.4688,35.556,2
2024-05,Israel,Lebanon,Lebanon,South,Najjariyeh,33.4796,35.3317,1
2024-05,Israel,Lebanon,Lebanon,South,Qana,33.2088,35.2994,1
2024-05,Israel,Lebanon,Lebanon,Al Nabatieh,Qantara,33.2716,35.4649,2
2024-05,Israel,Lebanon,Lebanon,Al Nabatieh,Qouzah,33.1203,35.3382,1
2024-05,Israel,Lebanon,Lebanon,Al Nabatieh,Rab el Thalathine,33.2482,35.5194,7
2024-05,Israel,Lebanon,Lebanon,Al Nabatieh,Rachaya al Foukhar,33.3541,35.6675,24
2024-05,Israel,Lebanon,Lebanon,Al Nabatieh,Ramieh,33.1108,35.3103,14
2024-05,Israel,Lebanon,Lebanon,South,Ras al Naqoura,33.1181,35.1397,31
2024-05,Israel,Lebanon,Lebanon,Bekaa,Rashayya,33.5009,35.8437,1
2024-05,Israel,Lebanon,Lebanon,South,Rihan,33.4445,35.567,5
2024-05,Israel,Lebanon,Lebanon,Al Nabatieh,Rmaysh,33.0783,35.3661,2
2024-05,Israel,Lebanon,Lebanon,South,Sejoud,33.4335,35.5338,2
2024-05,Israel,Lebanon,Lebanon,Baalbek-Hermel,Sifri,33.9207,36.0842,1
2024-05,Israel,Lebanon,Lebanon,Bekaa,Souairi,33.7201,35.843,1
2024-05,Israel,Lebanon,Lebanon,Al Nabatieh,Souaneh,33.2335,35.4379,3
2024-05,Israel,Lebanon,Lebanon,Al Nabatieh,Srebbine,33.1542,35.3586,1
2024-05,Israel,Lebanon,Lebanon,South,Sriri,33.4339,35.6253,1
2024-05,Israel,Lebanon,Lebanon,Al Nabatieh,Talouseh,33.2324,35.4851,1
2024-05,Israel,Lebanon,Lebanon,Al Nabatieh,Taybeh,33.2755,35.5179,6
2024-05,Israel,Lebanon,Lebanon,Baalbek-Hermel,Taybeh,33.9583,36.1661,1
2024-05,Israel,Lebanon,Lebanon,South,Tayr Harfa,33.1285,35.2192,18
2024-05,Israel,Lebanon,Lebanon,Al Nabatieh,Tell en Nhas,33.3125,35.5666,3
2024-05,Israel,Lebanon,Lebanon,South,Tyr,33.2733,35.1939,2
2024-05,Israel,Lebanon,Lebanon,South,Yarine,33.1064,35.2324,3
2024-05,Israel,Lebanon,Lebanon,Al Nabatieh,Yaroun,33.0803,35.4225,18
2024-05,Israel,Lebanon,Lebanon,Al Nabatieh,Yater,33.1541,35.3302,3
2024-05,Israel,Lebanon,Lebanon,South,Zebqine,33.1656,35.2669,6
2024-05,Israel,Syria-other,Syria,Dara,Abdin,32.7799,35.8246,1
2024-05,Israel,Syria-other,Syria,Homs,Al Qusayr,34.5078,36.5803,2
2024-05,Israel,Syria-other,Syria,Tartous,Banyas,35.1984,35.9634,1
2024-05,Israel,Syria-other,Syria,Rural Damascus,Dimas,33.5877,36.0922,1
2024-05,Israel,Syria-other,Syria,Homs,Farqalas,34.6028,37.086,1
2024-05,Israel,Syria-other,Syria,Homs,Homs - Oras,34.6907,36.7461,1
2024-05,Israel,Syria-other,Syria,Rural Damascus,Masnaa Border Crossing,33.6741,35.9649,1
2024-05,Israel,Syria-other,Syria,Rural Damascus,Najhah Military Housings,33.4104,36.3565,1
2024-05,Israel,Syria-other,Syria,Rural Damascus,Sayyeda Zeinab,33.4466,36.3406,1
2024-05,Israel,Syria-other,Syria,Dara,Tall Ishtra,32.8044,36.0155,1
2024-05,Israel,Syria-other,Syria,Dara,Tall al Jabiyah,32.9199,36.0,1
2024-05,Israel,Syria-other,Syria,Dara,Tall al Jumou,32.8605,35.9977,1
2024-06,Hezbollah,Israel,Israel,HaZafon,Adamit,33.0797,35.211,1
2024-06,Hezbollah,Israel,Israel,HaZafon,Akko,32.9281,35.0765,1
2024-06,Hezbollah,Israel,Israel,HaZafon,Al Baghdadi,33.1655,35.5478,3
2024-06,Hezbollah,Israel,Israel,HaZafon,Al Marj,33.2324,35.5446,2
2024-06,Hezbollah,Israel,Israel,HaZafon,Amiad,32.9304,35.5405,2
2024-06,Hezbollah,Israel,Israel,HaZafon,Aramsha,33.0878,35.2284,1
2024-06,Hezbollah,Israel,Israel,HaZafon,Avivim,33.0889,35.4723,5
2024-06,Hezbollah,Israel,Israel,HaZafon,Ayelet HaShahar,33.0222,35.5772,1
2024-06,Hezbollah,Israel,Israel,HaZafon,Baram,33.0592,35.4338,5
2024-06,Hezbollah,Israel,Israel,HaZafon,Bayad Blida,33.1405,35.5335,2
2024-06,Hezbollah,Israel,Israel,HaZafon,Beit Hillel,33.2086,35.607,2
2024-06,Hezbollah,Israel,Israel,HaZafon,Beit Hillel Base,33.2231,35.6017,3
2024-06,Hezbollah,Israel,Israel,HaZafon,Betzet,33.0714,35.1347,2
2024-06,Hezbollah,Israel,Israel,HaZafon,Biranit,33.0583,35.3415,4
2024-06,Hezbollah,Israel,Israel,HaZafon,Biriya,32.9783,35.4997,3
2024-06,Hezbollah,Israel,Israel,HaZafon,Dado Base,32.9805,35.5144,1
2024-06,Hezbollah,Israel,Israel,HaZafon,Dovev,33.0522,35.4081,1
2024-06,Hezbollah,Israel,Israel,HaZafon,Dvoranit Outpost,33.0915,35.1402,2
2024-06,Hezbollah,Israel,Israel,HaZafon,Ein Zeitim Base,32.9948,35.4851,2
2024-06,Hezbollah,Israel,Israel,HaZafon,Even Menahem,33.0742,35.294,2
2024-06,Hezbollah,Israel,Israel,HaZafon,Gaaton,33.0063,35.2148,1
2024-06,Hezbollah,Israel,Israel,HaZafon,Gaaton Base,33.0052,35.1894,1
2024-06,Hezbollah,Israel,Israel,HaZafon,Gesher HaZiv,33.0404,35.1107,1
2024-06,Hezbollah,Israel,Israel,HaZafon,Goren,33.0566,35.2377,2
2024-06,Hezbollah,Israel,Israel,HaZafon,Gornot HaGalil,33.0594,35.2498,1
2024-06,Hezbollah,Israel,Israel,HaZafon,Hadab Yaroun,33.0652,35.4314,6
2024-06,Hezbollah,Israel,Israel,HaZafon,Hanita,33.0875,35.1736,2
2024-06,Hezbollah,Israel,Israel,HaZafon,Hanita Military Post,33.092,35.1771,1
2024-06,Hezbollah,Israel,Israel,HaZafon,Hurfeish,33.0177,35.3461,2
2024-06,Hezbollah,Israel,Israel,HaZafon,Jabal Adather,33.0316,35.3727,3
2024-06,Hezbollah,Israel,Israel,HaZafon,Jal Al Deir,33.0921,35.4896,1
2024-06,Hezbollah,Israel,Israel,HaZafon,Jish,33.0222,35.4469,1
2024-06,Hezbollah,Israel,Israel,HaZafon,Kabri,33.0209,35.1484,1
2024-06,Hezbollah,Israel,Israel,HaZafon,Kadita,33.0058,35.468,1
2024-06,Hezbollah,Israel,Israel,HaZafon,Kefar Blum,33.1717,35.6098,1
2024-06,Hezbollah,Israel,Israel,HaZafon,Kefar Szold,33.1959,35.6584,3
2024-06,Hezbollah,Israel,Israel,HaZafon,Kefar Yehezqel,32.5681,35.3622,1
2024-06,Hezbollah,Israel,Israel,HaZafon,Kefar Yuval,33.2475,35.5981,1
2024-06,Hezbollah,Israel,Israel,HaZafon,Khilet Warda,33.0966,35.318,2
2024-06,Hezbollah,Israel,Israel,HaZafon,Kiryat Shmona,33.2073,35.572,12
2024-06,Hezbollah,Israel,Israel,HaZafon,Liman Barracks,33.0693,35.11,1
2024-06,Hezbollah,Israel,Israel,HaZafon,Livneh Outpost,33.1039,35.3167,2
2024-06,Hezbollah,Israel,Israel,HaZafon,Maayan Baruch,33.2403,35.609,1
2024-06,Hezbollah,Israel,Israel,HaZafon,Malkiyya,33.0983,35.5108,1
2024-06,Hezbollah,Israel,Israel,HaZafon,Margaliyyot,33.2147,35.5449,3
2024-06,Hezbollah,Israel,Israel,HaZafon,Mattat,33.0413,35.3586,1
2024-06,Hezbollah,Israel,Israel,HaZafon,Meishar Camp,32.9894,35.5151,1
2024-06,Hezbollah,Israel,Israel,HaZafon,Menara,33.1969,35.5439,6
2024-06,Hezbollah,Israel,Israel,HaZafon,Meron,32.9878,35.4409,1
2024-06,Hezbollah,Israel,Israel,HaZafon,Metulla,33.2792,35.5795,13
2024-06,Hezbollah,Israel,Israel,HaZafon,Metulla Barracks,33.2749,35.5718,2
2024-06,Hezbollah,Israel,Israel,HaZafon,Misgav Am,33.2474,35.5489,5
2024-06,Hezbollah,Israel,Israel,HaZafon,Mitzpeh Adi Army Base,33.2257,35.5499,3
2024-06,Hezbollah,Israel,Israel,HaZafon,Mount Meron Base,32.9975,35.4123,2
2024-06,Hezbollah,Israel,Israel,HaZafon,Nahal Gershom,33.0819,35.5738,2
2024-06,Hezbollah,Israel,Israel,HaZafon,Nahariyya,33.0089,35.0981,1
2024-06,Hezbollah,Israel,Israel,HaZafon,Netu'a,33.0646,35.3234,5
2024-06,Hezbollah,Israel,Israel,HaZafon,Neve Ziv,33.0273,35.1814,1
2024-06,Hezbollah,Israel,Israel,HaZafon,Nurit Outpost,33.0819,35.3247,5
2024-06,Hezbollah,Israel,Israel,HaZafon,Rakefet Outpost,33.1623,35.5388,1
2024-06,Hezbollah,Israel,Israel,HaZafon,Ramot Naftali,33.1015,35.5532,2
2024-06,Hezbollah,Israel,Israel,HaZafon,Ramot Naftali Barracks,33.0958,35.55,1
2024-06,Hezbollah,Israel,Israel,HaZafon,Rosh HaNikra,33.0861,35.1135,2
2024-06,Hezbollah,Israel,Israel,HaZafon,Rosh HaNikra Naval Base,33.0929,35.1061,2
2024-06,Hezbollah,Israel,Israel,HaZafon,Safed,32.9647,35.496,3
2024-06,Hezbollah,Israel,Israel,HaZafon,Sasa,33.0272,35.3941,3
2024-06,Hezbollah,Israel,Israel,HaZafon,She'ar Yashuv,33.2263,35.6467,1
2024-06,Hezbollah,Israel,Israel,HaZafon,Sheikh Danun,32.994,35.1489,1
2024-06,Hezbollah,Israel,Israel,HaZafon,Shetula,33.0852,35.3149,3
2024-06,Hezbollah,Israel,Israel,HaZafon,Shlomi,33.0726,35.1458,4
2024-06,Hezbollah,Israel,Israel,HaZafon,Shomera,33.0827,35.2838,3
2024-06,Hezbollah,Israel,Israel,HaZafon,Shomera Armory Camp,33.0832,35.2586,4
2024-06,Hezbollah,Israel,Israel,HaZafon,Snir,33.2407,35.6773,1
2024-06,Hezbollah,Israel,Israel,HaZafon,Talat Al Taihat,33.17,35.5506,3
2024-06,Hezbollah,Israel,Israel,HaZafon,Tel Hai Industrial Park,33.2352,35.5834,1
2024-06,Hezbollah,Israel,Israel,HaZafon,Tiberias,32.7922,35.5312,1
2024-06,Hezbollah,Israel,Israel,HaZafon,Turmos Outpost,33.1125,35.5078,3
2024-06,Hezbollah,Israel,Israel,HaZafon,Yaara,33.0675,35.187,1
2024-06,Hezbollah,Israel,Israel,HaZafon,Yakinton Outpost,33.095,35.256,8
2024-06,Hezbollah,Israel,Israel,HaZafon,Yiftah,33.1288,35.5523,2
2024-06,Hezbollah,Israel,Israel,HaZafon,Yiftah Barracks,33.1431,35.5546,1
2024-06,Hezbollah,Israel,Israel,HaZafon,Yiron,33.0776,35.4546,5
2024-06,Hezbollah,Israel,Israel,HaZafon,Zarit,33.0996,35.2889,2
2024-06,Hezbollah,Israel,Israel,HaZafon,Zarit Barracks,33.1032,35.2906,2
2024-06,Hezbollah,Israel,Israel,HaZafon,Zomet Yesud HaMaala,33.046,35.5718,1
2024-06,Hezbollah,Lebanon,Lebanon,Al Nabatieh,Tziporen Outpost,33.2084,35.5375,1
2024-06,Hezbollah,Quneitra/Golan,Syria,Quneitra,Al Ramtha,33.2852,35.6903,16
2024-06,Hezbollah,Quneitra/Golan,Syria,Quneitra,Al Samaka,33.2995,35.7021,15
2024-06,Hezbollah,Quneitra/Golan,Syria,Quneitra,Gladiola Outpost,33.3182,35.7122,4
2024-06,Hezbollah,Quneitra/Golan,Syria,Quneitra,Habushit,33.3088,35.757,1
2024-06,Hezbollah,Quneitra/Golan,Syria,Quneitra,Katsafia Base,32.9836,35.7281,1
2024-06,Hezbollah,Quneitra/Golan,Syria,Quneitra,Katzrin,32.9919,35.6914,2
2024-06,Hezbollah,Quneitra/Golan,Syria,Quneitra,Keila Base,33.1699,35.7174,1
2024-06,Hezbollah,Quneitra/Golan,Syria,Quneitra,Maale Golani Barracks,33.2944,35.7697,1
2024-06,Hezbollah,Quneitra/Golan,Syria,Quneitra,Merom Golan,33.1326,35.7769,1
2024-06,Hezbollah,Quneitra/Golan,Syria,Quneitra,Odem,33.1942,35.7486,1
2024-06,Hezbollah,Quneitra/Golan,Syria,Quneitra,Radar Post,33.3309,35.7691,2
2024-06,Hezbollah,Quneitra/Golan,Syria,Quneitra,Rwayset Al Qarn,33.2805,35.6735,7
2024-06,Hezbollah,Quneitra/Golan,Syria,Quneitra,Sanaim,33.2795,35.7347,1
2024-06,Hezbollah,Quneitra/Golan,Syria,Quneitra,Shaal Base,33.1226,35.7228,1
2024-06,Hezbollah,Quneitra/Golan,Syria,Quneitra,Tel Faher Base,33.2138,35.7021,4
2024-06,Hezbollah,Quneitra/Golan,Syria,Quneitra,Yarden Base,32.9885,35.6491,1
2024-06,Hezbollah,Quneitra/Golan,Syria,Quneitra,Yitzak Base,33.0519,35.7336,2
2024-06,Hezbollah,Quneitra/Golan,Syria,Quneitra,Yoav Base,33.1572,35.7146,1
2024-06,Hezbollah,Quneitra/Golan,Syria,Quneitra,Zebdine,33.2772,35.6868,14
2024-06,Israel,Israel,Israel,HaZafon,Kafr Kanna,32.7466,35.3424,1
2024-06,Israel,Israel,Israel,HaZafon,Safed,32.9647,35.496,1
2024-06,Israel,Lebanon,Lebanon,South,Aabbassiye,33.2983,35.2821,2
2024-06,Israel,Lebanon,Lebanon,Al Nabatieh,Aadayseh Marjayoun,33.2544,35.5424,24
2024-06,Israel,Lebanon,Lebanon,Al Nabatieh,Aadchit,33.3477,35.4183,1
2024-06,Israel,Lebanon,Lebanon,South,Aadloun,33.4061,35.2741,1
2024-06,Israel,Lebanon,Lebanon,South,Aalma Ech Chaab,33.1042,35.1819,13
2024-06,Israel,Lebanon,Lebanon,South,Aaychiyeh,33.4089,35.5567,1
2024-06,Israel,Lebanon,Lebanon,South,Aaziyyeh,33.1835,35.2342,7
2024-06,Israel,Lebanon,Lebanon,Al Nabatieh,Ain Qana,33.4719,35.5101,1
2024-06,Israel,Lebanon,Lebanon,South,Ain Zarqa,33.1214,35.2002,2
2024-06,Israel,Lebanon,Lebanon,Al Nabatieh,Ainata,33.1297,35.4409,2
2024-06,Israel,Lebanon,Lebanon,Al Nabatieh,Aita ech Chaab,33.0971,35.3367,25
2024-06,Israel,Lebanon,Lebanon,Al Nabatieh,Aitaroun,33.1153,35.4714,20
2024-06,Israel,Lebanon,Lebanon,Al Nabatieh,Al Aamra,33.2721,35.5968,1
2024-06,Israel,Lebanon,Lebanon,Baalbek-Hermel,Al Hermel,34.3972,36.3874,1
2024-06,Israel,Lebanon,Lebanon,Al Nabatieh,Al Wazzani,33.2756,35.6228,10
2024-06,Israel,Lebanon,Lebanon,South,Aramta,33.4618,35.5744,2
2024-06,Israel,Lebanon,Lebanon,South,Arzai,33.3331,35.2986,1
2024-06,Israel,Lebanon,Lebanon,Al Nabatieh,As Salihani,33.1291,35.3032,1
2024-06,Israel,Lebanon,Lebanon,Al Nabatieh,At Tiri,33.1403,35.4029,5
2024-06,Israel,Lebanon,Lebanon,Baalbek-Hermel,Baalbek,34.0058,36.2181,3
2024-06,Israel,Lebanon,Lebanon,Al Nabatieh,Bani Haiyan,33.2431,35.489,2
2024-06,Israel,Lebanon,Lebanon,Al Nabatieh,Baraachit,33.1761,35.4433,4
2024-06,Israel,Lebanon,Lebanon,Al Nabatieh,Beit Lif,33.1328,35.3356,3
2024-06,Israel,Lebanon,Lebanon,Baalbek-Hermel,Beit Mchik,34.0445,36.0305,1
2024-06,Israel,Lebanon,Lebanon,Al Nabatieh,Beit Yahoun,33.1592,35.4225,2
2024-06,Israel,Lebanon,Lebanon,Al Nabatieh,Bent Jbeil,33.1194,35.4333,7
2024-06,Israel,Lebanon,Lebanon,Al Nabatieh,Blida,33.14,35.5147,10
2024-06,Israel,Lebanon,Lebanon,South,Borgholiyeh,33.312,35.2406,3
2024-06,Israel,Lebanon,Lebanon,Al Nabatieh,Borj el Mlouk,33.3215,35.5632,3
2024-06,Israel,Lebanon,Lebanon,South,Boustane,33.1045,35.2573,3
2024-06,Israel,Lebanon,Lebanon,South,Btaichiye,33.1073,35.2086,2
2024-06,Israel,Lebanon,Lebanon,Al Nabatieh,Chaqra,33.1933,35.4678,2
2024-06,Israel,Lebanon,Lebanon,Al Nabatieh,Chebaa,33.3475,35.7492,16
2024-06,Israel,Lebanon,Lebanon,South,Chihhine,33.1265,35.256,11
2024-06,Israel,Lebanon,Lebanon,South,Coast of Ras al Naqoura,33.127,35.1293,1
2024-06,Israel,Lebanon,Lebanon,Al Nabatieh,Deir Aames,33.1957,35.3674,1
2024-06,Israel,Lebanon,Lebanon,South,Deir Kifa,33.2572,35.3986,1
2024-06,Israel,Lebanon,Lebanon,Al Nabatieh,Deir Mimas,33.3025,35.5458,10
2024-06,Israel,Lebanon,Lebanon,Al Nabatieh,Deir Siriane,33.292,35.5002,5
2024-06,Israel,Lebanon,Lebanon,South,Ech Chehabiye,33.2431,35.3819,1
2024-06,Israel,Lebanon,Lebanon,South,Ed Dhayra,33.1053,35.2248,18
2024-06,Israel,Lebanon,Lebanon,Al Nabatieh,El Ghandouriyeh,33.2723,35.431,2
2024-06,Israel,Lebanon,Lebanon,Al Nabatieh,El Habbariye,33.3675,35.6975,3
2024-06,Israel,Lebanon,Lebanon,Al Nabatieh,El Hamames,33.2924,35.59,4
2024-06,Israel,Lebanon,Lebanon,South,Ez Zahrani,33.4973,35.3401,1
2024-06,Israel,Lebanon,Lebanon,Al Nabatieh,Fradis,33.371,35.6679,1
2024-06,Israel,Lebanon,Lebanon,Al Nabatieh,Haddatha,33.1651,35.3912,2
2024-06,Israel,Lebanon,Lebanon,South,Hamoul,33.1232,35.1657,4
2024-06,Israel,Lebanon,Lebanon,Al Nabatieh,Hanine,33.1085,35.3796,6
2024-06,Israel,Lebanon,Lebanon,South,Hanniyeh,33.1902,35.2236,3
2024-06,Israel,Lebanon,Lebanon,Al Nabatieh,Haris,33.1803,35.377,1
2024-06,Israel,Lebanon,Lebanon,Al Nabatieh,Harouf,33.3747,35.4419,1
2024-06,Israel,Lebanon,Lebanon,Al Nabatieh,Hilta,33.3088,35.6667,6
2024-06,Israel,Lebanon,Lebanon,Al Nabatieh,Hmaileh,33.4459,35.4649,1
2024-06,Israel,Lebanon,Lebanon,Al Nabatieh,Houla,33.2092,35.515,25
2024-06,Israel,Lebanon,Lebanon,Al Nabatieh,Houmine el Faouqa,33.4413,35.4977,2
2024-06,Israel,Lebanon,Lebanon,South,Jabal Blat,33.1148,35.2908,3
2024-06,Israel,Lebanon,Lebanon,Al Nabatieh,Jabal Safi,33.4834,35.5404,2
2024-06,Israel,Lebanon,Lebanon,South,Jannata,33.2892,35.3189,1
2024-06,Israel,Lebanon,Lebanon,South,Jebbayn,33.1235,35.2358,11
2024-06,Israel,Lebanon,Lebanon,Baalbek-Hermel,Jenta,33.8575,36.1075,1
2024-06,Israel,Lebanon,Lebanon,Al Nabatieh,Jibchit,33.3642,35.4322,2
2024-06,Israel,Lebanon,Lebanon,South,Jouaiya,33.2378,35.3373,1
2024-06,Israel,Lebanon,Lebanon,Al Nabatieh,Kafra,33.1685,35.3412,1
2024-06,Israel,Lebanon,Lebanon,South,Kaouthariyet el Saiyad,33.415,35.3843,1
2024-06,Israel,Lebanon,Lebanon,Al Nabatieh,Kfar Chouba,33.3278,35.6925,23
2024-06,Israel,Lebanon,Lebanon,Al Nabatieh,Kfar Dajjal,33.3445,35.4369,1
2024-06,Israel,Lebanon,Lebanon,Al Nabatieh,Kfar Hamam,33.3439,35.6789,15
2024-06,Israel,Lebanon,Lebanon,Al Nabatieh,Kfar Kila,33.2772,35.5517,33
2024-06,Israel,Lebanon,Lebanon,South,Kharayeb,33.3434,35.2992,1
2024-06,Israel,Lebanon,Lebanon,Al Nabatieh,Kherbet Selm,33.2302,35.4218,1
2024-06,Israel,Lebanon,Lebanon,Bekaa,Khiara,33.6897,35.8481,1
2024-06,Israel,Lebanon,Lebanon,Bekaa,Khirbet Qanafar,33.6406,35.7169,1
2024-06,Israel,Lebanon,Lebanon,Al Nabatieh,Khiyam,33.3278,35.6128,26
2024-06,Israel,Lebanon,Lebanon,Al Nabatieh,Khraibe,33.3387,35.6447,2
2024-06,Israel,Lebanon,Lebanon,Al Nabatieh,Kounine,33.1487,35.433,5
2024-06,Israel,Lebanon,Lebanon,South,Labbouneh,33.0977,35.1498,7
2024-06,Israel,Lebanon,Lebanon,South,Mahmoudiya,33.3868,35.5523,1
2024-06,Israel,Lebanon,Lebanon,Al Nabatieh,Majdel Selm,33.2222,35.4647,2
2024-06,Israel,Lebanon,Lebanon,South,Majdel Zoun,33.1514,35.2261,2
2024-06,Israel,Lebanon,Lebanon,Al Nabatieh,Marjayoun,33.3603,35.5911,8
2024-06,Israel,Lebanon,Lebanon,Al Nabatieh,Markaba,33.2333,35.513,16
2024-06,Israel,Lebanon,Lebanon,Al Nabatieh,Maroun er Ras,33.1038,35.4444,6
2024-06,Israel,Lebanon,Lebanon,South,Marwahin,33.1086,35.2754,2
2024-06,Israel,Lebanon,Lebanon,Bekaa,Massa,33.8515,36.0679,1
2024-06,Israel,Lebanon,Lebanon,South,Matmoura,33.11,35.2184,2
2024-06,Israel,Lebanon,Lebanon,Al Nabatieh,Mays el Jabal,33.1691,35.5234,19
2024-06,Israel,Lebanon,Lebanon,South,Mazraat Kaoutariyet Er Riz,33.3712,35.3,1
2024-06,Israel,Lebanon,Lebanon,South,Mazraat el Aarqoub,33.4008,35.535,1
2024-06,Israel,Lebanon,Lebanon,Bekaa,Meidoun,33.4694,35.6408,1
2024-06,Israel,Lebanon,Lebanon,Al Nabatieh,Mhaibib,33.1544,35.5052,3
2024-06,Israel,Lebanon,Lebanon,Al Nabatieh,Nabatiye,33.3789,35.4839,4
2024-06,Israel,Lebanon,Lebanon,South,Qana,33.2088,35.2994,1
2024-06,Israel,Lebanon,Lebanon,Al Nabatieh,Qantara,33.2716,35.4649,3
2024-06,Israel,Lebanon,Lebanon,Al Nabatieh,Qatmoun Valley,33.066,35.3604,1
2024-06,Israel,Lebanon,Lebanon,South,Qatrani,33.4402,35.6036,4
2024-06,Israel,Lebanon,Lebanon,Al Nabatieh,Qouzah,33.1203,35.3382,2
2024-06,Israel,Lebanon,Lebanon,Al Nabatieh,Rab el Thalathine,33.2482,35.5194,9
2024-06,Israel,Lebanon,Lebanon,Al Nabatieh,Rachaya al Foukhar,33.3541,35.6675,20
2024-06,Israel,Lebanon,Lebanon,Al Nabatieh,Ramieh,33.1108,35.3103,16
2024-06,Israel,Lebanon,Lebanon,South,Ras al Naqoura,33.1181,35.1397,23
2024-06,Israel,Lebanon,Lebanon,Al Nabatieh,Rchaf,33.1436,35.3632,1
2024-06,Israel,Lebanon,Lebanon,South,Rihan,33.4445,35.567,7
2024-06,Israel,Lebanon,Lebanon,Al Nabatieh,Rmaysh,33.0783,35.3661,5
2024-06,Israel,Lebanon,Lebanon,South,Saddiqine,33.1906,35.3106,2
2024-06,Israel,Lebanon,Lebanon,Baalbek-Hermel,Saraain,33.8856,36.0722,1
2024-06,Israel,Lebanon,Lebanon,South,Sejoud,33.4335,35.5338,1
2024-06,Israel,Lebanon,Lebanon,South,Sidon,33.5599,35.3756,1
2024-06,Israel,Lebanon,Lebanon,Bekaa,Sohmor,33.5116,35.6848,1
2024-06,Israel,Lebanon,Lebanon,South,Srifa,33.2817,35.3971,1
2024-06,Israel,Lebanon,Lebanon,Al Nabatieh,Talouseh,33.2324,35.4851,6
2024-06,Israel,Lebanon,Lebanon,Al Nabatieh,Taybeh,33.2755,35.5179,18
2024-06,Israel,Lebanon,Lebanon,South,Tayr Harfa,33.1285,35.2192,8
2024-06,Israel,Lebanon,Lebanon,Al Nabatieh,Tell en Nhas,33.3125,35.5666,1
2024-06,Israel,Lebanon,Lebanon,South,Tyr,33.2733,35.1939,2
2024-06,Israel,Lebanon,Lebanon,South,Wadi Jilo,33.2436,35.3044,1
2024-06,Israel,Lebanon,Lebanon,Al Nabatieh,Wadi Saluki,33.2154,35.4873,1
2024-06,Israel,Lebanon,Lebanon,South,Yarine,33.1064,35.2324,10
2024-06,Israel,Lebanon,Lebanon,Al Nabatieh,Yaroun,33.0803,35.4225,14
2024-06,Israel,Lebanon,Lebanon,Al Nabatieh,Yater,33.1541,35.3302,5
2024-06,Israel,Lebanon,Lebanon,Al Nabatieh,Yohmor,33.3114,35.5163,2
2024-06,Israel,Lebanon,Lebanon,Bekaa,Zahle,33.8468,35.902,1
2024-06,Israel,Lebanon,Lebanon,South,Zalloutieh,33.1092,35.245,1
2024-06,Israel,Lebanon,Lebanon,South,Zebqine,33.1656,35.2669,11
2024-06,Israel,Lebanon,Lebanon,South,Zrariyeh,33.3438,35.3346,1
2024-06,Israel,Quneitra/Golan,Syria,Quneitra,Hadar,33.279,35.8313,1
2024-06,Israel,Quneitra/Golan,Syria,Quneitra,Hameidiyyeh,33.1574,35.847,1
2024-06,Israel,Quneitra/Golan,Syria,Quneitra,Sayda al-Gholan,32.8695,35.8804,1
2024-06,Israel,Quneitra/Golan,Syria,Quneitra,Western Tall al Ahmar,32.9973,35.8833,1
2024-06,Israel,Syria-other,Syria,Rural Damascus,Sayyeda Zeinab,33.4466,36.3406,1
2024-06,Israel,Syria-other,Syria,As Sweida,Tall Sahn,32.5804,36.9048,1
2024-06,Israel,Syria-other,Syria,Aleppo,Tamura,36.3151,36.9955,1
2024-06,Israel,Syria-other,Syria,Aleppo,Tell Shugheib,36.1403,37.2399,1
2024-06,Israel,Syria-other,Syria,Aleppo,Western Kafr Jum,36.1115,36.9621,1
2024-07,Hezbollah,Israel,Israel,HaZafon,Abirim,33.0384,35.2869,1
2024-07,Hezbollah,Israel,Israel,HaZafon,Adamit,33.0797,35.211,3
2024-07,Hezbollah,Israel,Israel,HaZafon,Akko,32.9281,35.0765,2
2024-07,Hezbollah,Israel,Israel,HaZafon,Al Baghdadi,33.1655,35.5478,2
2024-07,Hezbollah,Israel,Israel,HaZafon,Al Manara,33.2005,35.5421,3
2024-07,Hezbollah,Israel,Israel,HaZafon,Al Marj,33.2324,35.5446,5
2024-07,Hezbollah,Israel,Israel,HaZafon,Amir,33.1787,35.6208,2
2024-07,Hezbollah,Israel,Israel,HaZafon,Amuka,32.997,35.5255,1
2024-07,Hezbollah,Israel,Israel,HaZafon,Aramsha,33.0878,35.2284,1
2024-07,Hezbollah,Israel,Israel,HaZafon,Avdon,33.0479,35.18,1
2024-07,Hezbollah,Israel,Israel,HaZafon,Avivim,33.0889,35.4723,2
2024-07,Hezbollah,Israel,Israel,HaZafon,Avivim Barracks,33.0918,35.4669,1
2024-07,Hezbollah,Israel,Israel,HaZafon,Ayelet HaShahar,33.0222,35.5772,2
2024-07,Hezbollah,Israel,Israel,HaZafon,Bar Yohai,32.9975,35.4481,1
2024-07,Hezbollah,Israel,Israel,HaZafon,Baram,33.0592,35.4338,2
2024-07,Hezbollah,Israel,Israel,HaZafon,Bayad Blida,33.1405,35.5335,3
2024-07,Hezbollah,Israel,Israel,HaZafon,Beit Hillel,33.2086,35.607,3
2024-07,Hezbollah,Israel,Israel,HaZafon,Beit Hillel Base,33.2231,35.6017,4
2024-07,Hezbollah,Israel,Israel,HaZafon,Beit Jann,32.9646,35.3815,1
2024-07,Hezbollah,Israel,Israel,HaZafon,Betzet,33.0714,35.1347,1
2024-07,Hezbollah,Israel,Israel,HaZafon,Biranit,33.0583,35.3415,1
2024-07,Hezbollah,Israel,Israel,HaZafon,Biriya,32.9783,35.4997,2
2024-07,Hezbollah,Israel,Israel,HaZafon,Dado Base,32.9805,35.5144,1
2024-07,Hezbollah,Israel,Israel,HaZafon,Dafna,33.2301,35.6387,3
2024-07,Hezbollah,Israel,Israel,HaZafon,Dalton,33.0164,35.489,1
2024-07,Hezbollah,Israel,Israel,HaZafon,Dishon,33.0814,35.5174,1
2024-07,Hezbollah,Israel,Israel,HaZafon,Dovev,33.0522,35.4081,2
2024-07,Hezbollah,Israel,Israel,HaZafon,Dvoranit Outpost,33.0915,35.1402,2
2024-07,Hezbollah,Israel,Israel,HaZafon,Eilit Base,33.0236,35.5485,3
2024-07,Hezbollah,Israel,Israel,HaZafon,Ein Yaakov,33.0098,35.2298,1
2024-07,Hezbollah,Israel,Israel,HaZafon,Fassuta,33.049,35.3089,1
2024-07,Hezbollah,Israel,Israel,HaZafon,Gesher HaZiv,33.0404,35.1107,1
2024-07,Hezbollah,Israel,Israel,HaZafon,Gonen,33.1236,35.6476,1
2024-07,Hezbollah,Israel,Israel,HaZafon,Gornot HaGalil,33.0594,35.2498,1
2024-07,Hezbollah,Israel,Israel,HaZafon,HaGoshrim,33.2206,35.6233,5
2024-07,Hezbollah,Israel,Israel,HaZafon,Hadab Yaroun,33.0652,35.4314,7
2024-07,Hezbollah,Israel,Israel,HaZafon,Hanita,33.0875,35.1736,3
2024-07,Hezbollah,Israel,Israel,HaZafon,Hanita Military Post,33.092,35.1771,4
2024-07,Hezbollah,Israel,Israel,HaZafon,Har Addir,33.0319,35.3712,1
2024-07,Hezbollah,Israel,Israel,HaZafon,Hazorim,32.7471,35.5027,1
2024-07,Hezbollah,Israel,Israel,HaZafon,Huqoq,32.8792,35.4956,1
2024-07,Hezbollah,Israel,Israel,HaZafon,Jabal Adather,33.0316,35.3727,1
2024-07,Hezbollah,Israel,Israel,HaZafon,Kabri,33.0209,35.1484,2
2024-07,Hezbollah,Israel,Israel,HaZafon,Kadita,33.0058,35.468,1
2024-07,Hezbollah,Israel,Israel,HaZafon,Kafr Kanna,32.7466,35.3424,1
2024-07,Hezbollah,Israel,Israel,HaZafon,Kefar Blum,33.1717,35.6098,1
2024-07,Hezbollah,Israel,Israel,HaZafon,Kefar Giladi,33.2423,35.5752,2
2024-07,Hezbollah,Israel,Israel,HaZafon,Kefar Hoshen,33.0121,35.4405,1
2024-07,Hezbollah,Israel,Israel,HaZafon,Kefar Szold,33.1959,35.6584,1
2024-07,Hezbollah,Israel,Israel,HaZafon,Kefar Yuval,33.2475,35.5981,1
2024-07,Hezbollah,Israel,Israel,HaZafon,Kefar Zeitim,32.8114,35.4636,1
2024-07,Hezbollah,Israel,Israel,HaZafon,Kidmat Galil,32.7862,35.4637,1
2024-07,Hezbollah,Israel,Israel,HaZafon,Kiryat Shmona,33.2073,35.572,14
2024-07,Hezbollah,Israel,Israel,HaZafon,Lavi,32.7865,35.4394,1
2024-07,Hezbollah,Israel,Israel,HaZafon,Liman Barracks,33.0693,35.11,1
2024-07,Hezbollah,Israel,Israel,HaZafon,Livneh Outpost,33.1039,35.3167,3
2024-07,Hezbollah,Israel,Israel,HaZafon,Maayan Baruch,33.2403,35.609,3
2024-07,Hezbollah,Israel,Israel,HaZafon,Malkiyya,33.0983,35.5108,2
2024-07,Hezbollah,Israel,Israel,HaZafon,Margaliyyot,33.2147,35.5449,5
2024-07,Hezbollah,Israel,Israel,HaZafon,Mattat Barracks,33.0431,35.3619,1
2024-07,Hezbollah,Israel,Israel,HaZafon,Meishar Camp,32.9894,35.5151,1
2024-07,Hezbollah,Israel,Israel,HaZafon,Menara,33.1969,35.5439,8
2024-07,Hezbollah,Israel,Israel,HaZafon,Meron,32.9878,35.4409,1
2024-07,Hezbollah,Israel,Israel,HaZafon,Metulla,33.2792,35.5795,10
2024-07,Hezbollah,Israel,Israel,HaZafon,Metulla Barracks,33.2749,35.5718,2
2024-07,Hezbollah,Israel,Israel,HaZafon,Misgav Am,33.2474,35.5489,4
2024-07,Hezbollah,Israel,Israel,HaZafon,Mitzpeh Adi Army Base,33.2257,35.5499,4
2024-07,Hezbollah,Israel,Israel,HaZafon,Mount Meron Base,32.9975,35.4123,3
2024-07,Hezbollah,Israel,Israel,HaZafon,Naftali Camp,32.7595,35.4165,1
2024-07,Hezbollah,Israel,Israel,HaZafon,Nahariyya,33.0089,35.0981,2
2024-07,Hezbollah,Israel,Israel,HaZafon,Netu'a,33.0646,35.3234,1
2024-07,Hezbollah,Israel,Israel,HaZafon,Neve Ziv,33.0273,35.1814,1
2024-07,Hezbollah,Israel,Israel,HaZafon,Nurit Outpost,33.0819,35.3247,9
2024-07,Hezbollah,Israel,Israel,HaZafon,Or HaGanuz,33.0052,35.4466,1
2024-07,Hezbollah,Israel,Israel,HaZafon,Pilon Camp,32.9576,35.5482,1
2024-07,Hezbollah,Israel,Israel,HaZafon,Rakefet Outpost,33.1623,35.5388,1
2024-07,Hezbollah,Israel,Israel,HaZafon,Ramot Naftali,33.1015,35.5532,2
2024-07,Hezbollah,Israel,Israel,HaZafon,Saar,33.0285,35.1095,1
2024-07,Hezbollah,Israel,Israel,HaZafon,Safed,32.9647,35.496,2
2024-07,Hezbollah,Israel,Israel,HaZafon,Shetula,33.0852,35.3149,6
2024-07,Hezbollah,Israel,Israel,HaZafon,Shlomi,33.0726,35.1458,3
2024-07,Hezbollah,Israel,Israel,HaZafon,Shomera Armory Camp,33.0832,35.2586,1
2024-07,Hezbollah,Israel,Israel,HaZafon,Shraga Barracks,32.963,35.0918,1
2024-07,Hezbollah,Israel,Israel,HaZafon,Snir,33.2407,35.6773,3
2024-07,Hezbollah,Israel,Israel,HaZafon,Talat Al Taihat,33.17,35.5506,1
2024-07,Hezbollah,Israel,Israel,HaZafon,Tiberias,32.7922,35.5312,1
2024-07,Hezbollah,Israel,Israel,HaZafon,Turmos Outpost,33.1125,35.5078,5
2024-07,Hezbollah,Israel,Israel,HaZafon,Tzuriel,33.0068,35.3136,1
2024-07,Hezbollah,Israel,Israel,HaZafon,Yaara,33.0675,35.187,2
2024-07,Hezbollah,Israel,Israel,HaZafon,Yakinton Outpost,33.095,35.256,5
2024-07,Hezbollah,Israel,Israel,HaZafon,Yesud HaMaala,33.0592,35.6103,1
2024-07,Hezbollah,Israel,Israel,HaZafon,Yiftah,33.1288,35.5523,4
2024-07,Hezbollah,Israel,Israel,HaZafon,Yiron,33.0776,35.4546,3
2024-07,Hezbollah,Israel,Israel,HaZafon,Zarit,33.0996,35.2889,4
2024-07,Hezbollah,Israel,Israel,HaZafon,Zarit Barracks,33.1032,35.2906,2
2024-07,Hezbollah,Israel,Israel,HaZafon,Zomet Golani,32.7749,35.408,1
2024-07,Hezbollah,Israel,Israel,HaZafon,Zomet Gome,33.1698,35.5694,1
2024-07,Hezbollah,Lebanon,Lebanon,Al Nabatieh,Tal Shaar,33.0961,35.3256,1
2024-07,Hezbollah,Lebanon,Lebanon,Al Nabatieh,Tziporen Outpost,33.2084,35.5375,2
2024-07,Hezbollah,Quneitra/Golan,Syria,Quneitra,Al Ramtha,33.2852,35.6903,8
2024-07,Hezbollah,Quneitra/Golan,Syria,Quneitra,Al Samaka,33.2995,35.7021,11
2024-07,Hezbollah,Quneitra/Golan,Syria,Quneitra,Gladiola Outpost,33.3182,35.7122,7
2024-07,Hezbollah,Quneitra/Golan,Syria,Quneitra,Katsafia Base,32.9836,35.7281,1
2024-07,Hezbollah,Quneitra/Golan,Syria,Quneitra,Katzrin,32.9919,35.6914,1
2024-07,Hezbollah,Quneitra/Golan,Syria,Quneitra,Keila Base,33.1699,35.7174,2
2024-07,Hezbollah,Quneitra/Golan,Syria,Quneitra,Maale Golani Barracks,33.2944,35.7697,2
2024-07,Hezbollah,Quneitra/Golan,Syria,Quneitra,Majdal Shams,33.2655,35.7686,2
2024-07,Hezbollah,Quneitra/Golan,Syria,Quneitra,Mount Hermon,33.3139,35.7706,1
2024-07,Hezbollah,Quneitra/Golan,Syria,Quneitra,Neve Ativ,33.2624,35.742,1
2024-07,Hezbollah,Quneitra/Golan,Syria,Quneitra,Radar Post,33.3309,35.7691,1
2024-07,Hezbollah,Quneitra/Golan,Syria,Quneitra,Romah Camp,32.8864,35.7152,1
2024-07,Hezbollah,Quneitra/Golan,Syria,Quneitra,Rwayset Al Qarn,33.2805,35.6735,2
2024-07,Hezbollah,Quneitra/Golan,Syria,Quneitra,Tel Faher Base,33.2138,35.7021,3
2024-07,Hezbollah,Quneitra/Golan,Syria,Quneitra,Yarden Base,32.9885,35.6491,2
2024-07,Hezbollah,Quneitra/Golan,Syria,Quneitra,Yitzak Base,33.0519,35.7336,3
2024-07,Hezbollah,Quneitra/Golan,Syria,Quneitra,Zebdine,33.2772,35.6868,6
2024-07,Israel,Lebanon,Lebanon,South,Aabbassiye,33.2983,35.2821,2
2024-07,Israel,Lebanon,Lebanon,Al Nabatieh,Aadayseh Marjayoun,33.2544,35.5424,18
2024-07,Israel,Lebanon,Lebanon,Al Nabatieh,Aadchit,33.3477,35.4183,1
2024-07,Israel,Lebanon,Lebanon,South,Aadloun,33.4061,35.2741,1
2024-07,Israel,Lebanon,Lebanon,South,Aalma Ech Chaab,33.1042,35.1819,14
2024-07,Israel,Lebanon,Lebanon,South,Aaychiyeh,33.4089,35.5567,1
2024-07,Israel,Lebanon,Lebanon,South,Aaziyyeh,33.1835,35.2342,1
2024-07,Israel,Lebanon,Lebanon,Bekaa,Ain At Tina,33.5018,35.6423,1
2024-07,Israel,Lebanon,Lebanon,South,Ain Zarqa,33.1214,35.2002,2
2024-07,Israel,Lebanon,Lebanon,Al Nabatieh,Ainata,33.1297,35.4409,5
2024-07,Israel,Lebanon,Lebanon,Al Nabatieh,Aita ech Chaab,33.0971,35.3367,35
2024-07,Israel,Lebanon,Lebanon,Al Nabatieh,Aitaroun,33.1153,35.4714,24
2024-07,Israel,Lebanon,Lebanon,Al Nabatieh,Al Wazzani,33.2756,35.6228,8
2024-07,Israel,Lebanon,Lebanon,South,Aramta,33.4618,35.5744,1
2024-07,Israel,Lebanon,Lebanon,Al Nabatieh,Arnoun,33.3317,35.5264,2
2024-07,Israel,Lebanon,Lebanon,Al Nabatieh,As Salihani,33.1291,35.3032,1
2024-07,Israel,Lebanon,Lebanon,Al Nabatieh,At Tiri,33.1403,35.4029,1
2024-07,Israel,Lebanon,Lebanon,Al Nabatieh,Bani Haiyan,33.2431,35.489,6
2024-07,Israel,Lebanon,Lebanon,Al Nabatieh,Baraachit,33.1761,35.4433,4
2024-07,Israel,Lebanon,Lebanon,Al Nabatieh,Beit Lif,33.1328,35.3356,6
2024-07,Israel,Lebanon,Lebanon,Al Nabatieh,Bent Jbeil,33.1194,35.4333,8
2024-07,Israel,Lebanon,Lebanon,Al Nabatieh,Berghoz,33.4126,35.6244,5
2024-07,Israel,Lebanon,Lebanon,Al Nabatieh,Blat,33.3863,35.6003,2
2024-07,Israel,Lebanon,Lebanon,Al Nabatieh,Blida,33.14,35.5147,15
2024-07,Israel,Lebanon,Lebanon,Al Nabatieh,Borj Qalaouiye,33.2592,35.4227,1
2024-07,Israel,Lebanon,Lebanon,Al Nabatieh,Borj el Mlouk,33.3215,35.5632,3
2024-07,Israel,Lebanon,Lebanon,South,Boustane,33.1045,35.2573,7
2024-07,Israel,Lebanon,Lebanon,South,Burj Shemali,33.2626,35.2388,2
2024-07,Israel,Lebanon,Lebanon,Baalbek-Hermel,Chaat,34.1422,36.2311,1
2024-07,Israel,Lebanon,Lebanon,South,Chabriha,33.2926,35.2186,1
2024-07,Israel,Lebanon,Lebanon,Al Nabatieh,Chaqra,33.1933,35.4678,5
2024-07,Israel,Lebanon,Lebanon,Al Nabatieh,Chebaa,33.3475,35.7492,16
2024-07,Israel,Lebanon,Lebanon,South,Chihhine,33.1265,35.256,14
2024-07,Israel,Lebanon,Lebanon,Al Nabatieh,Deir Mimas,33.3025,35.5458,8
2024-07,Israel,Lebanon,Lebanon,Al Nabatieh,Deir Siriane,33.292,35.5002,9
2024-07,Israel,Lebanon,Lebanon,Al Nabatieh,Dellafeh,33.4298,35.6458,1
2024-07,Israel,Lebanon,Lebanon,South,Ech Chehabiye,33.2431,35.3819,2
2024-07,Israel,Lebanon,Lebanon,South,Ed Dhayra,33.1053,35.2248,10
2024-07,Israel,Lebanon,Lebanon,South,El Bayada,33.1624,35.1798,1
2024-07,Israel,Lebanon,Lebanon,Al Nabatieh,El Habbariye,33.3675,35.6975,11
2024-07,Israel,Lebanon,Lebanon,Al Nabatieh,El Hamames,33.2924,35.59,1
2024-07,Israel,Lebanon,Lebanon,South,El Mansouri,33.1786,35.2061,1
2024-07,Israel,Lebanon,Lebanon,Al Nabatieh,El Meri,33.3204,35.6423,3
2024-07,Israel,Lebanon,Lebanon,Al Nabatieh,Es Sedaneh,33.3393,35.7122,2
2024-07,Israel,Lebanon,Lebanon,South,Ez Zahrani,33.4973,35.3401,1
2024-07,Israel,Lebanon,Lebanon,Al Nabatieh,Fradis,33.371,35.6679,1
2024-07,Israel,Lebanon,Lebanon,Bekaa,Ghazze,33.6683,35.8264,1
2024-07,Israel,Lebanon,Lebanon,Al Nabatieh,Haddatha,33.1651,35.3912,1
2024-07,Israel,Lebanon,Lebanon,South,Hamoul,33.1232,35.1657,2
2024-07,Israel,Lebanon,Lebanon,Al Nabatieh,Hanine,33.1085,35.3796,7
2024-07,Israel,Lebanon,Lebanon,Mount Lebanon,Haret Hreik,33.8537,35.5155,1
2024-07,Israel,Lebanon,Lebanon,Al Nabatieh,Hasbaya,33.3978,35.685,2
2024-07,Israel,Lebanon,Lebanon,South,Hosh,33.2434,35.2384,2
2024-07,Israel,Lebanon,Lebanon,Al Nabatieh,Houla,33.2092,35.515,37
2024-07,Israel,Lebanon,Lebanon,Al Nabatieh,Hourah,33.2944,35.5518,1
2024-07,Israel,Lebanon,Lebanon,South,Jabal Blat,33.1148,35.2908,7
2024-07,Israel,Lebanon,Lebanon,South,Jabal Toura,33.5052,35.5638,1
2024-07,Israel,Lebanon,Lebanon,South,Jbal el Botm,33.1739,35.2931,1
2024-07,Israel,Lebanon,Lebanon,South,Jebbayn,33.1235,35.2358,10
2024-07,Israel,Lebanon,Lebanon,Baalbek-Hermel,Jenta,33.8575,36.1075,1
2024-07,Israel,Lebanon,Lebanon,Al Nabatieh,Jibchit,33.3642,35.4322,1
2024-07,Israel,Lebanon,Lebanon,Al Nabatieh,Jmaijmeh,33.2079,35.4391,1
2024-07,Israel,Lebanon,Lebanon,South,Jouaiya,33.2378,35.3373,1
2024-07,Israel,Lebanon,Lebanon,Al Nabatieh,Kafra,33.1685,35.3412,1
2024-07,Israel,Lebanon,Lebanon,Al Nabatieh,Kfar Chouba,33.3278,35.6925,20
2024-07,Israel,Lebanon,Lebanon,Al Nabatieh,Kfar Hamam,33.3439,35.6789,18
2024-07,Israel,Lebanon,Lebanon,Al Nabatieh,Kfar Kila,33.2772,35.5517,33
2024-07,Israel,Lebanon,Lebanon,Al Nabatieh,Kfar Roummane,33.3894,35.5017,2
2024-07,Israel,Lebanon,Lebanon,Al Nabatieh,Kfar Tebnit,33.3533,35.5128,2
2024-07,Israel,Lebanon,Lebanon,South,Kharayeb,33.3434,35.2992,1
2024-07,Israel,Lebanon,Lebanon,Al Nabatieh,Khiyam,33.3278,35.6128,22
2024-07,Israel,Lebanon,Lebanon,Al Nabatieh,Khraibe,33.3387,35.6447,2
2024-07,Israel,Lebanon,Lebanon,Al Nabatieh,Kounine,33.1487,35.433,6
2024-07,Israel,Lebanon,Lebanon,South,Labbouneh,33.0977,35.1498,6
2024-07,Israel,Lebanon,Lebanon,South,Maaroub,33.2856,35.3478,1
2024-07,Israel,Lebanon,Lebanon,South,Mahmoudiya,33.3868,35.5523,2
2024-07,Israel,Lebanon,Lebanon,Al Nabatieh,Majdel Selm,33.2222,35.4647,1
2024-07,Israel,Lebanon,Lebanon,South,Majdel Zoun,33.1514,35.2261,5
2024-07,Israel,Lebanon,Lebanon,Al Nabatieh,Marjayoun,33.3603,35.5911,5
2024-07,Israel,Lebanon,Lebanon,Al Nabatieh,Markaba,33.2333,35.513,24
2024-07,Israel,Lebanon,Lebanon,Al Nabatieh,Maroun er Ras,33.1038,35.4444,12
2024-07,Israel,Lebanon,Lebanon,South,Marwahin,33.1086,35.2754,5
2024-07,Israel,Lebanon,Lebanon,Al Nabatieh,Mays el Jabal,33.1691,35.5234,18
2024-07,Israel,Lebanon,Lebanon,Al Nabatieh,Mazraat Sarada,33.2911,35.5996,1
2024-07,Israel,Lebanon,Lebanon,Al Nabatieh,Mhaibib,33.1544,35.5052,5
2024-07,Israel,Lebanon,Lebanon,South,Mjadel,33.2286,35.3589,1
2024-07,Israel,Lebanon,Lebanon,Al Nabatieh,Nabatiye,33.3789,35.4839,2
2024-07,Israel,Lebanon,Lebanon,Al Nabatieh,Qabrikha,33.2489,35.4623,9
2024-07,Israel,Lebanon,Lebanon,Al Nabatieh,Qalat Daba,33.1991,35.517,1
2024-07,Israel,Lebanon,Lebanon,Al Nabatieh,Qantara,33.2716,35.4649,3
2024-07,Israel,Lebanon,Lebanon,South,Qlaileh,33.1984,35.2291,1
2024-07,Israel,Lebanon,Lebanon,Al Nabatieh,Qlayaa,33.3347,35.5709,1
2024-07,Israel,Lebanon,Lebanon,Al Nabatieh,Qouzah,33.1203,35.3382,1
2024-07,Israel,Lebanon,Lebanon,Al Nabatieh,Rab el Thalathine,33.2482,35.5194,17
2024-07,Israel,Lebanon,Lebanon,Al Nabatieh,Rachaya al Foukhar,33.3541,35.6675,15
2024-07,Israel,Lebanon,Lebanon,Al Nabatieh,Ramieh,33.1108,35.3103,13
2024-07,Israel,Lebanon,Lebanon,South,Ras al Naqoura,33.1181,35.1397,18
2024-07,Israel,Lebanon,Lebanon,Al Nabatieh,Rbaa et Teben,33.3121,35.6873,1
2024-07,Israel,Lebanon,Lebanon,South,Rihan,33.4445,35.567,1
2024-07,Israel,Lebanon,Lebanon,Al Nabatieh,Rmaysh,33.0783,35.3661,7
2024-07,Israel,Lebanon,Lebanon,South,Saddiqine,33.1906,35.3106,1
2024-07,Israel,Lebanon,Lebanon,South,Sidon,33.5599,35.3756,1
2024-07,Israel,Lebanon,Lebanon,South,Sriri,33.4339,35.6253,2
2024-07,Israel,Lebanon,Lebanon,Al Nabatieh,Talouseh,33.2324,35.4851,6
2024-07,Israel,Lebanon,Lebanon,South,Taoumat Niha,33.5169,35.5741,1
2024-07,Israel,Lebanon,Lebanon,Baalbek-Hermel,Taraiyya,33.9871,36.0089,1
2024-07,Israel,Lebanon,Lebanon,Al Nabatieh,Taybeh,33.2755,35.5179,13
2024-07,Israel,Lebanon,Lebanon,South,Tayr Debba,33.2757,35.2784,1
2024-07,Israel,Lebanon,Lebanon,South,Tayr Harfa,33.1285,35.2192,15
2024-07,Israel,Lebanon,Lebanon,Al Nabatieh,Tell en Nhas,33.3125,35.5666,1
2024-07,Israel,Lebanon,Lebanon,Al Nabatieh,Touline,33.2477,35.4482,1
2024-07,Israel,Lebanon,Lebanon,South,Toura,33.2931,35.2984,1
2024-07,Israel,Lebanon,Lebanon,South,Tyr,33.2733,35.1939,1
2024-07,Israel,Lebanon,Lebanon,South,Umm Touteh,33.1085,35.2553,4
2024-07,Israel,Lebanon,Lebanon,South,Yarine,33.1064,35.2324,14
2024-07,Israel,Lebanon,Lebanon,Al Nabatieh,Yaroun,33.0803,35.4225,12
2024-07,Israel,Lebanon,Lebanon,Al Nabatieh,Yater,33.1541,35.3302,2
2024-07,Israel,Lebanon,Lebanon,Al Nabatieh,Yohmor,33.3114,35.5163,3
2024-07,Israel,Lebanon,Lebanon,South,Zalloutieh,33.1092,35.245,1
2024-07,Israel,Lebanon,Lebanon,South,Zebqine,33.1656,35.2669,7
2024-07,Israel,Quneitra/Golan,Syria,Quneitra,Hameidiyyeh,33.1574,35.847,1
2024-07,Israel,Quneitra/Golan,Syria,Quneitra,Ma'laqa,32.9117,35.8911,1
2024-07,Israel,Quneitra/Golan,Syria,Quneitra,Quneitra,33.1242,35.8264,2
2024-07,Israel,Quneitra/Golan,Syria,Quneitra,Quneitra - Golan Border Crossing,33.1122,35.8152,1
2024-07,Israel,Quneitra/Golan,Syria,Quneitra,Rafid,32.9564,35.9014,1
2024-07,Israel,Syria-other,Syria,Dara,Adwan,32.8212,35.9951,1
2024-07,Israel,Syria-other,Syria,Rural Damascus,Al Sabboura,33.5149,36.1249,1
2024-07,Israel,Syria-other,Syria,Tartous,Arab Al-Mulk,35.2673,35.9272,1
2024-07,Israel,Syria-other,Syria,Dara,As-Sanamayn,33.0711,36.1833,1
2024-07,Israel,Syria-other,Syria,Damascus,Damascus - Kafr Sousah,33.4899,36.2682,1
2024-07,Israel,Syria-other,Syria,Dara,Izra',32.8677,36.2542,1
2024-07,Israel,Syria-other,Syria,Rural Damascus,Jamraya,33.5689,36.2326,1
2024-07,Israel,Syria-other,Syria,Dara,Tal Um Horan,32.9265,36.0516,1
2024-07,Israel,Syria-other,Syria,Dara,Tall al Jabiyah,32.9199,36.0,1
2024-07,Israel,Syria-other,Syria,Dara,Tassil,32.8355,35.9718,1
2024-07,Israel,Syria-other,Syria,Rural Damascus,Yafur,33.5283,36.0676,1
2024-08,Hezbollah,Israel,Israel,HaZafon,Abirim,33.0384,35.2869,1
2024-08,Hezbollah,Israel,Israel,HaZafon,Adamit,33.0797,35.211,1
2024-08,Hezbollah,Israel,Israel,HaZafon,Akko,32.9281,35.0765,1
2024-08,Hezbollah,Israel,Israel,HaZafon,Al Baghdadi,33.1655,35.5478,1
2024-08,Hezbollah,Israel,Israel,HaZafon,Al Jardah,33.0968,35.2184,1
2024-08,Hezbollah,Israel,Israel,HaZafon,Al Manara,33.2005,35.5421,3
2024-08,Hezbollah,Israel,Israel,HaZafon,Al Marj,33.2324,35.5446,10
2024-08,Hezbollah,Israel,Israel,HaZafon,Amiad,32.9304,35.5405,1
2024-08,Hezbollah,Israel,Israel,HaZafon,Amnon,32.9046,35.5715,1
2024-08,Hezbollah,Israel,Israel,HaZafon,Aramsha,33.0878,35.2284,3
2024-08,Hezbollah,Israel,Israel,HaZafon,Avdon,33.0479,35.18,4
2024-08,Hezbollah,Israel,Israel,HaZafon,Avivim,33.0889,35.4723,2
2024-08,Hezbollah,Israel,Israel,HaZafon,Avivim Barracks,33.0918,35.4669,1
2024-08,Hezbollah,Israel,Israel,HaZafon,Ayelet HaShahar,33.0222,35.5772,4
2024-08,Hezbollah,Israel,Israel,HaZafon,Baram,33.0592,35.4338,3
2024-08,Hezbollah,Israel,Israel,HaZafon,Bayad Blida,33.1405,35.5335,5
2024-08,Hezbollah,Israel,Israel,HaZafon,Beit Hillel,33.2086,35.607,3
2024-08,Hezbollah,Israel,Israel,HaZafon,Beit Hillel Base,33.2231,35.6017,4
2024-08,Hezbollah,Israel,Israel,HaZafon,Biranit,33.0583,35.3415,4
2024-08,Hezbollah,Israel,Israel,HaZafon,Biriya,32.9783,35.4997,2
2024-08,Hezbollah,Israel,Israel,HaZafon,Bustan HaGalil,32.9512,35.0827,1
2024-08,Hezbollah,Israel,Israel,HaZafon,Dhuhra,33.0988,35.2131,1
2024-08,Hezbollah,Israel,Israel,HaZafon,Dishon,33.0814,35.5174,1
2024-08,Hezbollah,Israel,Israel,HaZafon,Dovev,33.0522,35.4081,1
2024-08,Hezbollah,Israel,Israel,HaZafon,Dovev Barracks,33.0578,35.4002,2
2024-08,Hezbollah,Israel,Israel,HaZafon,Dvoranit Outpost,33.0915,35.1402,5
2024-08,Hezbollah,Israel,Israel,HaZafon,Eilit Base,33.0236,35.5485,1
2024-08,Hezbollah,Israel,Israel,HaZafon,Ein Zeitim Base,32.9948,35.4851,4
2024-08,Hezbollah,Israel,Israel,HaZafon,El Mazraa,32.9834,35.0984,1
2024-08,Hezbollah,Israel,Israel,HaZafon,Elon,33.0637,35.2201,1
2024-08,Hezbollah,Israel,Israel,HaZafon,Emeq HaHula,33.1572,35.6062,1
2024-08,Hezbollah,Israel,Israel,Haifa,En Shemer Airfield,32.4408,35.0078,1
2024-08,Hezbollah,Israel,Israel,HaZafon,Even Menahem,33.0742,35.294,1
2024-08,Hezbollah,Israel,Israel,HaZafon,Gaaton Base,33.0052,35.1894,3
2024-08,Hezbollah,Israel,Israel,HaZafon,Gadot,33.0192,35.6194,1
2024-08,Hezbollah,Israel,Israel,HaZafon,Gesher HaZiv,33.0404,35.1107,1
2024-08,Hezbollah,Israel,Israel,Tel Aviv,Glilot Base,32.1431,34.8172,1
2024-08,Hezbollah,Israel,Israel,HaZafon,Hadab Yaroun,33.0652,35.4314,7
2024-08,Hezbollah,Israel,Israel,HaZafon,Hanita,33.0875,35.1736,1
2024-08,Hezbollah,Israel,Israel,HaZafon,Hanita Military Post,33.092,35.1771,2
2024-08,Hezbollah,Israel,Israel,HaZafon,Harmon,33.0613,35.4031,1
2024-08,Hezbollah,Israel,Israel,HaZafon,Hazor HaGlilit,32.9805,35.5424,1
2024-08,Hezbollah,Israel,Israel,HaZafon,Hulata,33.0515,35.6098,1
2024-08,Hezbollah,Israel,Israel,HaZafon,Hurfeish,33.0177,35.3461,1
2024-08,Hezbollah,Israel,Israel,HaZafon,Jal Al Deir,33.0921,35.4896,2
2024-08,Hezbollah,Israel,Israel,HaZafon,Kabri,33.0209,35.1484,4
2024-08,Hezbollah,Israel,Israel,HaZafon,Kadita,33.0058,35.468,1
2024-08,Hezbollah,Israel,Israel,HaZafon,Kefar Blum,33.1717,35.6098,1
2024-08,Hezbollah,Israel,Israel,HaZafon,Kefar Szold,33.1959,35.6584,1
2024-08,Hezbollah,Israel,Israel,HaZafon,Kefar Yuval,33.2475,35.5981,1
2024-08,Hezbollah,Israel,Israel,HaZafon,Khilet Warda,33.0966,35.318,1
2024-08,Hezbollah,Israel,Israel,HaZafon,Kiryat Shmona,33.2073,35.572,14
2024-08,Hezbollah,Israel,Israel,HaZafon,Liman Barracks,33.0693,35.11,1
2024-08,Hezbollah,Israel,Israel,HaZafon,Livneh Outpost,33.1039,35.3167,4
2024-08,Hezbollah,Israel,Israel,HaZafon,Lohame HaGetaot,32.9631,35.095,1
2024-08,Hezbollah,Israel,Israel,HaZafon,Maayan Baruch Military Post,33.2485,35.6111,1
2024-08,Hezbollah,Israel,Israel,HaZafon,Mahanayim,32.989,35.5706,2
2024-08,Hezbollah,Israel,Israel,HaZafon,Mahava Alon Base,32.9021,35.4199,1
2024-08,Hezbollah,Israel,Israel,HaZafon,Malkiyya,33.0983,35.5108,5
2024-08,Hezbollah,Israel,Israel,HaZafon,Manot,33.0389,35.1954,2
2024-08,Hezbollah,Israel,Israel,HaZafon,Margaliyyot,33.2147,35.5449,4
2024-08,Hezbollah,Israel,Israel,HaZafon,Mattat,33.0413,35.3586,3
2024-08,Hezbollah,Israel,Israel,HaZafon,Mattat Barracks,33.0431,35.3619,3
2024-08,Hezbollah,Israel,Israel,HaZafon,Matzuva,33.0638,35.1576,1
2024-08,Hezbollah,Israel,Israel,HaZafon,Menara,33.1969,35.5439,7
2024-08,Hezbollah,Israel,Israel,HaZafon,Meron,32.9878,35.4409,1
2024-08,Hezbollah,Israel,Israel,HaZafon,Metulla,33.2792,35.5795,10
2024-08,Hezbollah,Israel,Israel,HaZafon,Metulla Barracks,33.2749,35.5718,1
2024-08,Hezbollah,Israel,Israel,HaZafon,Migdal Tefen,32.9787,35.2756,1
2024-08,Hezbollah,Israel,Israel,HaZafon,Misgav Am,33.2474,35.5489,8
2024-08,Hezbollah,Israel,Israel,HaZafon,Mishmar HaYarden,33.0033,35.5977,1
2024-08,Hezbollah,Israel,Israel,HaZafon,Mitzpeh Adi Army Base,33.2257,35.5499,5
2024-08,Hezbollah,Israel,Israel,HaZafon,Mount Meron Base,32.9975,35.4123,2
2024-08,Hezbollah,Israel,Israel,HaZafon,Mount Neria Base,33.0102,35.3922,2
2024-08,Hezbollah,Israel,Israel,HaZafon,Nahariyya,33.0089,35.0981,2
2024-08,Hezbollah,Israel,Israel,HaZafon,Netu'a,33.0646,35.3234,3
2024-08,Hezbollah,Israel,Israel,HaZafon,Neve Ziv,33.0273,35.1814,2
2024-08,Hezbollah,Israel,Israel,HaZafon,Nurit Outpost,33.0819,35.3247,6
2024-08,Hezbollah,Israel,Israel,HaZafon,Rakefet Outpost,33.1623,35.5388,2
2024-08,Hezbollah,Israel,Israel,HaZafon,Ramot Naftali,33.1015,35.5532,2
2024-08,Hezbollah,Israel,Israel,HaZafon,Rosh HaNikra Naval Base,33.0929,35.1061,2
2024-08,Hezbollah,Israel,Israel,HaZafon,Safed,32.9647,35.496,3
2024-08,Hezbollah,Israel,Israel,HaZafon,Shamir,33.1659,35.6604,1
2024-08,Hezbollah,Israel,Israel,HaZafon,Sheikh Danun,32.994,35.1489,1
2024-08,Hezbollah,Israel,Israel,HaZafon,Shetula,33.0852,35.3149,5
2024-08,Hezbollah,Israel,Israel,HaZafon,Shlomi,33.0726,35.1458,5
2024-08,Hezbollah,Israel,Israel,HaZafon,Shomera,33.0827,35.2838,4
2024-08,Hezbollah,Israel,Israel,HaZafon,Shomera Armory Camp,33.0832,35.2586,3
2024-08,Hezbollah,Israel,Israel,HaZafon,Shraga Barracks,32.963,35.0918,2
2024-08,Hezbollah,Israel,Israel,HaZafon,Tal Al Khazan,33.1503,35.5461,1
2024-08,Hezbollah,Israel,Israel,HaZafon,Talat Al Taihat,33.17,35.5506,1
2024-08,Hezbollah,Israel,Israel,HaZafon,Turmos Outpost,33.1125,35.5078,7
2024-08,Hezbollah,Israel,Israel,HaZafon,Yaara,33.0675,35.187,5
2024-08,Hezbollah,Israel,Israel,HaZafon,Yakinton Outpost,33.095,35.256,8
2024-08,Hezbollah,Israel,Israel,HaZafon,Yiftah Barracks,33.1431,35.5546,1
2024-08,Hezbollah,Israel,Israel,HaZafon,Zarit,33.0996,35.2889,4
2024-08,Hezbollah,Israel,Israel,HaZafon,Zarit Barracks,33.1032,35.2906,6
2024-08,Hezbollah,Israel,Israel,HaZafon,Zomet Koach,33.1153,35.5712,1
2024-08,Hezbollah,Lebanon,Lebanon,Al Nabatieh,Tal Shaar,33.0961,35.3256,1
2024-08,Hezbollah,Lebanon,Lebanon,Al Nabatieh,Tziporen Outpost,33.2084,35.5375,2
2024-08,Hezbollah,Quneitra/Golan,Syria,Quneitra,Al Ramtha,33.2852,35.6903,6
2024-08,Hezbollah,Quneitra/Golan,Syria,Quneitra,Al Samaka,33.2995,35.7021,15
2024-08,Hezbollah,Quneitra/Golan,Syria,Quneitra,Ein Qiniyye,33.2371,35.7314,2
2024-08,Hezbollah,Quneitra/Golan,Syria,Quneitra,Ghajar,33.2712,35.6229,3
2024-08,Hezbollah,Quneitra/Golan,Syria,Quneitra,Gladiola Outpost,33.3182,35.7122,16
2024-08,Hezbollah,Quneitra/Golan,Syria,Quneitra,Katsafia Base,32.9836,35.7281,1
2024-08,Hezbollah,Quneitra/Golan,Syria,Quneitra,Katzrin,32.9919,35.6914,3
2024-08,Hezbollah,Quneitra/Golan,Syria,Quneitra,Keila Base,33.1699,35.7174,3
2024-08,Hezbollah,Quneitra/Golan,Syria,Quneitra,Kela Alon,33.1319,35.6837,1
2024-08,Hezbollah,Quneitra/Golan,Syria,Quneitra,Majdal Shams,33.2655,35.7686,1
2024-08,Hezbollah,Quneitra/Golan,Syria,Quneitra,Ortal,33.0885,35.7591,1
2024-08,Hezbollah,Quneitra/Golan,Syria,Quneitra,Rwayset Al Qarn,33.2805,35.6735,1
2024-08,Hezbollah,Quneitra/Golan,Syria,Quneitra,Shebaa Farms,33.2833,35.7,3
2024-08,Hezbollah,Quneitra/Golan,Syria,Quneitra,Tel Faher Base,33.2138,35.7021,5
2024-08,Hezbollah,Quneitra/Golan,Syria,Quneitra,Tsnobar Base,33.0054,35.6697,1
2024-08,Hezbollah,Quneitra/Golan,Syria,Quneitra,Yarden Base,32.9885,35.6491,2
2024-08,Hezbollah,Quneitra/Golan,Syria,Quneitra,Yitzak Base,33.0519,35.7336,3
2024-08,Hezbollah,Quneitra/Golan,Syria,Quneitra,Yoav Base,33.1572,35.7146,1
2024-08,Hezbollah,Quneitra/Golan,Syria,Quneitra,Zebdine,33.2772,35.6868,9
2024-08,Israel,Lebanon,Lebanon,Al Nabatieh,Aabba,33.3617,35.4026,2
2024-08,Israel,Lebanon,Lebanon,South,Aabbassiye,33.2983,35.2821,5
2024-08,Israel,Lebanon,Lebanon,South,Aabra,33.5667,35.4058,1
2024-08,Israel,Lebanon,Lebanon,Al Nabatieh,Aadayseh Marjayoun,33.2544,35.5424,19
2024-08,Israel,Lebanon,Lebanon,Al Nabatieh,Aadchit,33.3477,35.4183,1
2024-08,Israel,Lebanon,Lebanon,South,Aalma Ech Chaab,33.1042,35.1819,17
2024-08,Israel,Lebanon,Lebanon,Al Nabatieh,Aalmane,33.3019,35.4701,2
2024-08,Israel,Lebanon,Lebanon,Al Nabatieh,Aayta Ej Jabal,33.1748,35.4044,2
2024-08,Israel,Lebanon,Lebanon,South,Aaziyyeh,33.1835,35.2342,2
2024-08,Israel,Lebanon,Lebanon,South,Abu Shash,33.1281,35.2123,2
2024-08,Israel,Lebanon,Lebanon,South,Ain Aalma,33.1118,35.1659,1
2024-08,Israel,Lebanon,Lebanon,Bekaa,Ain At Tina,33.5018,35.6423,1
2024-08,Israel,Lebanon,Lebanon,Al Nabatieh,Ain Ebel,33.1112,35.4036,1
2024-08,Israel,Lebanon,Lebanon,Al Nabatieh,Ain Qana,33.4719,35.5101,1
2024-08,Israel,Lebanon,Lebanon,South,Ain Zarqa,33.1214,35.2002,1
2024-08,Israel,Lebanon,Lebanon,Al Nabatieh,Aita ech Chaab,33.0971,35.3367,45
2024-08,Israel,Lebanon,Lebanon,Al Nabatieh,Aitaroun,33.1153,35.4714,17
2024-08,Israel,Lebanon,Lebanon,Baalbek-Hermel,Al Nabi Sheet,33.8731,36.1117,2
2024-08,Israel,Lebanon,Lebanon,Al Nabatieh,Al Wazzani,33.2756,35.6228,8
2024-08,Israel,Lebanon,Lebanon,South,Aramta,33.4618,35.5744,1
2024-08,Israel,Lebanon,Lebanon,Al Nabatieh,Arnoun,33.3317,35.5264,1
2024-08,Israel,Lebanon,Lebanon,Al Nabatieh,At Tiri,33.1403,35.4029,12
2024-08,Israel,Lebanon,Lebanon,South,Baflay,33.2638,35.364,1
2024-08,Israel,Lebanon,Lebanon,Al Nabatieh,Bani Haiyan,33.2431,35.489,6
2024-08,Israel,Lebanon,Lebanon,Al Nabatieh,Baraachit,33.1761,35.4433,2
2024-08,Israel,Lebanon,Lebanon,South,Batouliyeh,33.2254,35.2553,2
2024-08,Israel,Lebanon,Lebanon,Al Nabatieh,Beit Lif,33.1328,35.3356,12
2024-08,Israel,Lebanon,Lebanon,Al Nabatieh,Beit Yahoun,33.1592,35.4225,1
2024-08,Israel,Lebanon,Lebanon,Al Nabatieh,Bent Jbeil,33.1194,35.4333,4
2024-08,Israel,Lebanon,Lebanon,Al Nabatieh,Berghoz,33.4126,35.6244,1
2024-08,Israel,Lebanon,Lebanon,South,Bestiyat,33.289,35.358,1
2024-08,Israel,Lebanon,Lebanon,Al Nabatieh,Blida,33.14,35.5147,9
2024-08,Israel,Lebanon,Lebanon,Al Nabatieh,Borj el Mlouk,33.3215,35.5632,4
2024-08,Israel,Lebanon,Lebanon,Baalbek-Hermel,Bouaidah,34.4358,36.4144,1
2024-08,Israel,Lebanon,Lebanon,South,Bouslaiaya,33.5009,35.5129,1
2024-08,Israel,Lebanon,Lebanon,South,Chamaa,33.1511,35.1995,5
2024-08,Israel,Lebanon,Lebanon,Al Nabatieh,Chaqra,33.1933,35.4678,2
2024-08,Israel,Lebanon,Lebanon,Al Nabatieh,Chebaa,33.3475,35.7492,16
2024-08,Israel,Lebanon,Lebanon,South,Chihhine,33.1265,35.256,9
2024-08,Israel,Lebanon,Lebanon,South,Dayr Qanun An Nahr,33.2992,35.3112,1
2024-08,Israel,Lebanon,Lebanon,North,Debaal,34.434,36.0816,1
2024-08,Israel,Lebanon,Lebanon,Al Nabatieh,Deir Mimas,33.3025,35.5458,12
2024-08,Israel,Lebanon,Lebanon,Al Nabatieh,Deir Siriane,33.292,35.5002,7
2024-08,Israel,Lebanon,Lebanon,Al Nabatieh,Dellafeh,33.4298,35.6458,1
2024-08,Israel,Lebanon,Lebanon,South,Derdghaya,33.2808,35.3708,1
2024-08,Israel,Lebanon,Lebanon,Al Nabatieh,Douair,33.3903,35.4177,1
2024-08,Israel,Lebanon,Lebanon,South,Ed Dhayra,33.1053,35.2248,13
2024-08,Israel,Lebanon,Lebanon,Al Nabatieh,El Habbariye,33.3675,35.6975,1
2024-08,Israel,Lebanon,Lebanon,Al Nabatieh,El Hamames,33.2924,35.59,1
2024-08,Israel,Lebanon,Lebanon,Al Nabatieh,El Majidiye,33.2842,35.6564,2
2024-08,Israel,Lebanon,Lebanon,South,El Mansouri,33.1786,35.2061,5
2024-08,Israel,Lebanon,Lebanon,Al Nabatieh,El Meri,33.3204,35.6423,1
2024-08,Israel,Lebanon,Lebanon,Al Nabatieh,El Qoussair,33.2929,35.4566,2
2024-08,Israel,Lebanon,Lebanon,Al Nabatieh,Fradis,33.371,35.6679,1
2024-08,Israel,Lebanon,Lebanon,South,Ghaziyeh,33.5187,35.3663,1
2024-08,Israel,Lebanon,Lebanon,Baalbek-Hermel,Hadath,34.0013,36.0283,1
2024-08,Israel,Lebanon,Lebanon,Al Nabatieh,Haddatha,33.1651,35.3912,6
2024-08,Israel,Lebanon,Lebanon,South,Hamoul,33.1232,35.1657,12
2024-08,Israel,Lebanon,Lebanon,Al Nabatieh,Hanine,33.1085,35.3796,8
2024-08,Israel,Lebanon,Lebanon,South,Hannaouiye,33.2183,35.2776,1
2024-08,Israel,Lebanon,Lebanon,South,Hanniyeh,33.1902,35.2236,2
2024-08,Israel,Lebanon,Lebanon,Al Nabatieh,Haris,33.1803,35.377,1
2024-08,Israel,Lebanon,Lebanon,Al Nabatieh,Hilta,33.3088,35.6667,6
2024-08,Israel,Lebanon,Lebanon,South,Hosh,33.2434,35.2384,1
2024-08,Israel,Lebanon,Lebanon,Al Nabatieh,Houla,33.2092,35.515,18
2024-08,Israel,Lebanon,Lebanon,South,Jabal Blat,33.1148,35.2908,1
2024-08,Israel,Lebanon,Lebanon,South,Jebbayn,33.1235,35.2358,11
2024-08,Israel,Lebanon,Lebanon,South,Jouaiya,33.2378,35.3373,1
2024-08,Israel,Lebanon,Lebanon,South,Kaouthariyet el Saiyad,33.415,35.3843,1
2024-08,Israel,Lebanon,Lebanon,Al Nabatieh,Kfar Chouba,33.3278,35.6925,20
2024-08,Israel,Lebanon,Lebanon,Al Nabatieh,Kfar Fila,33.4818,35.4983,2
2024-08,Israel,Lebanon,Lebanon,Al Nabatieh,Kfar Hamam,33.3439,35.6789,18
2024-08,Israel,Lebanon,Lebanon,Al Nabatieh,Kfar Kila,33.2772,35.5517,34
2024-08,Israel,Lebanon,Lebanon,South,Kfarmelki,33.5024,35.4778,1
2024-08,Israel,Lebanon,Lebanon,Al Nabatieh,Kfour,33.4007,35.4518,1
2024-08,Israel,Lebanon,Lebanon,South,Kharayeb,33.3434,35.2992,1
2024-08,Israel,Lebanon,Lebanon,Al Nabatieh,Khiyam,33.3278,35.6128,24
2024-08,Israel,Lebanon,Lebanon,Al Nabatieh,Khraibe,33.3387,35.6447,1
2024-08,Israel,Lebanon,Lebanon,Al Nabatieh,Kounine,33.1487,35.433,10
2024-08,Israel,Lebanon,Lebanon,South,Labbouneh,33.0977,35.1498,16
2024-08,Israel,Lebanon,Lebanon,South,Maarakeh,33.2727,35.3002,1
2024-08,Israel,Lebanon,Lebanon,South,Maaroub,33.2856,35.3478,1
2024-08,Israel,Lebanon,Lebanon,South,Mahmoudiya,33.3868,35.5523,2
2024-08,Israel,Lebanon,Lebanon,Al Nabatieh,Majdel Selm,33.2222,35.4647,3
2024-08,Israel,Lebanon,Lebanon,South,Majdel Zoun,33.1514,35.2261,6
2024-08,Israel,Lebanon,Lebanon,Al Nabatieh,Marjayoun,33.3603,35.5911,6
2024-08,Israel,Lebanon,Lebanon,Al Nabatieh,Markaba,33.2333,35.513,19
2024-08,Israel,Lebanon,Lebanon,Al Nabatieh,Maroun er Ras,33.1038,35.4444,7
2024-08,Israel,Lebanon,Lebanon,South,Marwahin,33.1086,35.2754,3
2024-08,Israel,Lebanon,Lebanon,South,Matmoura,33.11,35.2184,3
2024-08,Israel,Lebanon,Lebanon,Al Nabatieh,Mayfadoun,33.3472,35.4764,1
2024-08,Israel,Lebanon,Lebanon,Al Nabatieh,Mays el Jabal,33.1691,35.5234,18
2024-08,Israel,Lebanon,Lebanon,South,Mazraat Buyut as Sayad,33.1676,35.194,1
2024-08,Israel,Lebanon,Lebanon,Al Nabatieh,Mazraat Sarada,33.2911,35.5996,3
2024-08,Israel,Lebanon,Lebanon,South,Mazraat el Aarqoub,33.4008,35.535,1
2024-08,Israel,Lebanon,Lebanon,Al Nabatieh,Mhaibib,33.1544,35.5052,6
2024-08,Israel,Lebanon,Lebanon,South,Mjadel,33.2286,35.3589,1
2024-08,Israel,Lebanon,Lebanon,South,Mlikh,33.4688,35.556,1
2024-08,Israel,Lebanon,Lebanon,Al Nabatieh,Nabatiye,33.3789,35.4839,1
2024-08,Israel,Lebanon,Lebanon,Al Nabatieh,Qabrikha,33.2489,35.4623,9
2024-08,Israel,Lebanon,Lebanon,Al Nabatieh,Qalat Daba,33.1991,35.517,1
2024-08,Israel,Lebanon,Lebanon,South,Qasmiyeh,33.3263,35.248,2
2024-08,Israel,Lebanon,Lebanon,Al Nabatieh,Qlayaa,33.3347,35.5709,3
2024-08,Israel,Lebanon,Lebanon,Al Nabatieh,Qouzah,33.1203,35.3382,2
2024-08,Israel,Lebanon,Lebanon,Al Nabatieh,Rab el Thalathine,33.2482,35.5194,11
2024-08,Israel,Lebanon,Lebanon,Al Nabatieh,Rachaya al Foukhar,33.3541,35.6675,15
2024-08,Israel,Lebanon,Lebanon,Al Nabatieh,Ramieh,33.1108,35.3103,20
2024-08,Israel,Lebanon,Lebanon,South,Ras al Naqoura,33.1181,35.1397,33
2024-08,Israel,Lebanon,Lebanon,Al Nabatieh,Rchaf,33.1436,35.3632,7
2024-08,Israel,Lebanon,Lebanon,South,Rihan,33.4445,35.567,3
2024-08,Israel,Lebanon,Lebanon,Al Nabatieh,Rmaysh,33.0783,35.3661,7
2024-08,Israel,Lebanon,Lebanon,South,Saddiqine,33.1906,35.3106,1
2024-08,Israel,Lebanon,Lebanon,Baalbek-Hermel,Saraain,33.8856,36.0722,1
2024-08,Israel,Lebanon,Lebanon,Baalbek-Hermel,Saraain El Tahta,33.8795,36.0654,1
2024-08,Israel,Lebanon,Lebanon,Al Nabatieh,Sarbah,33.4667,35.4744,1
2024-08,Israel,Lebanon,Lebanon,South,Sejoud,33.4335,35.5338,2
2024-08,Israel,Lebanon,Lebanon,South,Sidon,33.5599,35.3756,3
2024-08,Israel,Lebanon,Lebanon,Al Nabatieh,Tallit el Azziye,33.293,35.5419,2
2024-08,Israel,Lebanon,Lebanon,Al Nabatieh,Talouseh,33.2324,35.4851,15
2024-08,Israel,Lebanon,Lebanon,South,Taoumat Niha,33.5169,35.5741,1
2024-08,Israel,Lebanon,Lebanon,Al Nabatieh,Taybeh,33.2755,35.5179,12
2024-08,Israel,Lebanon,Lebanon,South,Tayr Debba,33.2757,35.2784,1
2024-08,Israel,Lebanon,Lebanon,South,Tayr Harfa,33.1285,35.2192,22
2024-08,Israel,Lebanon,Lebanon,Al Nabatieh,Tell en Nhas,33.3125,35.5666,5
2024-08,Israel,Lebanon,Lebanon,Baalbek-Hermel,Temnine et Tehta,33.8861,35.9944,1
2024-08,Israel,Lebanon,Lebanon,Al Nabatieh,Touline,33.2477,35.4482,2
2024-08,Israel,Lebanon,Lebanon,South,Tyr,33.2733,35.1939,1
2024-08,Israel,Lebanon,Lebanon,South,Umm Touteh,33.1085,35.2553,1
2024-08,Israel,Lebanon,Lebanon,Al Nabatieh,Wadi El Hujeir,33.3423,35.2439,1
2024-08,Israel,Lebanon,Lebanon,South,Wadi Jilo,33.2436,35.3044,1
2024-08,Israel,Lebanon,Lebanon,South,Wardiyeh,33.405,35.5936,1
2024-08,Israel,Lebanon,Lebanon,South,Yarine,33.1064,35.2324,8
2024-08,Israel,Lebanon,Lebanon,Al Nabatieh,Yaroun,33.0803,35.4225,16
2024-08,Israel,Lebanon,Lebanon,Al Nabatieh,Yater,33.1541,35.3302,5
2024-08,Israel,Lebanon,Lebanon,Al Nabatieh,Yohmor,33.3114,35.5163,2
2024-08,Israel,Lebanon,Lebanon,Al Nabatieh,Zaoutar ech Charqiye,33.3197,35.4725,2
2024-08,Israel,Lebanon,Lebanon,South,Zebqine,33.1656,35.2669,10
2024-08,Israel,Syria-other,Syria,Hama,47th Brigade Army Base,35.0503,36.7781,1
2024-08,Israel,Syria-other,Syria,Homs,Al Qusayr - Military Air Base,34.5672,36.5855,1
2024-08,Israel,Syria-other,Syria,Homs,Ar-Rastan,34.9241,36.7312,1
2024-08,Israel,Syria-other,Syria,Rural Damascus,Az-Zabdani,33.7252,36.1024,2
2024-08,Israel,Syria-other,Syria,Homs,Hosh al Sayed Ali,34.4604,36.4965,1
2024-08,Israel,Syria-other,Syria,Hama,Khattab,35.1957,36.6684,1
2024-08,Israel,Syria-other,Syria,Homs,Kherbet Tin Noor,34.7015,36.558,1
2024-08,Israel,Syria-other,Syria,Hama,Maarin,35.0486,36.7647,1
2024-08,Israel,Syria-other,Syria,Homs,Matraba,34.4817,36.4906,1
2024-08,Israel,Syria-other,Syria,Homs,Shayrat Air Base,34.5006,36.8989,1
2024-08,Israel,Syria-other,Syria,Dara,Tall al Jabiyah,32.9199,36.0,1
2024-08,Israel,Syria-other,Syria,Hama,Taqsis,35.0174,36.8596,1
2024-08,Israel,Syria-other,Syria,Homs,Umm Haratayn,34.5842,36.4537,1
2024-08,Israel,Syria-other,Syria,Homs,Zeita,34.5073,36.4745,1
2024-09,Hezbollah,Israel,Israel,HaZafon,Abirim,33.0384,35.2869,1
2024-09,Hezbollah,Israel,Israel,HaZafon,Adamit,33.0797,35.211,3
2024-09,Hezbollah,Israel,Israel,HaZafon,Afeq,32.8389,35.1278,1
2024-09,Hezbollah,Israel,Israel,HaZafon,Afula,32.6091,35.2892,3
2024-09,Hezbollah,Israel,Israel,HaZafon,Ahihud,32.9084,35.1714,1
2024-09,Hezbollah,Israel,Israel,HaZafon,Akko,32.9281,35.0765,3
2024-09,Hezbollah,Israel,Israel,HaZafon,Al Marj,33.2324,35.5446,1
2024-09,Hezbollah,Israel,Israel,HaZafon,Alonei Abba,32.7302,35.1714,1
2024-09,Hezbollah,Israel,Israel,HaZafon,Amiad,32.9304,35.5405,4
2024-09,Hezbollah,Israel,Israel,HaZafon,Aramsha,33.0878,35.2284,4
2024-09,Hezbollah,Israel,Israel,Haifa,Atlit,32.6889,34.9424,1
2024-09,Hezbollah,Israel,Israel,HaZafon,Avdon,33.0479,35.18,1
2024-09,Hezbollah,Israel,Israel,HaZafon,Avivim,33.0889,35.4723,1
2024-09,Hezbollah,Israel,Israel,HaZafon,Ayelet HaShahar,33.0222,35.5772,3
2024-09,Hezbollah,Israel,Israel,HaZafon,Baram,33.0592,35.4338,1
2024-09,Hezbollah,Israel,Israel,HaZafon,Basmat Tabun,32.739,35.1572,2
2024-09,Hezbollah,Israel,Israel,Haifa,Bat Shelomo,32.6003,35.004,1
2024-09,Hezbollah,Israel,Israel,HaZafon,Bayt Zaid,32.7017,35.1303,1
2024-09,Hezbollah,Israel,Israel,HaZafon,Beit Hillel,33.2086,35.607,4
2024-09,Hezbollah,Israel,Israel,HaZafon,Beit Hillel Base,33.2231,35.6017,2
2024-09,Hezbollah,Israel,Israel,HaZafon,Bet Shearim,32.6978,35.18,1
2024-09,Hezbollah,Israel,Israel,HaZafon,Bir el Maksur,32.7773,35.2206,1
2024-09,Hezbollah,Israel,Israel,HaZafon,Biranit,33.0583,35.3415,1
2024-09,Hezbollah,Israel,Israel,HaZafon,Biriya,32.9783,35.4997,6
2024-09,Hezbollah,Israel,Israel,HaZafon,Camp Naura,32.6244,35.3745,1
2024-09,Hezbollah,Israel,Israel,HaZafon,Coast of Akko,32.9365,34.9538,3
2024-09,Hezbollah,Israel,Israel,Haifa,Coast of Haifa,32.8507,35.005,2
2024-09,Hezbollah,Israel,Israel,Tel Aviv,Coast of Tel Aviv,32.0815,34.7517,1
2024-09,Hezbollah,Israel,Israel,Haifa,Daliyat al Karmel,32.6938,35.0469,2
2024-09,Hezbollah,Israel,Israel,HaZafon,Dalton,33.0164,35.489,2
2024-09,Hezbollah,Israel,Israel,HaZafon,Dan,33.2398,35.6534,3
2024-09,Hezbollah,Israel,Israel,HaZafon,Dishon,33.0814,35.5174,2
2024-09,Hezbollah,Israel,Israel,HaZafon,Dvoranit Outpost,33.0915,35.1402,4
2024-09,Hezbollah,Israel,Israel,HaZafon,Ein Yaakov,33.0098,35.2298,3
2024-09,Hezbollah,Israel,Israel,HaZafon,Ein Zeitim Base,32.9948,35.4851,2
2024-09,Hezbollah,Israel,Israel,HaZafon,Elkosh,33.0335,35.3244,2
2024-09,Hezbollah,Israel,Israel,HaZafon,Elyaqim,32.632,35.0669,2
2024-09,Hezbollah,Israel,Israel,HaZafon,Emeq HaHula,33.1572,35.6062,1
2024-09,Hezbollah,Israel,Israel,HaZafon,Gaaton,33.0063,35.2148,1
2024-09,Hezbollah,Israel,Israel,HaZafon,Gesher HaZiv,33.0404,35.1107,2
2024-09,Hezbollah,Israel,Israel,HaZafon,Givat Avni,32.7768,35.4375,1
2024-09,Hezbollah,Israel,Israel,Tel Aviv,Glilot Base,32.1431,34.8172,1
2024-09,Hezbollah,Israel,Israel,HaZafon,Gonen,33.1236,35.6476,1
2024-09,Hezbollah,Israel,Israel,HaZafon,HaGoshrim,33.2206,35.6233,2
2024-09,Hezbollah,Israel,Israel,Haifa,Haifa,32.8184,34.9885,5
2024-09,Hezbollah,Israel,Israel,HaZafon,Hanita,33.0875,35.1736,3
2024-09,Hezbollah,Israel,Israel,HaZafon,Hazor HaGlilit,32.9805,35.5424,1
2024-09,Hezbollah,Israel,Israel,HaZafon,Hila,33.0358,35.2457,1
2024-09,Hezbollah,Israel,Israel,HaZafon,Huqoq,32.8792,35.4956,1
2024-09,Hezbollah,Israel,Israel,HaZafon,Ilaniya,32.7536,35.4081,2
2024-09,Hezbollah,Israel,Israel,HaZafon,Ilut,32.7164,35.2594,1
2024-09,Hezbollah,Israel,Israel,Haifa,Isfiya,32.7184,35.0651,1
2024-09,Hezbollah,Israel,Israel,HaZafon,Jadeidi Makr,32.9286,35.1496,3
2024-09,Hezbollah,Israel,Israel,HaZafon,Jish,33.0222,35.4469,1
2024-09,Hezbollah,Israel,Israel,HaZafon,Kabri,33.0209,35.1484,2
2024-09,Hezbollah,Israel,Israel,HaZafon,Kabul,32.8686,35.2117,1
2024-09,Hezbollah,Israel,Israel,HaZafon,Kadita,33.0058,35.468,1
2024-09,Hezbollah,Israel,Israel,HaZafon,Kafr Kanna,32.7466,35.3424,1
2024-09,Hezbollah,Israel,Israel,HaZafon,Kafr Manda,32.8103,35.2601,4
2024-09,Hezbollah,Israel,Israel,HaZafon,Karmiel,32.9171,35.305,1
2024-09,Hezbollah,Israel,Israel,HaZafon,Kefar Blum,33.1717,35.6098,1
2024-09,Hezbollah,Israel,Israel,HaZafon,Kefar Giladi,33.2423,35.5752,4
2024-09,Hezbollah,Israel,Israel,Haifa,Kefar Hasidim,32.7487,35.0914,1
2024-09,Hezbollah,Israel,Israel,HaZafon,Kefar Hittim,32.7996,35.5028,1
2024-09,Hezbollah,Israel,Israel,HaZafon,Kefar Masaryk,32.8902,35.0989,1
2024-09,Hezbollah,Israel,Israel,HaZafon,Kefar Shammay,32.9574,35.4574,1
2024-09,Hezbollah,Israel,Israel,HaZafon,Kefar Szold,33.1959,35.6584,2
2024-09,Hezbollah,Israel,Israel,HaZafon,Kefar Yuval,33.2475,35.5981,1
2024-09,Hezbollah,Israel,Israel,HaZafon,Kerem Ben Zimra,33.0383,35.4687,1
2024-09,Hezbollah,Israel,Israel,HaZafon,Keren Naftali,33.0903,35.5628,1
2024-09,Hezbollah,Israel,Israel,HaZafon,Kfar Gidon,32.6443,35.2913,1
2024-09,Hezbollah,Israel,Israel,HaZafon,Khawalid,32.7593,35.1579,1
2024-09,Hezbollah,Israel,Israel,Haifa,Kiryat Ata,32.8115,35.1132,2
2024-09,Hezbollah,Israel,Israel,HaZafon,Kiryat Shmona,33.2073,35.572,15
2024-09,Hezbollah,Israel,Israel,HaZafon,Lavi,32.7865,35.4394,1
2024-09,Hezbollah,Israel,Israel,HaZafon,Liman,33.0602,35.1127,2
2024-09,Hezbollah,Israel,Israel,HaZafon,Livneh Outpost,33.1039,35.3167,1
2024-09,Hezbollah,Israel,Israel,HaZafon,Lohame HaGetaot,32.9631,35.095,1
2024-09,Hezbollah,Israel,Israel,HaZafon,Maalot,33.0129,35.2774,1
2024-09,Hezbollah,Israel,Israel,HaZafon,Maayan Baruch,33.2403,35.609,3
2024-09,Hezbollah,Israel,Israel,HaZafon,Malkiyya,33.0983,35.5108,4
2024-09,Hezbollah,Israel,Israel,HaZafon,Manot,33.0389,35.1954,3
2024-09,Hezbollah,Israel,Israel,HaZafon,Margaliyyot,33.2147,35.5449,7
2024-09,Hezbollah,Israel,Israel,HaZafon,Mattat,33.0413,35.3586,8
2024-09,Hezbollah,Israel,Israel,HaZafon,Matzuva,33.0638,35.1576,3
2024-09,Hezbollah,Israel,Israel,HaZafon,Megiddo,32.5786,35.1807,1
2024-09,Hezbollah,Israel,Israel,HaZafon,Meishar Camp,32.9894,35.5151,2
2024-09,Hezbollah,Israel,Israel,HaZafon,Menara,33.1969,35.5439,11
2024-09,Hezbollah,Israel,Israel,HaZafon,Metulla,33.2792,35.5795,10
2024-09,Hezbollah,Israel,Israel,HaZafon,Migdal HaEmeq,32.676,35.2399,1
2024-09,Hezbollah,Israel,Israel,HaZafon,Misgav Am,33.2474,35.5489,1
2024-09,Hezbollah,Israel,Israel,HaZafon,Mitzpe Netofa,32.8029,35.3829,1
2024-09,Hezbollah,Israel,Israel,HaZafon,Moreshet,32.8286,35.2347,1
2024-09,Hezbollah,Israel,Israel,HaZafon,Mount Meron Base,32.9975,35.4123,2
2024-09,Hezbollah,Israel,Israel,HaZafon,Mount Neria Base,33.0102,35.3922,2
2024-09,Hezbollah,Israel,Israel,HaZafon,Nahariyya,33.0089,35.0981,6
2024-09,Hezbollah,Israel,Israel,HaZafon,Nazareth,32.6993,35.3048,5
2024-09,Hezbollah,Israel,Israel,HaZafon,Neve Ziv,33.0273,35.1814,3
2024-09,Hezbollah,Israel,Israel,Haifa,Nir Etzion,32.6986,34.9945,1
2024-09,Hezbollah,Israel,Israel,HaZafon,Nof HaGalil,32.7082,35.3247,2
2024-09,Hezbollah,Israel,Israel,Haifa,Qiryat Bialik,32.8275,35.0858,2
2024-09,Hezbollah,Israel,Israel,Haifa,Qiryat Hayyim,32.8213,35.0706,1
2024-09,Hezbollah,Israel,Israel,Haifa,Qiryat Motzkin,32.839,35.0774,2
2024-09,Hezbollah,Israel,Israel,Haifa,Qiryat Tivon,32.7162,35.1249,1
2024-09,Hezbollah,Israel,Israel,Haifa,Qiryat Yam,32.8497,35.0697,1
2024-09,Hezbollah,Israel,Israel,HaZafon,Ramat David Airbase,32.667,35.1814,4
2024-09,Hezbollah,Israel,Israel,HaZafon,Ramot Naftali,33.1015,35.5532,4
2024-09,Hezbollah,Israel,Israel,HaZafon,Reine,32.7222,35.3153,1
2024-09,Hezbollah,Israel,Israel,Haifa,Rekhasim,32.7493,35.0996,2
2024-09,Hezbollah,Israel,Israel,HaZafon,Rosh HaNikra Naval Base,33.0929,35.1061,1
2024-09,Hezbollah,Israel,Israel,HaZafon,Rosh Pinna,32.9689,35.5426,8
2024-09,Hezbollah,Israel,Israel,HaZafon,Saar,33.0285,35.1095,5
2024-09,Hezbollah,Israel,Israel,HaZafon,Sadah,33.09,35.4462,2
2024-09,Hezbollah,Israel,Israel,HaZafon,Safed,32.9647,35.496,15
2024-09,Hezbollah,Israel,Israel,HaZafon,Sakhnin,32.8642,35.2971,1
2024-09,Hezbollah,Israel,Israel,HaZafon,Sde Eliezer,33.0461,35.5647,1
2024-09,Hezbollah,Israel,Israel,HaZafon,Sde Ilan,32.7489,35.4219,1
2024-09,Hezbollah,Israel,Israel,HaZafon,Shamir,33.1659,35.6604,1
2024-09,Hezbollah,Israel,Israel,HaZafon,She'ar Yashuv,33.2263,35.6467,2
2024-09,Hezbollah,Israel,Israel,HaZafon,Shefaram,32.8058,35.169,1
2024-09,Hezbollah,Israel,Israel,HaZafon,Shetula,33.0852,35.3149,4
2024-09,Hezbollah,Israel,Israel,HaZafon,Shlomi,33.0726,35.1458,6
2024-09,Hezbollah,Israel,Israel,HaZafon,Shomera,33.0827,35.2838,1
2024-09,Hezbollah,Israel,Israel,HaZafon,Snir,33.2407,35.6773,3
2024-09,Hezbollah,Israel,Israel,HaZafon,Tamra,32.853,35.1987,1
2024-09,Hezbollah,Israel,Israel,HaZafon,Tiberias,32.7922,35.5312,4
2024-09,Hezbollah,Israel,Israel,HaZafon,Turmos Outpost,33.1125,35.5078,1
2024-09,Hezbollah,Israel,Israel,HaZafon,Yaara,33.0675,35.187,3
2024-09,Hezbollah,Israel,Israel,HaZafon,Yafa an Nasirah,32.6892,35.2783,1
2024-09,Hezbollah,Israel,Israel,Haifa,Yagur,32.7421,35.0774,2
2024-09,Hezbollah,Israel,Israel,HaZafon,Yakinton Outpost,33.095,35.256,4
2024-09,Hezbollah,Israel,Israel,HaZafon,Yehiam,32.9967,35.221,1
2024-09,Hezbollah,Israel,Israel,HaZafon,Yesud HaMaala,33.0592,35.6103,2
2024-09,Hezbollah,Israel,Israel,HaZafon,Yiftah,33.1288,35.5523,8
2024-09,Hezbollah,Israel,Israel,HaZafon,Yirka,32.9544,35.212,1
2024-09,Hezbollah,Israel,Israel,HaZafon,Yiron,33.0776,35.4546,5
2024-09,Hezbollah,Israel,Israel,HaZafon,Yoqneam Illit,32.6539,35.1038,2
2024-09,Hezbollah,Israel,Israel,HaZafon,Zarit,33.0996,35.2889,8
2024-09,Hezbollah,Israel,Israel,HaZafon,Zarzir,32.7275,35.2138,1
2024-09,Hezbollah,Israel,Israel,Haifa,Zevulun Military Industries Complex,32.8681,35.0921,3
2024-09,Hezbollah,Israel,Israel,Haifa,Zikhron Yaaqov,32.5665,34.9563,3
2024-09,Hezbollah,Israel,Israel,HaZafon,Zomet Golani,32.7749,35.408,1
2024-09,Hezbollah,Israel,Israel,HaZafon,Zomet Gome,33.1698,35.5694,1
2024-09,Hezbollah,Lebanon,Lebanon,Al Nabatieh,Kfar Kila,33.2772,35.5517,1
2024-09,Hezbollah,Quneitra/Golan,Syria,Quneitra,Al Ramtha,33.2852,35.6903,8
2024-09,Hezbollah,Quneitra/Golan,Syria,Quneitra,Al Samaka,33.2995,35.7021,10
2024-09,Hezbollah,Quneitra/Golan,Syria,Quneitra,Ein Qiniyye,33.2371,35.7314,1
2024-09,Hezbollah,Quneitra/Golan,Syria,Quneitra,Gladiola Outpost,33.3182,35.7122,12
2024-09,Hezbollah,Quneitra/Golan,Syria,Quneitra,Katzrin,32.9919,35.6914,9
2024-09,Hezbollah,Quneitra/Golan,Syria,Quneitra,Keila Base,33.1699,35.7174,1
2024-09,Hezbollah,Quneitra/Golan,Syria,Quneitra,Kela Alon,33.1319,35.6837,2
2024-09,Hezbollah,Quneitra/Golan,Syria,Quneitra,Merom Golan,33.1326,35.7769,1
2024-09,Hezbollah,Quneitra/Golan,Syria,Quneitra,Mount Hermon,33.3139,35.7706,2
2024-09,Hezbollah,Quneitra/Golan,Syria,Quneitra,Odem,33.1942,35.7486,1
2024-09,Hezbollah,Quneitra/Golan,Syria,Quneitra,Ortal,33.0885,35.7591,2
2024-09,Hezbollah,Quneitra/Golan,Syria,Quneitra,Radar Post,33.3309,35.7691,6
2024-09,Hezbollah,Quneitra/Golan,Syria,Quneitra,Rwayset Al Qarn,33.2805,35.6735,2
2024-09,Hezbollah,Quneitra/Golan,Syria,Quneitra,Shebaa Farms,33.2833,35.7,1
2024-09,Hezbollah,Quneitra/Golan,Syria,Quneitra,Tel Faher Base,33.2138,35.7021,7
2024-09,Hezbollah,Quneitra/Golan,Syria,Quneitra,Tsnobar Base,33.0054,35.6697,1
2024-09,Hezbollah,Quneitra/Golan,Syria,Quneitra,Yarden Base,32.9885,35.6491,2
2024-09,Hezbollah,Quneitra/Golan,Syria,Quneitra,Yehudiya Nature Reserve,32.938,35.7044,1
2024-09,Hezbollah,Quneitra/Golan,Syria,Quneitra,Yitzak Base,33.0519,35.7336,1
2024-09,Hezbollah,Quneitra/Golan,Syria,Quneitra,Yoav Base,33.1572,35.7146,1
2024-09,Hezbollah,Quneitra/Golan,Syria,Quneitra,Zebdine,33.2772,35.6868,8
2024-09,Israel,Lebanon,Lebanon,Al Nabatieh,Aabba,33.3617,35.4026,5
2024-09,Israel,Lebanon,Lebanon,South,Aabbassiye,33.2983,35.2821,11
2024-09,Israel,Lebanon,Lebanon,Al Nabatieh,Aadayseh Marjayoun,33.2544,35.5424,13
2024-09,Israel,Lebanon,Lebanon,Al Nabatieh,Aadchit,33.3477,35.4183,4
2024-09,Israel,Lebanon,Lebanon,South,Aadloun,33.4061,35.2741,8
2024-09,Israel,Lebanon,Lebanon,Baalbek-Hermel,Aadous,34.0169,36.1543,2
2024-09,Israel,Lebanon,Lebanon,South,Aalma Ech Chaab,33.1042,35.1819,15
2024-09,Israel,Lebanon,Lebanon,Al Nabatieh,Aalmane,33.3019,35.4701,2
2024-09,Israel,Lebanon,Lebanon,Baalbek-Hermel,Aamachki,33.9897,36.1989,1
2024-09,Israel,Lebanon,Lebanon,South,Aanqoun,33.4997,35.4303,7
2024-09,Israel,Lebanon,Lebanon,South,Aaqbiyeh,33.4687,35.3192,2
2024-09,Israel,Lebanon,Lebanon,Al Nabatieh,Aarab Salim,33.4297,35.5158,5
2024-09,Israel,Lebanon,Lebanon,South,Aaychiyeh,33.4089,35.5567,6
2024-09,Israel,Lebanon,Lebanon,Al Nabatieh,Aayta Ej Jabal,33.1748,35.4044,2
2024-09,Israel,Lebanon,Lebanon,South,Aaziyyeh,33.1835,35.2342,2
2024-09,Israel,Lebanon,Lebanon,Al Nabatieh,Aazze,33.4557,35.4312,4
2024-09,Israel,Lebanon,Lebanon,Bekaa,Ablah,33.8708,35.9681,1
2024-09,Israel,Lebanon,Lebanon,South,Abu Shash,33.1281,35.2123,1
2024-09,Israel,Lebanon,Lebanon,South,Adousieh,33.4728,35.3428,3
2024-09,Israel,Lebanon,Lebanon,Mount Lebanon,Ahmaj,34.1219,35.7853,1
2024-09,Israel,Lebanon,Lebanon,Bekaa,Ain At Tina,33.5018,35.6423,1
2024-09,Israel,Lebanon,Lebanon,South,Ain Baal,33.2331,35.2697,3
2024-09,Israel,Lebanon,Lebanon,Baalbek-Hermel,Ain Bourday,33.9878,36.2043,2
2024-09,Israel,Lebanon,Lebanon,Al Nabatieh,Ain Bousouar,33.474,35.5194,3
2024-09,Israel,Lebanon,Lebanon,South,Ain El Delb,33.5414,35.4061,1
2024-09,Israel,Lebanon,Lebanon,Al Nabatieh,Ain Qana,33.4719,35.5101,6
2024-09,Israel,Lebanon,Lebanon,South,Ain Zarqa,33.1214,35.2002,1
2024-09,Israel,Lebanon,Lebanon,Al Nabatieh,Ainata,33.1297,35.4409,9
2024-09,Israel,Lebanon,Lebanon,Al Nabatieh,Aita ech Chaab,33.0971,35.3367,35
2024-09,Israel,Lebanon,Lebanon,Al Nabatieh,Aitaroun,33.1153,35.4714,15
2024-09,Israel,Lebanon,Lebanon,Mount Lebanon,Aitat,33.7926,35.5522,1
2024-09,Israel,Lebanon,Lebanon,Baalbek-Hermel,Al Ain,34.2284,36.3621,3
2024-09,Israel,Lebanon,Lebanon,South,Al Bass,33.2725,35.2125,3
2024-09,Israel,Lebanon,Lebanon,Mount Lebanon,Al Hadath,33.8333,35.5333,2
2024-09,Israel,Lebanon,Lebanon,Bekaa,Al Hamudiyya,33.7705,35.8912,2
2024-09,Israel,Lebanon,Lebanon,Baalbek-Hermel,Al Hermel,34.3972,36.3874,12
2024-09,Israel,Lebanon,Lebanon,South,Al Lwaiza,33.4607,35.5368,4
2024-09,Israel,Lebanon,Lebanon,Baalbek-Hermel,Al Nabi Sheet,33.8731,36.1117,9
2024-09,Israel,Lebanon,Lebanon,Al Nabatieh,Al Wazzani,33.2756,35.6228,13
2024-09,Israel,Lebanon,Lebanon,Bekaa,Ali en Nahri,33.8558,36.0275,3
2024-09,Israel,Lebanon,Lebanon,Al Nabatieh,Ansar,33.3784,35.3537,8
2024-09,Israel,Lebanon,Lebanon,South,Ansariyeh,33.4128,35.2792,6
2024-09,Israel,Lebanon,Lebanon,Al Nabatieh,Arab el Jal,33.4746,35.446,2
2024-09,Israel,Lebanon,Lebanon,South,Aramta,33.4618,35.5744,5
2024-09,Israel,Lebanon,Lebanon,South,Arkey,33.4625,35.415,1
2024-09,Israel,Lebanon,Lebanon,Al Nabatieh,Arnoun,33.3317,35.5264,4
2024-09,Israel,Lebanon,Lebanon,South,Arzai,33.3331,35.2986,3
2024-09,Israel,Lebanon,Lebanon,South,Arzoun,33.2828,35.3769,3
2024-09,Israel,Lebanon,Lebanon,Al Nabatieh,As Salihani,33.1291,35.3032,5
2024-09,Israel,Lebanon,Lebanon,Al Nabatieh,As Sultaniyah,33.2055,35.4077,4
2024-09,Israel,Lebanon,Lebanon,Al Nabatieh,At Tiri,33.1403,35.4029,7
2024-09,Israel,Lebanon,Lebanon,South,Aytit,33.2249,35.306,6
2024-09,Israel,Lebanon,Lebanon,Mount Lebanon,Baadaran,33.6371,35.6202,2
2024-09,Israel,Lebanon,Lebanon,Baalbek-Hermel,Baalbek,34.0058,36.2181,9
2024-09,Israel,Lebanon,Lebanon,Bekaa,Bab Maraa,33.5825,35.6804,1
2024-09,Israel,Lebanon,Lebanon,South,Baflay,33.2638,35.364,2
2024-09,Israel,Lebanon,Lebanon,South,Baisariyeh,33.4444,35.3116,10
2024-09,Israel,Lebanon,Lebanon,Bekaa,Bakka,33.5924,35.9247,1
2024-09,Israel,Lebanon,Lebanon,Al Nabatieh,Bani Haiyan,33.2431,35.489,4
2024-09,Israel,Lebanon,Lebanon,Al Nabatieh,Baraachit,33.1761,35.4433,5
2024-09,Israel,Lebanon,Lebanon,South,Barish,33.274,35.3506,2
2024-09,Israel,Lebanon,Lebanon,South,Barti,33.5203,35.4837,1
2024-09,Israel,Lebanon,Lebanon,South,Batouliyeh,33.2254,35.2553,3
2024-09,Israel,Lebanon,Lebanon,South,Bazouriyeh,33.2554,35.2731,8
2024-09,Israel,Lebanon,Lebanon,Al Nabatieh,Beaufort Castle,33.3243,35.5322,1
2024-09,Israel,Lebanon,Lebanon,Baalbek-Hermel,Bednayel,33.9189,36.0053,4
2024-09,Israel,Lebanon,Lebanon,Beirut,Beirut - Mousseitbeh,33.8786,35.4907,1
2024-09,Israel,Lebanon,Lebanon,Beirut,Beirut - Rmeil,33.8957,35.5168,1
2024-09,Israel,Lebanon,Lebanon,Beirut,Beirut - Unspecified,33.8889,35.4944,2
2024-09,Israel,Lebanon,Lebanon,Mount Lebanon,Beirut International Airport,33.8209,35.4884,2
2024-09,Israel,Lebanon,Lebanon,Baalbek-Hermel,Beit Chama,33.921,36.0264,2
2024-09,Israel,Lebanon,Lebanon,Al Nabatieh,Beit Lif,33.1328,35.3356,13
2024-09,Israel,Lebanon,Lebanon,Al Nabatieh,Beit Yahoun,33.1592,35.4225,5
2024-09,Israel,Lebanon,Lebanon,Bekaa,Bekaa Valley,33.8333,36.0,2
2024-09,Israel,Lebanon,Lebanon,Al Nabatieh,Bent Jbeil,33.1194,35.4333,11
2024-09,Israel,Lebanon,Lebanon,Al Nabatieh,Berghoz,33.4126,35.6244,6
2024-09,Israel,Lebanon,Lebanon,South,Berkat Jabbour,33.4735,35.6073,5
2024-09,Israel,Lebanon,Lebanon,Mount Lebanon,Bhamdoun,33.8086,35.6597,1
2024-09,Israel,Lebanon,Lebanon,Mount Lebanon,Bichtilda,34.1315,35.7234,1
2024-09,Israel,Lebanon,Lebanon,South,Bidyas,33.3124,35.3,5
2024-09,Israel,Lebanon,Lebanon,Al Nabatieh,Blat,33.3863,35.6003,7
2024-09,Israel,Lebanon,Lebanon,Mount Lebanon,Blat,34.1128,35.665,1
2024-09,Israel,Lebanon,Lebanon,Al Nabatieh,Blida,33.14,35.5147,20
2024-09,Israel,Lebanon,Lebanon,South,Bnaafoul,33.4834,35.4212,2
2024-09,Israel,Lebanon,Lebanon,South,Borgholiyeh,33.312,35.2406,2
2024-09,Israel,Lebanon,Lebanon,Al Nabatieh,Borj Qalaouiye,33.2592,35.4227,4
2024-09,Israel,Lebanon,Lebanon,Al Nabatieh,Borj el Mlouk,33.3215,35.5632,4
2024-09,Israel,Lebanon,Lebanon,Baalbek-Hermel,Bouaidah,34.4358,36.4144,1
2024-09,Israel,Lebanon,Lebanon,Baalbek-Hermel,Boudai,34.0611,36.0611,6
2024-09,Israel,Lebanon,Lebanon,South,Bouslaiaya,33.5009,35.5129,3
2024-09,Israel,Lebanon,Lebanon,South,Boustane,33.1045,35.2573,3
2024-09,Israel,Lebanon,Lebanon,Al Nabatieh,Braiqaa,33.3411,35.3828,1
2024-09,Israel,Lebanon,Lebanon,Baalbek-Hermel,Braytal,33.9342,36.1494,3
2024-09,Israel,Lebanon,Lebanon,Baalbek-Hermel,Btedaai,34.1026,36.1289,2
2024-09,Israel,Lebanon,Lebanon,South,Burj Rahhal,33.3109,35.2798,4
2024-09,Israel,Lebanon,Lebanon,South,Burj Shemali,33.2626,35.2388,9
2024-09,Israel,Lebanon,Lebanon,Mount Lebanon,Burj el Barajneh,33.8475,35.5033,1
2024-09,Israel,Lebanon,Lebanon,Baalbek-Hermel,Chaat,34.1422,36.2311,7
2024-09,Israel,Lebanon,Lebanon,South,Chaaytiye,33.1966,35.2654,6
2024-09,Israel,Lebanon,Lebanon,South,Chamaa,33.1511,35.1995,4
2024-09,Israel,Lebanon,Lebanon,Al Nabatieh,Chaqra,33.1933,35.4678,4
2024-09,Israel,Lebanon,Lebanon,Al Nabatieh,Charqiyeh,33.3997,35.4181,5
2024-09,Israel,Lebanon,Lebanon,Al Nabatieh,Chebaa,33.3475,35.7492,20
2024-09,Israel,Lebanon,Lebanon,South,Chehour,33.2988,35.37,2
2024-09,Israel,Lebanon,Lebanon,South,Chihhine,33.1265,35.256,11
2024-09,Israel,Lebanon,Lebanon,Mount Lebanon,Chiyah,33.8644,35.5186,3
2024-09,Israel,Lebanon,Lebanon,Baalbek-Hermel,Chmistar,33.9647,36.0175,5
2024-09,Israel,Lebanon,Lebanon,Mount Lebanon,Chouaifat,33.8086,35.5178,1
2024-09,Israel,Lebanon,Lebanon,Al Nabatieh,Choukine,33.3558,35.4619,5
2024-09,Israel,Lebanon,Lebanon,Bekaa,Chtaura,33.8167,35.8514,2
2024-09,Israel,Lebanon,Lebanon,South,Coast of Ras al Naqoura,33.127,35.1293,2
2024-09,Israel,Lebanon,Lebanon,Bekaa,Dahr el Baidar,33.8094,35.7664,1
2024-09,Israel,Lebanon,Lebanon,Baalbek-Hermel,Dalill El Aqraa,34.2258,36.4739,1
2024-09,Israel,Lebanon,Lebanon,South,Daoudiyeh,33.4297,35.2988,1
2024-09,Israel,Lebanon,Lebanon,South,Dayr Qanun An Nahr,33.2992,35.3112,8
2024-09,Israel,Lebanon,Lebanon,South,Debaal,33.2494,35.3493,3
2024-09,Israel,Lebanon,Lebanon,Al Nabatieh,Debl,33.12,35.367,2
2024-09,Israel,Lebanon,Lebanon,Al Nabatieh,Deir Aames,33.1957,35.3674,3
2024-09,Israel,Lebanon,Lebanon,Al Nabatieh,Deir Ez Zahrani,33.4333,35.4617,6
2024-09,Israel,Lebanon,Lebanon,South,Deir Kifa,33.2572,35.3986,1
2024-09,Israel,Lebanon,Lebanon,Al Nabatieh,Deir Mimas,33.3025,35.5458,4
2024-09,Israel,Lebanon,Lebanon,South,Deir Qanoun El Ain,33.2222,35.2434,3
2024-09,Israel,Lebanon,Lebanon,Al Nabatieh,Deir Siriane,33.292,35.5002,14
2024-09,Israel,Lebanon,Lebanon,Al Nabatieh,Dellafeh,33.4298,35.6458,3
2024-09,Israel,Lebanon,Lebanon,Al Nabatieh,Deyr Ntar,33.2178,35.3785,2
2024-09,Israel,Lebanon,Lebanon,Al Nabatieh,Dibbine,33.3703,35.5953,6
2024-09,Israel,Lebanon,Lebanon,Al Nabatieh,Douair,33.3903,35.4177,6
2024-09,Israel,Lebanon,Lebanon,Baalbek-Hermel,Douris,33.9878,36.1792,5
2024-09,Israel,Lebanon,Lebanon,South,Ech Chehabiye,33.2431,35.3819,5
2024-09,Israel,Lebanon,Lebanon,South,Ed Dhayra,33.1053,35.2248,10
2024-09,Israel,Lebanon,Lebanon,Baalbek-Hermel,El Ain,34.2258,36.378,1
2024-09,Israel,Lebanon,Lebanon,North,El Arz,34.2447,36.0394,1
2024-09,Israel,Lebanon,Lebanon,South,El Babliye,33.4211,35.3428,4
2024-09,Israel,Lebanon,Lebanon,South,El Bayada,33.1624,35.1798,3
2024-09,Israel,Lebanon,Lebanon,Bekaa,El Fourzol,33.8764,35.95,4
2024-09,Israel,Lebanon,Lebanon,Al Nabatieh,El Ghandouriyeh,33.2723,35.431,1
2024-09,Israel,Lebanon,Lebanon,Al Nabatieh,El Habbariye,33.3675,35.6975,2
2024-09,Israel,Lebanon,Lebanon,Al Nabatieh,El Hamames,33.2924,35.59,3
2024-09,Israel,Lebanon,Lebanon,South,El Kharayeb,33.2428,35.3398,1
2024-09,Israel,Lebanon,Lebanon,Al Nabatieh,El Majidiye,33.2842,35.6564,1
2024-09,Israel,Lebanon,Lebanon,South,El Mansouri,33.1786,35.2061,8
2024-09,Israel,Lebanon,Lebanon,Bekaa,El Marj,33.7625,35.8811,1
2024-09,Israel,Lebanon,Lebanon,Baalbek-Hermel,El Qaa,34.3442,36.4744,1
2024-09,Israel,Lebanon,Lebanon,Baalbek-Hermel,El Qasr,34.4805,36.4402,2
2024-09,Israel,Lebanon,Lebanon,Al Nabatieh,El Qoussair,33.2929,35.4566,2
2024-09,Israel,Lebanon,Lebanon,Baalbek-Hermel,En Nabi Osmane,34.2111,36.3728,3
2024-09,Israel,Lebanon,Lebanon,Bekaa,En Nasriyah,33.8631,36.0611,2
2024-09,Israel,Lebanon,Lebanon,Mount Lebanon,Es Saadiyat,33.6889,35.4253,1
2024-09,Israel,Lebanon,Lebanon,Al Nabatieh,Es Sedaneh,33.3393,35.7122,1
2024-09,Israel,Lebanon,Lebanon,Mount Lebanon,Et Tahouita,33.87,35.5272,1
2024-09,Israel,Lebanon,Lebanon,South,Ez Zahrani,33.4973,35.3401,1
2024-09,Israel,Lebanon,Lebanon,Al Nabatieh,Froun,33.2947,35.4278,9
2024-09,Israel,Lebanon,Lebanon,South,Ghassaniyeh,33.4197,35.3594,3
2024-09,Israel,Lebanon,Lebanon,South,Ghaziyeh,33.5187,35.3663,8
2024-09,Israel,Lebanon,Lebanon,Mount Lebanon,Ghobeiry,33.8593,35.5041,3
2024-09,Israel,Lebanon,Lebanon,Al Nabatieh,Habbouch,33.4073,35.4817,8
2024-09,Israel,Lebanon,Lebanon,Baalbek-Hermel,Hadath,34.0013,36.0283,2
2024-09,Israel,Lebanon,Lebanon,Al Nabatieh,Haddatha,33.1651,35.3912,3
2024-09,Israel,Lebanon,Lebanon,South,Halloussiyeh,33.3057,35.3278,2
2024-09,Israel,Lebanon,Lebanon,South,Halloussiyet et Tahta,33.3081,35.3261,1
2024-09,Israel,Lebanon,Lebanon,South,Hamoul,33.1232,35.1657,4
2024-09,Israel,Lebanon,Lebanon,Al Nabatieh,Hanine,33.1085,35.3796,11
2024-09,Israel,Lebanon,Lebanon,South,Hanniyeh,33.1902,35.2236,7
2024-09,Israel,Lebanon,Lebanon,Baalbek-Hermel,Haouch er Rafqa,33.9186,36.0419,1
2024-09,Israel,Lebanon,Lebanon,Baalbek-Hermel,Harabta,34.2081,36.2663,4
2024-09,Israel,Lebanon,Lebanon,Mount Lebanon,Haret Hreik,33.8537,35.5155,7
2024-09,Israel,Lebanon,Lebanon,Al Nabatieh,Haris,33.1803,35.377,3
2024-09,Israel,Lebanon,Lebanon,Al Nabatieh,Harouf,33.3747,35.4419,5
2024-09,Israel,Lebanon,Lebanon,Al Nabatieh,Hasbaya,33.3978,35.685,1
2024-09,Israel,Lebanon,Lebanon,South,Hassaniyeh,33.5201,35.4534,1
2024-09,Israel,Lebanon,Lebanon,Bekaa,Hazerta,33.8806,35.8665,2
2024-09,Israel,Lebanon,Lebanon,Baalbek-Hermel,Hellaniya,33.8875,36.0396,2
2024-09,Israel,Lebanon,Lebanon,Al Nabatieh,Hilta,33.3088,35.6667,3
2024-09,Israel,Lebanon,Lebanon,Baalbek-Hermel,Hlabta,34.2557,36.288,2
2024-09,Israel,Lebanon,Lebanon,Baalbek-Hermel,Hortaala,33.9181,36.1414,1
2024-09,Israel,Lebanon,Lebanon,South,Hosh,33.2434,35.2384,6
2024-09,Israel,Lebanon,Lebanon,Bekaa,Houch El Ghanam,33.8738,36.0273,1
2024-09,Israel,Lebanon,Lebanon,Al Nabatieh,Houla,33.2092,35.515,21
2024-09,Israel,Lebanon,Lebanon,Al Nabatieh,Houmine el Faouqa,33.4413,35.4977,8
2024-09,Israel,Lebanon,Lebanon,Al Nabatieh,Houmine et Tahta,33.477,35.4341,2
2024-09,Israel,Lebanon,Lebanon,South,Humairi,33.2957,35.3521,2
2024-09,Israel,Lebanon,Lebanon,Baalbek-Hermel,Iaat,34.0369,36.1714,3
2024-09,Israel,Lebanon,Lebanon,Al Nabatieh,Ibl el Saqi,33.3567,35.6264,2
2024-09,Israel,Lebanon,Lebanon,South,Jabal Blat,33.1148,35.2908,5
2024-09,Israel,Lebanon,Lebanon,Al Nabatieh,Jabal Safi,33.4834,35.5404,2
2024-09,Israel,Lebanon,Lebanon,Bekaa,Jalala,33.8178,35.8597,2
2024-09,Israel,Lebanon,Lebanon,South,Jall el Bahr,33.5383,35.5592,1
2024-09,Israel,Lebanon,Lebanon,South,Jannata,33.2892,35.3189,2
2024-09,Israel,Lebanon,Lebanon,Baalbek-Hermel,Jaouar El Hachich,34.4866,36.3261,1
2024-09,Israel,Lebanon,Lebanon,Al Nabatieh,Jarjouaa,33.4464,35.5187,2
2024-09,Israel,Lebanon,Lebanon,South,Jarmaq,33.3856,35.5347,5
2024-09,Israel,Lebanon,Lebanon,Al Nabatieh,Jbaa,33.4869,35.5188,4
2024-09,Israel,Lebanon,Lebanon,South,Jbal el Botm,33.1739,35.2931,4
2024-09,Israel,Lebanon,Lebanon,South,Jebbayn,33.1235,35.2358,12
2024-09,Israel,Lebanon,Lebanon,South,Jemjim,33.3622,35.2763,1
2024-09,Israel,Lebanon,Lebanon,Baalbek-Hermel,Jenta,33.8575,36.1075,3
2024-09,Israel,Lebanon,Lebanon,South,Jezzine,33.5417,35.5844,1
2024-09,Israel,Lebanon,Lebanon,Al Nabatieh,Jibchit,33.3642,35.4322,5
2024-09,Israel,Lebanon,Lebanon,South,Jinjlaya,33.4859,35.3978,1
2024-09,Israel,Lebanon,Lebanon,Mount Lebanon,Jiyeh,33.6701,35.4253,2
2024-09,Israel,Lebanon,Lebanon,Al Nabatieh,Jmaijmeh,33.2079,35.4391,2
2024-09,Israel,Lebanon,Lebanon,South,Jouaiya,33.2378,35.3373,3
2024-09,Israel,Lebanon,Lebanon,Bekaa,Joubb Jannine,33.6269,35.7842,1
2024-09,Israel,Lebanon,Lebanon,Mount Lebanon,Joun,33.5814,35.4611,1
2024-09,Israel,Lebanon,Lebanon,South,Jour El Nakhl,33.3052,35.2387,1
2024-09,Israel,Lebanon,Lebanon,Al Nabatieh,Kafra,33.1685,35.3412,5
2024-09,Israel,Lebanon,Lebanon,Mount Lebanon,Kahale,33.8219,35.5875,1
2024-09,Israel,Lebanon,Lebanon,Al Nabatieh,Kaoukaba,33.3983,35.6438,2
2024-09,Israel,Lebanon,Lebanon,South,Kaouthariyet el Saiyad,33.415,35.3843,5
2024-09,Israel,Lebanon,Lebanon,Bekaa,Karak Nouh,33.8489,35.9266,4
2024-09,Israel,Lebanon,Lebanon,Al Nabatieh,Kfar Chouba,33.3278,35.6925,22
2024-09,Israel,Lebanon,Lebanon,Al Nabatieh,Kfar Dajjal,33.3445,35.4369,2
2024-09,Israel,Lebanon,Lebanon,Al Nabatieh,Kfar Dounin,33.2393,35.3927,2
2024-09,Israel,Lebanon,Lebanon,Al Nabatieh,Kfar Fila,33.4818,35.4983,3
2024-09,Israel,Lebanon,Lebanon,Al Nabatieh,Kfar Hamam,33.3439,35.6789,9
2024-09,Israel,Lebanon,Lebanon,South,Kfar Hatta,33.5041,35.4517,5
2024-09,Israel,Lebanon,Lebanon,South,Kfar Houneh,33.4932,35.5902,1
2024-09,Israel,Lebanon,Lebanon,Al Nabatieh,Kfar Jaouz,33.3972,35.4739,5
2024-09,Israel,Lebanon,Lebanon,Al Nabatieh,Kfar Kila,33.2772,35.5517,30
2024-09,Israel,Lebanon,Lebanon,Al Nabatieh,Kfar Roummane,33.3894,35.5017,10
2024-09,Israel,Lebanon,Lebanon,Al Nabatieh,Kfar Sir,33.3264,35.4004,8
2024-09,Israel,Lebanon,Lebanon,Al Nabatieh,Kfar Tebnit,33.3533,35.5128,7
2024-09,Israel,Lebanon,Lebanon,Bekaa,Kfar Zabad,33.7853,35.9931,2
2024-09,Israel,Lebanon,Lebanon,South,Kfarmelki,33.5024,35.4778,6
2024-09,Israel,Lebanon,Lebanon,Al Nabatieh,Kfour,33.4007,35.4518,7
2024-09,Israel,Lebanon,Lebanon,Mount Lebanon,Kfour,34.0318,35.6947,1
2024-09,Israel,Lebanon,Lebanon,South,Kharayeb,33.3434,35.2992,6
2024-09,Israel,Lebanon,Lebanon,Al Nabatieh,Kherbet Selm,33.2302,35.4218,6
2024-09,Israel,Lebanon,Lebanon,Al Nabatieh,Khiyam,33.3278,35.6128,27
2024-09,Israel,Lebanon,Lebanon,Baalbek-Hermel,Khodor,33.9034,36.1176,3
2024-09,Israel,Lebanon,Lebanon,Al Nabatieh,Khraibe,33.3387,35.6447,1
2024-09,Israel,Lebanon,Lebanon,Baalbek-Hermel,Khraibeh,33.8723,36.1632,1
2024-09,Israel,Lebanon,Lebanon,Baalbek-Hermel,Knaiseh,34.116,36.1663,1
2024-09,Israel,Lebanon,Lebanon,Baalbek-Hermel,Kouakh,34.467,36.3906,1
2024-09,Israel,Lebanon,Lebanon,Al Nabatieh,Kounine,33.1487,35.433,14
2024-09,Israel,Lebanon,Lebanon,South,Labbouneh,33.0977,35.1498,12
2024-09,Israel,Lebanon,Lebanon,Baalbek-Hermel,Laboue,34.1953,36.3561,2
2024-09,Israel,Lebanon,Lebanon,Mount Lebanon,Laylaki,33.8342,35.5142,2
2024-09,Israel,Lebanon,Lebanon,Bekaa,Libbaya,33.4837,35.7265,5
2024-09,Israel,Lebanon,Lebanon,South,Loubieh,33.4263,35.2834,2
2024-09,Israel,Lebanon,Lebanon,South,Maachouq,33.267,35.2242,1
2024-09,Israel,Lebanon,Lebanon,South,Maaliyeh,33.2037,35.2416,4
2024-09,Israel,Lebanon,Lebanon,South,Maamariyet El Kharab,33.4463,35.3332,3
2024-09,Israel,Lebanon,Lebanon,South,Maarakeh,33.2727,35.3002,7
2024-09,Israel,Lebanon,Lebanon,South,Maaroub,33.2856,35.3478,6
2024-09,Israel,Lebanon,Lebanon,Mount Lebanon,Maaysra,34.0711,35.6892,1
2024-09,Israel,Lebanon,Lebanon,Bekaa,Machgara,33.5306,35.6536,4
2024-09,Israel,Lebanon,Lebanon,South,Maghdouche,33.5222,35.3863,1
2024-09,Israel,Lebanon,Lebanon,South,Mahmoudiya,33.3868,35.5523,10
2024-09,Israel,Lebanon,Lebanon,South,Mahrouna,33.2187,35.3427,1
2024-09,Israel,Lebanon,Lebanon,Mount Lebanon,Mairouba,34.0144,35.7731,1
2024-09,Israel,Lebanon,Lebanon,Baalbek-Hermel,Majdaloun,33.9903,36.1336,1
2024-09,Israel,Lebanon,Lebanon,Al Nabatieh,Majdel Selm,33.2222,35.4647,8
2024-09,Israel,Lebanon,Lebanon,South,Majdel Zoun,33.1514,35.2261,13
2024-09,Israel,Lebanon,Lebanon,Baalbek-Hermel,Makneh,34.0797,36.2067,5
2024-09,Israel,Lebanon,Lebanon,South,Maknounieh,33.5282,35.5502,1
2024-09,Israel,Lebanon,Lebanon,Al Nabatieh,Marjayoun,33.3603,35.5911,7
2024-09,Israel,Lebanon,Lebanon,Al Nabatieh,Markaba,33.2333,35.513,17
2024-09,Israel,Lebanon,Lebanon,Al Nabatieh,Maroun er Ras,33.1038,35.4444,17
2024-09,Israel,Lebanon,Lebanon,South,Marwahin,33.1086,35.2754,9
2024-09,Israel,Lebanon,Lebanon,South,Marwanieh,33.4486,35.3846,1
2024-09,Israel,Lebanon,Lebanon,Baalbek-Hermel,Masnaa el Dahr,34.0093,36.0037,1
2024-09,Israel,Lebanon,Lebanon,Bekaa,Massa,33.8515,36.0679,1
2024-09,Israel,Lebanon,Lebanon,South,Matmoura,33.11,35.2184,1
2024-09,Israel,Lebanon,Lebanon,Al Nabatieh,Mayfadoun,33.3472,35.4764,9
2024-09,Israel,Lebanon,Lebanon,Al Nabatieh,Mays el Jabal,33.1691,35.5234,17
2024-09,Israel,Lebanon,Lebanon,South,Mazraat Buyut as Sayad,33.1676,35.194,1
2024-09,Israel,Lebanon,Lebanon,South,Mazraat Jabal Tourah,33.4993,35.5505,1
2024-09,Israel,Lebanon,Lebanon,South,Mazraat Kaoutariyet Er Riz,33.3712,35.3,1
2024-09,Israel,Lebanon,Lebanon,Al Nabatieh,Mazraat Sarada,33.2911,35.5996,3
2024-09,Israel,Lebanon,Lebanon,South,Mazraat el Aarqoub,33.4008,35.535,1
2024-09,Israel,Lebanon,Lebanon,South,Mazraat el Daoudiyeh,33.4284,35.299,1
2024-09,Israel,Lebanon,Lebanon,Bekaa,Meidoun,33.4694,35.6408,5
2024-09,Israel,Lebanon,Lebanon,Al Nabatieh,Mhaibib,33.1544,35.5052,2
2024-09,Israel,Lebanon,Lebanon,Mount Lebanon,Mish Mish,34.1453,35.7803,1
2024-09,Israel,Lebanon,Lebanon,South,Mjadel,33.2286,35.3589,3
2024-09,Israel,Lebanon,Lebanon,South,Mlikh,33.4688,35.556,3
2024-09,Israel,Lebanon,Lebanon,South,Msaileh,33.4791,35.3518,2
2024-09,Israel,Lebanon,Lebanon,Al Nabatieh,Nabatiye,33.3789,35.4839,10
2024-09,Israel,Lebanon,Lebanon,Al Nabatieh,Nabatiye El Tahta,33.3772,35.4837,1
2024-09,Israel,Lebanon,Lebanon,Al Nabatieh,Nabatiyeh El Faouqa,33.3618,35.4987,3
2024-09,Israel,Lebanon,Lebanon,Baalbek-Hermel,Nabha,34.1842,36.2258,3
2024-09,Israel,Lebanon,Lebanon,South,Nafakhiyeh,33.2709,35.3865,1
2024-09,Israel,Lebanon,Lebanon,Baalbek-Hermel,Nahleh,34.0477,36.2555,4
2024-09,Israel,Lebanon,Lebanon,South,Najjariyeh,33.4796,35.3317,5
2024-09,Israel,Lebanon,Lebanon,Bekaa,Nasriyeh,33.7631,35.8585,1
2024-09,Israel,Lebanon,Lebanon,Al Nabatieh,Nmairiyeh,33.425,35.4016,2
2024-09,Israel,Lebanon,Lebanon,South,Nmairiyeh,33.4184,35.3929,1
2024-09,Israel,Lebanon,Lebanon,Al Nabatieh,Qaaqaaiyet el Jisr,33.3259,35.4234,2
2024-09,Israel,Lebanon,Lebanon,Al Nabatieh,Qabrikha,33.2489,35.4623,13
2024-09,Israel,Lebanon,Lebanon,South,Qana,33.2088,35.2994,4
2024-09,Israel,Lebanon,Lebanon,Al Nabatieh,Qantara,33.2716,35.4649,7
2024-09,Israel,Lebanon,Lebanon,Bekaa,Qaraaoun,33.5628,35.7219,2
2024-09,Israel,Lebanon,Lebanon,Mount Lebanon,Qartaba,34.0917,35.8359,2
2024-09,Israel,Lebanon,Lebanon,South,Qasmiyeh,33.3263,35.248,3
2024-09,Israel,Lebanon,Lebanon,Al Nabatieh,Qatmoun Valley,33.066,35.3604,1
2024-09,Israel,Lebanon,Lebanon,South,Qatrani,33.4402,35.6036,2
2024-09,Israel,Lebanon,Lebanon,South,Qennarit,33.5117,35.3649,4
2024-09,Israel,Lebanon,Lebanon,Bekaa,Qillaya,33.4343,35.6571,1
2024-09,Israel,Lebanon,Lebanon,South,Qlaileh,33.1984,35.2291,8
2024-09,Israel,Lebanon,Lebanon,Al Nabatieh,Qlayaa,33.3347,35.5709,1
2024-09,Israel,Lebanon,Lebanon,Al Nabatieh,Qouzah,33.1203,35.3382,1
2024-09,Israel,Lebanon,Lebanon,Al Nabatieh,Qsaibeh,33.3323,35.3957,5
2024-09,Israel,Lebanon,Lebanon,Bekaa,Qusaya,33.8122,36.025,1
2024-09,Israel,Lebanon,Lebanon,Al Nabatieh,Rab el Thalathine,33.2482,35.5194,11
2024-09,Israel,Lebanon,Lebanon,Al Nabatieh,Rachaya al Foukhar,33.3541,35.6675,5
2024-09,Israel,Lebanon,Lebanon,Bekaa,Rafid,33.5719,35.8169,1
2024-09,Israel,Lebanon,Lebanon,Al Nabatieh,Ramieh,33.1108,35.3103,14
2024-09,Israel,Lebanon,Lebanon,Mount Lebanon,Ras Osta,34.117,35.7138,1
2024-09,Israel,Lebanon,Lebanon,South,Ras al Naqoura,33.1181,35.1397,19
2024-09,Israel,Lebanon,Lebanon,Baalbek-Hermel,Rasm el Hadeth,34.1414,36.2756,2
2024-09,Israel,Lebanon,Lebanon,Bekaa,Rayak,33.8508,36.0116,3
2024-09,Israel,Lebanon,Lebanon,Al Nabatieh,Rchaf,33.1436,35.3632,3
2024-09,Israel,Lebanon,Lebanon,South,Rechknanay,33.1892,35.3223,2
2024-09,Israel,Lebanon,Lebanon,South,Rihan,33.4445,35.567,10
2024-09,Israel,Lebanon,Lebanon,Al Nabatieh,Rmaysh,33.0783,35.3661,6
2024-09,Israel,Lebanon,Lebanon,Al Nabatieh,Roumine,33.4639,35.4418,6
2024-09,Israel,Lebanon,Lebanon,South,Saddiqine,33.1906,35.3106,4
2024-09,Israel,Lebanon,Lebanon,Al Nabatieh,Safad el Battikh,33.2003,35.4327,2
2024-09,Israel,Lebanon,Lebanon,South,Saksakiyah,33.4344,35.2835,5
2024-09,Israel,Lebanon,Lebanon,Baalbek-Hermel,Saraain,33.8856,36.0722,6
2024-09,Israel,Lebanon,Lebanon,Baalbek-Hermel,Saraain El Tahta,33.8795,36.0654,1
2024-09,Israel,Lebanon,Lebanon,South,Sarafand,33.4495,35.2995,7
2024-09,Israel,Lebanon,Lebanon,Al Nabatieh,Sarbah,33.4667,35.4744,2
2024-09,Israel,Lebanon,Lebanon,South,Sari,33.3934,35.2743,1
2024-09,Israel,Lebanon,Lebanon,South,Sejoud,33.4335,35.5338,5
2024-09,Israel,Lebanon,Lebanon,South,Shbeil,33.4256,35.6005,1
2024-09,Israel,Lebanon,Lebanon,South,Sidon,33.5599,35.3756,3
2024-09,Israel,Lebanon,Lebanon,Baalbek-Hermel,Sifri,33.9207,36.0842,1
2024-09,Israel,Lebanon,Lebanon,South,Sinai,33.3821,35.3675,2
2024-09,Israel,Lebanon,Lebanon,Al Nabatieh,Sir el Gharbiye,33.3204,35.3632,1
2024-09,Israel,Lebanon,Lebanon,South,Sniyeh,33.5156,35.5281,1
2024-09,Israel,Lebanon,Lebanon,Bekaa,Sohmor,33.5116,35.6848,8
2024-09,Israel,Lebanon,Lebanon,Al Nabatieh,Souaneh,33.2335,35.4379,3
2024-09,Israel,Lebanon,Lebanon,Al Nabatieh,Srebbine,33.1542,35.3586,2
2024-09,Israel,Lebanon,Lebanon,South,Srifa,33.2817,35.3971,6
2024-09,Israel,Lebanon,Lebanon,South,Sriri,33.4339,35.6253,2
2024-09,Israel,Lebanon,Lebanon,Bekaa,Taalabaya,33.8136,35.8644,1
2024-09,Israel,Lebanon,Lebanon,Al Nabatieh,Talouseh,33.2324,35.4851,8
2024-09,Israel,Lebanon,Lebanon,Baalbek-Hermel,Talya,33.9348,36.0983,2
2024-09,Israel,Lebanon,Lebanon,Baalbek-Hermel,Tamnine El Faouqa,33.9046,35.979,1
2024-09,Israel,Lebanon,Lebanon,South,Tanbourit,33.5167,35.4149,1
2024-09,Israel,Lebanon,Lebanon,Baalbek-Hermel,Taraiyya,33.9871,36.0089,6
2024-09,Israel,Lebanon,Lebanon,Al Nabatieh,Taybeh,33.2755,35.5179,16
2024-09,Israel,Lebanon,Lebanon,Baalbek-Hermel,Taybeh,33.9583,36.1661,1
2024-09,Israel,Lebanon,Lebanon,South,Tayr Debba,33.2757,35.2784,5
2024-09,Israel,Lebanon,Lebanon,South,Tayr Falsay,33.3088,35.3486,2
2024-09,Israel,Lebanon,Lebanon,South,Tayr Harfa,33.1285,35.2192,15
2024-09,Israel,Lebanon,Lebanon,Al Nabatieh,Tebnine,33.194,35.4097,10
2024-09,Israel,Lebanon,Lebanon,South,Teffahta,33.4381,35.3711,5
2024-09,Israel,Lebanon,Lebanon,Al Nabatieh,Tell en Nhas,33.3125,35.5666,6
2024-09,Israel,Lebanon,Lebanon,Baalbek-Hermel,Temnine et Tehta,33.8861,35.9944,4
2024-09,Israel,Lebanon,Lebanon,Bekaa,Touaiti,33.8597,35.8339,1
2024-09,Israel,Lebanon,Lebanon,Baalbek-Hermel,Toufiqiye,34.1723,36.3104,1
2024-09,Israel,Lebanon,Lebanon,Al Nabatieh,Toul,33.3851,35.4458,8
2024-09,Israel,Lebanon,Lebanon,North,Toula,34.3175,35.9642,1
2024-09,Israel,Lebanon,Lebanon,Al Nabatieh,Touline,33.2477,35.4482,5
2024-09,Israel,Lebanon,Lebanon,South,Toura,33.2931,35.2984,3
2024-09,Israel,Lebanon,Lebanon,South,Tyr,33.2733,35.1939,11
2024-09,Israel,Lebanon,Lebanon,South,Umm Touteh,33.1085,35.2553,2
2024-09,Israel,Lebanon,Lebanon,Al Nabatieh,Wadi El Hujeir,33.3423,35.2439,2
2024-09,Israel,Lebanon,Lebanon,Baalbek-Hermel,Wadi Faara,34.278,36.2791,1
2024-09,Israel,Lebanon,Lebanon,South,Wadi Jilo,33.2436,35.3044,2
2024-09,Israel,Lebanon,Lebanon,Baalbek-Hermel,Yammoune,34.1293,36.0282,1
2024-09,Israel,Lebanon,Lebanon,South,Yarine,33.1064,35.2324,4
2024-09,Israel,Lebanon,Lebanon,Al Nabatieh,Yaroun,33.0803,35.4225,15
2024-09,Israel,Lebanon,Lebanon,Al Nabatieh,Yater,33.1541,35.3302,17
2024-09,Israel,Lebanon,Lebanon,Al Nabatieh,Yohmor,33.3114,35.5163,8
2024-09,Israel,Lebanon,Lebanon,Baalbek-Hermel,Younine,34.0791,36.2747,7
2024-09,Israel,Lebanon,Lebanon,Baalbek-Hermel,Zabboud,34.2414,36.319,2
2024-09,Israel,Lebanon,Lebanon,Bekaa,Zahle,33.8468,35.902,3
2024-09,Israel,Lebanon,Lebanon,Al Nabatieh,Zaoutar ech Charqiye,33.3197,35.4725,13
2024-09,Israel,Lebanon,Lebanon,Al Nabatieh,Zawtar el Gharbiye,33.3227,35.4615,2
2024-09,Israel,Lebanon,Lebanon,Al Nabatieh,Zebdine,33.3765,35.462,4
2024-09,Israel,Lebanon,Lebanon,South,Zebqine,33.1656,35.2669,18
2024-09,Israel,Lebanon,Lebanon,Al Nabatieh,Zefta,33.4463,35.3944,10
2024-09,Israel,Lebanon,Lebanon,South,Zeita,33.5047,35.3928,1
2024-09,Israel,Lebanon,Lebanon,Bekaa,Zillaya,33.4587,35.6707,1
2024-09,Israel,Lebanon,Lebanon,South,Zrariyeh,33.3438,35.3346,7
2024-09,Israel,Quneitra/Golan,Syria,Quneitra,Khan Arnaba,33.1821,35.8908,1
2024-09,Israel,Quneitra/Golan,Syria,Quneitra,Rafid,32.9564,35.9014,1
2024-09,Israel,Syria-other,Syria,Homs,Al Qusayr,34.5078,36.5803,1
2024-09,Israel,Syria-other,Syria,Rural Damascus,Assal al Ward,33.8636,36.4158,1
2024-09,Israel,Syria-other,Syria,Rural Damascus,Beit Saber,33.3246,36.0013,1
2024-09,Israel,Syria-other,Syria,Rural Damascus,Damascus - International Airport,33.417,36.509,1
2024-09,Israel,Syria-other,Syria,Rural Damascus,Dimas,33.5877,36.0922,1
2024-09,Israel,Syria-other,Syria,Homs,Hosh al Sayed Ali,34.4604,36.4965,3
2024-09,Israel,Syria-other,Syria,Rural Damascus,Jdidet Yabus,33.652,35.9799,2
2024-09,Israel,Syria-other,Syria,Rural Damascus,Kafir Yabus,33.6958,36.0073,1
2024-09,Israel,Syria-other,Syria,Homs,Matraba,34.4817,36.4906,2
2024-09,Israel,Syria-other,Syria,Rural Damascus,Sarghaya,33.8111,36.157,1
2024-09,Israel,Syria-other,Syria,Homs,Wadi Hanna,34.5297,36.4215,1
2024-09,Israel,Syria-other,Syria,Rural Damascus,Yafur,33.5283,36.0676,2
2024-10,Hezbollah,Israel,Israel,HaZafon,Abil Al-Qamh Barracks,33.2547,35.5846,1
2024-10,Hezbollah,Israel,Israel,HaZafon,Abirim,33.0384,35.2869,3
2024-10,Hezbollah,Israel,Israel,HaZafon,Adamit,33.0797,35.211,3
2024-10,Hezbollah,Israel,Israel,HaZafon,Afeq,32.8389,35.1278,1
2024-10,Hezbollah,Israel,Israel,HaZafon,Akko,32.9281,35.0765,9
2024-10,Hezbollah,Israel,Israel,HaZafon,Al Baghdadi,33.1655,35.5478,6
2024-10,Hezbollah,Israel,Israel,HaZafon,Al Bassa,33.0775,35.1442,4
2024-10,Hezbollah,Israel,Israel,HaZafon,Al Jardah,33.0968,35.2184,1
2024-10,Hezbollah,Israel,Israel,HaZafon,Al Marj,33.2324,35.5446,12
2024-10,Hezbollah,Israel,Israel,HaZafon,Amiad,32.9304,35.5405,1
2024-10,Hezbollah,Israel,Israel,HaZafon,Amka,32.9799,35.1633,1
2024-10,Hezbollah,Israel,Israel,HaZafon,Amnon,32.9046,35.5715,1
2024-10,Hezbollah,Israel,Israel,HaZafon,Avdon,33.0479,35.18,1
2024-10,Hezbollah,Israel,Israel,HaZafon,Avivim,33.0889,35.4723,8
2024-10,Hezbollah,Israel,Israel,HaZafon,Avivim Barracks,33.0918,35.4669,1
2024-10,Hezbollah,Israel,Israel,HaZafon,Ayelet HaShahar,33.0222,35.5772,2
2024-10,Hezbollah,Israel,Israel,Haifa,Baqa al Gharbiyyeh,32.4181,35.0431,1
2024-10,Hezbollah,Israel,Israel,HaZafon,Baram,33.0592,35.4338,4
2024-10,Hezbollah,Israel,Israel,HaZafon,Barlev Industrial Zone,32.9076,35.1917,1
2024-10,Hezbollah,Israel,Israel,Haifa,Base 7200,32.8001,34.9603,2
2024-10,Hezbollah,Israel,Israel,HaZafon,Bayad Blida,33.1405,35.5335,1
2024-10,Hezbollah,Israel,Israel,HaZafon,Beit HaEmek,32.9708,35.1451,2
2024-10,Hezbollah,Israel,Israel,HaZafon,Beit Hillel,33.2086,35.607,5
2024-10,Hezbollah,Israel,Israel,HaZafon,Beit Hillel Base,33.2231,35.6017,4
2024-10,Hezbollah,Israel,Israel,HaMerkaz,Beit Lid Barracks,32.3217,34.9056,1
2024-10,Hezbollah,Israel,Israel,HaZafon,Biriya,32.9783,35.4997,2
2024-10,Hezbollah,Israel,Israel,HaZafon,Biriya Base,32.9838,35.5032,1
2024-10,Hezbollah,Israel,Israel,Tel Aviv,Bnei Brak,32.0807,34.8338,1
2024-10,Hezbollah,Israel,Israel,Haifa,Caesarea,32.4921,34.8922,1
2024-10,Hezbollah,Israel,Israel,Haifa,Carmel Air Base,32.7761,34.9678,2
2024-10,Hezbollah,Israel,Israel,Haifa,Coast of Haifa,32.8507,35.005,1
2024-10,Hezbollah,Israel,Israel,Haifa,Daliyat al Karmel,32.6938,35.0469,1
2024-10,Hezbollah,Israel,Israel,HaZafon,Dalton,33.0164,35.489,5
2024-10,Hezbollah,Israel,Israel,HaZafon,Dan,33.2398,35.6534,1
2024-10,Hezbollah,Israel,Israel,HaZafon,Deir al Assad,32.936,35.27,3
2024-10,Hezbollah,Israel,Israel,HaZafon,Dhuhra,33.0988,35.2131,1
2024-10,Hezbollah,Israel,Israel,HaZafon,Dishon,33.0814,35.5174,5
2024-10,Hezbollah,Israel,Israel,HaZafon,Dovev,33.0522,35.4081,3
2024-10,Hezbollah,Israel,Israel,HaZafon,Dovev Barracks,33.0578,35.4002,1
2024-10,Hezbollah,Israel,Israel,HaZafon,Dvoranit Outpost,33.0915,35.1402,3
2024-10,Hezbollah,Israel,Israel,HaZafon,Eilit Base,33.0236,35.5485,1
2024-10,Hezbollah,Israel,Israel,HaZafon,Elyaqim,32.632,35.0669,1
2024-10,Hezbollah,Israel,Israel,HaZafon,Emeq HaHula,33.1572,35.6062,1
2024-10,Hezbollah,Israel,Israel,HaZafon,En HaMifraz,32.9031,35.0962,1
2024-10,Hezbollah,Israel,Israel,Haifa,En Shemer Airfield,32.4408,35.0078,1
2024-10,Hezbollah,Israel,Israel,HaZafon,Even Menahem,33.0742,35.294,1
2024-10,Hezbollah,Israel,Israel,HaZafon,Gaaton,33.0063,35.2148,2
2024-10,Hezbollah,Israel,Israel,HaZafon,Gesher HaZiv,33.0404,35.1107,2
2024-10,Hezbollah,Israel,Israel,HaZafon,Givat Avni,32.7768,35.4375,1
2024-10,Hezbollah,Israel,Israel,Tel Aviv,Glilot Base,32.1431,34.8172,4
2024-10,Hezbollah,Israel,Israel,HaZafon,Hadab Yaroun,33.0652,35.4314,1
2024-10,Hezbollah,Israel,Israel,Haifa,Haifa,32.8184,34.9885,24
2024-10,Hezbollah,Israel,Israel,HaZafon,Hanita,33.0875,35.1736,6
2024-10,Hezbollah,Israel,Israel,HaZafon,Hazor HaGlilit,32.9805,35.5424,7
2024-10,Hezbollah,Israel,Israel,Tel Aviv,Herzliya,32.1663,34.8254,2
2024-10,Hezbollah,Israel,Israel,Tel Aviv,Holon,32.0103,34.7792,1
2024-10,Hezbollah,Israel,Israel,HaZafon,Ilaniya,32.7536,35.4081,1
2024-10,Hezbollah,Israel,Israel,Haifa,Isfiya,32.7184,35.0651,1
2024-10,Hezbollah,Israel,Israel,HaZafon,Jadeidi Makr,32.9286,35.1496,2
2024-10,Hezbollah,Israel,Israel,HaZafon,Jal Al Deir,33.0921,35.4896,3
2024-10,Hezbollah,Israel,Israel,HaMerkaz,Jaljulya,32.1547,34.9537,1
2024-10,Hezbollah,Israel,Israel,HaZafon,Jatt,32.9742,35.2329,1
2024-10,Hezbollah,Israel,Israel,HaZafon,Kabri,33.0209,35.1484,3
2024-10,Hezbollah,Israel,Israel,HaMerkaz,Kadima Zoran,32.2778,34.9194,1
2024-10,Hezbollah,Israel,Israel,HaZafon,Kadita,33.0058,35.468,1
2024-10,Hezbollah,Israel,Israel,HaZafon,Karmiel,32.9171,35.305,16
2024-10,Hezbollah,Israel,Israel,HaZafon,Kefar Giladi,33.2423,35.5752,17
2024-10,Hezbollah,Israel,Israel,HaZafon,Kefar Masaryk,32.8902,35.0989,1
2024-10,Hezbollah,Israel,Israel,HaZafon,Kefar Szold,33.1959,35.6584,1
2024-10,Hezbollah,Israel,Israel,HaZafon,Kefar Weradim,32.9939,35.2779,4
2024-10,Hezbollah,Israel,Israel,HaMerkaz,Kefar Yona,32.3167,34.9351,1
2024-10,Hezbollah,Israel,Israel,HaZafon,Kefar Yuval,33.2475,35.5981,4
2024-10,Hezbollah,Israel,Israel,HaZafon,Keren Naftali,33.0903,35.5628,1
2024-10,Hezbollah,Israel,Israel,HaMerkaz,Kfar Saba,32.175,34.9069,2
2024-10,Hezbollah,Israel,Israel,HaZafon,Khilet Warda,33.0966,35.318,7
2024-10,Hezbollah,Israel,Israel,HaZafon,Khirbet Zarit,33.1011,35.3004,1
2024-10,Hezbollah,Israel,Israel,Haifa,Kiryat Ata,32.8115,35.1132,3
2024-10,Hezbollah,Israel,Israel,Haifa,Kiryat Eliezer Air Base,32.824,34.9738,1
2024-10,Hezbollah,Israel,Israel,HaZafon,Kiryat Shmona,33.2073,35.572,28
2024-10,Hezbollah,Israel,Israel,HaZafon,Klil,32.9815,35.2034,1
2024-10,Hezbollah,Israel,Israel,Haifa,Krayot,32.8417,35.0714,11
2024-10,Hezbollah,Israel,Israel,HaZafon,Lavi,32.7865,35.4394,1
2024-10,Hezbollah,Israel,Israel,HaZafon,Liman,33.0602,35.1127,1
2024-10,Hezbollah,Israel,Israel,HaZafon,Livneh Outpost,33.1039,35.3167,3
2024-10,Hezbollah,Israel,Israel,Haifa,Maagan Mikhael,32.5555,34.9164,1
2024-10,Hezbollah,Israel,Israel,HaZafon,Maalot,33.0129,35.2774,5
2024-10,Hezbollah,Israel,Israel,HaZafon,Maayan Baruch,33.2403,35.609,2
2024-10,Hezbollah,Israel,Israel,HaZafon,Majd el Kurum,32.9219,35.2557,4
2024-10,Hezbollah,Israel,Israel,HaZafon,Malkiyya,33.0983,35.5108,5
2024-10,Hezbollah,Israel,Israel,HaZafon,Margaliyyot,33.2147,35.5449,10
2024-10,Hezbollah,Israel,Israel,HaZafon,Mattat,33.0413,35.3586,1
2024-10,Hezbollah,Israel,Israel,HaZafon,Matzuva,33.0638,35.1576,2
2024-10,Hezbollah,Israel,Israel,HaZafon,Menara,33.1969,35.5439,19
2024-10,Hezbollah,Israel,Israel,HaZafon,Meron,32.9878,35.4409,3
2024-10,Hezbollah,Israel,Israel,HaZafon,Metulla,33.2792,35.5795,16
2024-10,Hezbollah,Israel,Israel,HaZafon,Mi'ilya,33.0271,35.2562,2
2024-10,Hezbollah,Israel,Israel,HaZafon,Misgav,32.8602,35.2617,1
2024-10,Hezbollah,Israel,Israel,HaZafon,Misgav Am,33.2474,35.5489,18
2024-10,Hezbollah,Israel,Israel,HaZafon,Mitzpeh Adi Army Base,33.2257,35.5499,5
2024-10,Hezbollah,Israel,Israel,HaZafon,Moledet,32.5862,35.4395,1
2024-10,Hezbollah,Israel,Israel,HaZafon,Mount Meron Base,32.9975,35.4123,1
2024-10,Hezbollah,Israel,Israel,HaZafon,Naftali Camp,32.7595,35.4165,3
2024-10,Hezbollah,Israel,Israel,HaZafon,Nahaf,32.9344,35.3168,1
2024-10,Hezbollah,Israel,Israel,HaZafon,Nahariyya,33.0089,35.0981,10
2024-10,Hezbollah,Israel,Israel,HaZafon,Naura,32.614,35.3917,1
2024-10,Hezbollah,Israel,Israel,HaZafon,Neot Mordechai,33.1603,35.5966,1
2024-10,Hezbollah,Israel,Israel,Haifa,Nesher,32.7666,35.05,1
2024-10,Hezbollah,Israel,Israel,HaZafon,Netafim Camp,32.8108,35.421,1
2024-10,Hezbollah,Israel,Israel,HaMerkaz,Netanya,32.3329,34.8599,1
2024-10,Hezbollah,Israel,Israel,HaZafon,Netiv HaShayara,32.9934,35.1354,1
2024-10,Hezbollah,Israel,Israel,HaZafon,Netu'a,33.0646,35.3234,1
2024-10,Hezbollah,Israel,Israel,HaZafon,Neve Ziv,33.0273,35.1814,2
2024-10,Hezbollah,Israel,Israel,HaZafon,Nurit Outpost,33.0819,35.3247,2
2024-10,Hezbollah,Israel,Israel,HaZafon,Pilon Camp,32.9576,35.5482,2
2024-10,Hezbollah,Israel,Israel,Haifa,Qiryat Bialik,32.8275,35.0858,6
2024-10,Hezbollah,Israel,Israel,Haifa,Qiryat Hayyim,32.8213,35.0706,1
2024-10,Hezbollah,Israel,Israel,Haifa,Qiryat Motzkin,32.839,35.0774,3
2024-10,Hezbollah,Israel,Israel,Haifa,Qiryat Yam,32.8497,35.0697,2
2024-10,Hezbollah,Israel,Israel,HaZafon,Ramat David Airbase,32.667,35.1814,2
2024-10,Hezbollah,Israel,Israel,Tel Aviv,Ramat Hasharon,32.1461,34.8394,1
2024-10,Hezbollah,Israel,Israel,HaZafon,Ramot Naftali,33.1015,35.5532,5
2024-10,Hezbollah,Israel,Israel,Haifa,Regavim Base,32.5259,35.0609,1
2024-10,Hezbollah,Israel,Israel,HaZafon,Rosh HaNikra,33.0861,35.1135,1
2024-10,Hezbollah,Israel,Israel,HaZafon,Rosh HaNikra Naval Base,33.0929,35.1061,5
2024-10,Hezbollah,Israel,Israel,HaZafon,Rosh Pinna,32.9689,35.5426,7
2024-10,Hezbollah,Israel,Israel,HaZafon,Safed,32.9647,35.496,22
2024-10,Hezbollah,Israel,Israel,HaZafon,Sakhnin,32.8642,35.2971,1
2024-10,Hezbollah,Israel,Israel,HaZafon,Samson Camp,32.7658,35.3939,2
2024-10,Hezbollah,Israel,Israel,HaZafon,Sasa,33.0272,35.3941,6
2024-10,Hezbollah,Israel,Israel,HaZafon,She'ar Yashuv,33.2263,35.6467,4
2024-10,Hezbollah,Israel,Israel,HaZafon,Shefaram,32.8058,35.169,1
2024-10,Hezbollah,Israel,Israel,HaZafon,Sheikh Danun,32.994,35.1489,2
2024-10,Hezbollah,Israel,Israel,HaZafon,Shetula,33.0852,35.3149,6
2024-10,Hezbollah,Israel,Israel,HaZafon,Shlomi,33.0726,35.1458,13
2024-10,Hezbollah,Israel,Israel,HaZafon,Shomera,33.0827,35.2838,8
2024-10,Hezbollah,Israel,Israel,HaZafon,Shomera Armory Camp,33.0832,35.2586,1
2024-10,Hezbollah,Israel,Israel,HaZafon,Shraga Barracks,32.963,35.0918,2
2024-10,Hezbollah,Israel,Israel,HaZafon,Snir,33.2407,35.6773,2
2024-10,Hezbollah,Israel,Israel,HaZafon,Tal El,32.9283,35.1813,1
2024-10,Hezbollah,Israel,Israel,HaZafon,Tamra,32.853,35.1987,1
2024-10,Hezbollah,Israel,Israel,Tel Aviv,Tel Aviv - Unspecified,32.0809,34.7806,8
2024-10,Hezbollah,Israel,Israel,HaMerkaz,Tel Nof Base,31.8275,34.8223,1
2024-10,Hezbollah,Israel,Israel,HaZafon,Tiberias,32.7922,35.5312,4
2024-10,Hezbollah,Israel,Israel,Haifa,Tirat Carmel,32.7602,34.9718,5
2024-10,Hezbollah,Israel,Israel,HaZafon,Turaan,32.7769,35.3724,1
2024-10,Hezbollah,Israel,Israel,HaZafon,Turmos Outpost,33.1125,35.5078,5
2024-10,Hezbollah,Israel,Israel,HaZafon,Tzivon,33.0263,35.4158,2
2024-10,Hezbollah,Israel,Israel,HaZafon,Tzurit,32.9017,35.253,2
2024-10,Hezbollah,Israel,Israel,HaZafon,Yaara,33.0675,35.187,7
2024-10,Hezbollah,Israel,Israel,HaZafon,Yanuh Jat,32.9851,35.2491,1
2024-10,Hezbollah,Israel,Israel,HaZafon,Yesud HaMaala,33.0592,35.6103,2
2024-10,Hezbollah,Israel,Israel,HaZafon,Yiftah,33.1288,35.5523,6
2024-10,Hezbollah,Israel,Israel,HaZafon,Yiftah Barracks,33.1431,35.5546,4
2024-10,Hezbollah,Israel,Israel,HaZafon,Yirka,32.9544,35.212,1
2024-10,Hezbollah,Israel,Israel,HaZafon,Yiron,33.0776,35.4546,7
2024-10,Hezbollah,Israel,Israel,HaZafon,Yodefat Military Industries Company,32.8561,35.2804,4
2024-10,Hezbollah,Israel,Israel,HaZafon,Yoqneam Illit,32.6539,35.1038,1
2024-10,Hezbollah,Israel,Israel,HaZafon,Zarit,33.0996,35.2889,7
2024-10,Hezbollah,Israel,Israel,HaZafon,Zarit Barracks,33.1032,35.2906,6
2024-10,Hezbollah,Israel,Israel,Haifa,Zevulun Military Industries Complex,32.8681,35.0921,2
2024-10,Hezbollah,Israel,Israel,Haifa,Zevulun Valley,32.8703,35.0815,4
2024-10,Hezbollah,Israel,Israel,HaZafon,Zomet Golani,32.7749,35.408,1
2024-10,Hezbollah,Israel,Israel,HaZafon,Zomet Gome,33.1698,35.5694,1
2024-10,Hezbollah,Lebanon,Lebanon,South,Aabbassiye,33.2983,35.2821,1
2024-10,Hezbollah,Lebanon,Lebanon,Al Nabatieh,Aadayseh Marjayoun,33.2544,35.5424,11
2024-10,Hezbollah,Lebanon,Lebanon,Al Nabatieh,Aita ech Chaab,33.0971,35.3367,3
2024-10,Hezbollah,Lebanon,Lebanon,Al Nabatieh,Aitaroun,33.1153,35.4714,7
2024-10,Hezbollah,Lebanon,Lebanon,Al Nabatieh,Al Aamra,33.2721,35.5968,2
2024-10,Hezbollah,Lebanon,Lebanon,Al Nabatieh,Al Wazzani,33.2756,35.6228,1
2024-10,Hezbollah,Lebanon,Lebanon,Al Nabatieh,Birkat al Naqqar,33.3269,35.7371,1
2024-10,Hezbollah,Lebanon,Lebanon,Al Nabatieh,Blida,33.14,35.5147,10
2024-10,Hezbollah,Lebanon,Lebanon,Al Nabatieh,Chebaa,33.3475,35.7492,1
2024-10,Hezbollah,Lebanon,Lebanon,Al Nabatieh,Deir Ez Zahrani,33.4333,35.4617,1
2024-10,Hezbollah,Lebanon,Lebanon,Al Nabatieh,Deir Mimas,33.3025,35.5458,1
2024-10,Hezbollah,Lebanon,Lebanon,South,Ed Dhayra,33.1053,35.2248,2
2024-10,Hezbollah,Lebanon,Lebanon,Al Nabatieh,El Habbariye,33.3675,35.6975,1
2024-10,Hezbollah,Lebanon,Lebanon,Al Nabatieh,El Hamames,33.2924,35.59,2
2024-10,Hezbollah,Lebanon,Lebanon,Al Nabatieh,Es Sedaneh,33.3393,35.7122,4
2024-10,Hezbollah,Lebanon,Lebanon,Al Nabatieh,Houla,33.2092,35.515,5
2024-10,Hezbollah,Lebanon,Lebanon,Al Nabatieh,Kfar Chouba,33.3278,35.6925,1
2024-10,Hezbollah,Lebanon,Lebanon,Al Nabatieh,Kfar Kila,33.2772,35.5517,11
2024-10,Hezbollah,Lebanon,Lebanon,Al Nabatieh,Khiyam,33.3278,35.6128,7
2024-10,Hezbollah,Lebanon,Lebanon,South,Labbouneh,33.0977,35.1498,4
2024-10,Hezbollah,Lebanon,Lebanon,Al Nabatieh,Markaba,33.2333,35.513,16
2024-10,Hezbollah,Lebanon,Lebanon,Al Nabatieh,Maroun er Ras,33.1038,35.4444,6
2024-10,Hezbollah,Lebanon,Lebanon,South,Marwahin,33.1086,35.2754,2
2024-10,Hezbollah,Lebanon,Lebanon,Al Nabatieh,Mays el Jabal,33.1691,35.5234,1
2024-10,Hezbollah,Lebanon,Lebanon,Al Nabatieh,Mhaibib,33.1544,35.5052,2
2024-10,Hezbollah,Lebanon,Lebanon,Al Nabatieh,Qatmoun Valley,33.066,35.3604,1
2024-10,Hezbollah,Lebanon,Lebanon,Al Nabatieh,Rab el Thalathine,33.2482,35.5194,6
2024-10,Hezbollah,Lebanon,Lebanon,Al Nabatieh,Ramieh,33.1108,35.3103,2
2024-10,Hezbollah,Lebanon,Lebanon,South,Ras al Naqoura,33.1181,35.1397,3
2024-10,Hezbollah,Lebanon,Lebanon,Al Nabatieh,Rmaysh,33.0783,35.3661,1
2024-10,Hezbollah,Lebanon,Lebanon,Al Nabatieh,Tal Shaar,33.0961,35.3256,2
2024-10,Hezbollah,Lebanon,Lebanon,Al Nabatieh,Taybeh,33.2755,35.5179,6
2024-10,Hezbollah,Lebanon,Lebanon,Al Nabatieh,Tell en Nhas,33.3125,35.5666,1
2024-10,Hezbollah,Lebanon,Lebanon,Al Nabatieh,Tziporen Outpost,33.2084,35.5375,3
2024-10,Hezbollah,Lebanon,Lebanon,Al Nabatieh,Yaroun,33.0803,35.4225,6
2024-10,Hezbollah,Quneitra/Golan,Syria,Quneitra,Al Ramtha,33.2852,35.6903,1
2024-10,Hezbollah,Quneitra/Golan,Syria,Quneitra,Al Samaka,33.2995,35.7021,3
2024-10,Hezbollah,Quneitra/Golan,Syria,Quneitra,Barkhta,33.3021,35.7257,2
2024-10,Hezbollah,Quneitra/Golan,Syria,Quneitra,Ghajar,33.2712,35.6229,2
2024-10,Hezbollah,Quneitra/Golan,Syria,Quneitra,Gladiola Outpost,33.3182,35.7122,5
2024-10,Hezbollah,Quneitra/Golan,Syria,Quneitra,Habushit,33.3088,35.757,4
2024-10,Hezbollah,Quneitra/Golan,Syria,Quneitra,Katsafia Base,32.9836,35.7281,1
2024-10,Hezbollah,Quneitra/Golan,Syria,Quneitra,Katzrin,32.9919,35.6914,14
2024-10,Hezbollah,Quneitra/Golan,Syria,Quneitra,Keila Base,33.1699,35.7174,2
2024-10,Hezbollah,Quneitra/Golan,Syria,Quneitra,Kela Alon,33.1319,35.6837,2
2024-10,Hezbollah,Quneitra/Golan,Syria,Quneitra,Kidmat Tzvi,33.0295,35.6977,1
2024-10,Hezbollah,Quneitra/Golan,Syria,Quneitra,Maale Golani Barracks,33.2944,35.7697,7
2024-10,Hezbollah,Quneitra/Golan,Syria,Quneitra,Merom Golan,33.1326,35.7769,1
2024-10,Hezbollah,Quneitra/Golan,Syria,Quneitra,Mount Hermon,33.3139,35.7706,2
2024-10,Hezbollah,Quneitra/Golan,Syria,Quneitra,Odem,33.1942,35.7486,1
2024-10,Hezbollah,Quneitra/Golan,Syria,Quneitra,Radar Post,33.3309,35.7691,1
2024-10,Hezbollah,Quneitra/Golan,Syria,Quneitra,Shebaa Farms,33.2833,35.7,2
2024-10,Hezbollah,Quneitra/Golan,Syria,Quneitra,Tel Faher Base,33.2138,35.7021,2
2024-10,Hezbollah,Quneitra/Golan,Syria,Quneitra,Tell el Farass,32.9616,35.8682,1
2024-10,Hezbollah,Quneitra/Golan,Syria,Quneitra,Tsnobar Base,33.0054,35.6697,2
2024-10,Hezbollah,Quneitra/Golan,Syria,Quneitra,Yitzak Base,33.0519,35.7336,3
2024-10,Hezbollah,Quneitra/Golan,Syria,Quneitra,Yoav Base,33.1572,35.7146,3
2024-10,Hezbollah,Quneitra/Golan,Syria,Quneitra,Zebdine,33.2772,35.6868,3
2024-10,Israel,Lebanon,Lebanon,North,Aaba,34.3458,35.8283,1
2024-10,Israel,Lebanon,Lebanon,Al Nabatieh,Aabba,33.3617,35.4026,12
2024-10,Israel,Lebanon,Lebanon,South,Aabbassiye,33.2983,35.2821,14
2024-10,Israel,Lebanon,Lebanon,Al Nabatieh,Aadayseh Marjayoun,33.2544,35.5424,15
2024-10,Israel,Lebanon,Lebanon,Al Nabatieh,Aadchit,33.3477,35.4183,8
2024-10,Israel,Lebanon,Lebanon,South,Aadloun,33.4061,35.2741,9
2024-10,Israel,Lebanon,Lebanon,Baalbek-Hermel,Aadous,34.0169,36.1543,1
2024-10,Israel,Lebanon,Lebanon,South,Aalma Ech Chaab,33.1042,35.1819,23
2024-10,Israel,Lebanon,Lebanon,Al Nabatieh,Aalmane,33.3019,35.4701,3
2024-10,Israel,Lebanon,Lebanon,Mount Lebanon,Aalmat El Chamalieh,34.1097,35.7784,1
2024-10,Israel,Lebanon,Lebanon,Baalbek-Hermel,Aamachki,33.9897,36.1989,1
2024-10,Israel,Lebanon,Lebanon,South,Aanqoun,33.4997,35.4303,9
2024-10,Israel,Lebanon,Lebanon,South,Aaqbiyeh,33.4687,35.3192,1
2024-10,Israel,Lebanon,Lebanon,Al Nabatieh,Aarab Salim,33.4297,35.5158,15
2024-10,Israel,Lebanon,Lebanon,Mount Lebanon,Aaraiya,33.8308,35.5894,3
2024-10,Israel,Lebanon,Lebanon,Baalbek-Hermel,Aarsal,34.1794,36.4208,1
2024-10,Israel,Lebanon,Lebanon,South,Aaychiyeh,33.4089,35.5567,4
2024-10,Israel,Lebanon,Lebanon,Al Nabatieh,Aayta Ej Jabal,33.1748,35.4044,8
2024-10,Israel,Lebanon,Lebanon,South,Aaziyyeh,33.1835,35.2342,2
2024-10,Israel,Lebanon,Lebanon,Bekaa,Ablah,33.8708,35.9681,1
2024-10,Israel,Lebanon,Lebanon,South,Adousieh,33.4728,35.3428,1
2024-10,Israel,Lebanon,Lebanon,Bekaa,Ain Aata,33.437,35.7793,1
2024-10,Israel,Lebanon,Lebanon,Bekaa,Ain Arab,33.5769,35.8743,1
2024-10,Israel,Lebanon,Lebanon,Bekaa,Ain At Tina,33.5018,35.6423,1
2024-10,Israel,Lebanon,Lebanon,South,Ain Baal,33.2331,35.2697,14
2024-10,Israel,Lebanon,Lebanon,Baalbek-Hermel,Ain Bourday,33.9878,36.2043,5
2024-10,Israel,Lebanon,Lebanon,Al Nabatieh,Ain Bousouar,33.474,35.5194,3
2024-10,Israel,Lebanon,Lebanon,Al Nabatieh,Ain Ebel,33.1112,35.4036,6
2024-10,Israel,Lebanon,Lebanon,Al Nabatieh,Ain Jerfa,33.3832,35.6851,1
2024-10,Israel,Lebanon,Lebanon,Al Nabatieh,Ain Qana,33.4719,35.5101,1
2024-10,Israel,Lebanon,Lebanon,South,Ain Zarqa,33.1214,35.2002,1
2024-10,Israel,Lebanon,Lebanon,Al Nabatieh,Ain el Mezrab,33.417,35.6589,1
2024-10,Israel,Lebanon,Lebanon,Al Nabatieh,Ainata,33.1297,35.4409,16
2024-10,Israel,Lebanon,Lebanon,Al Nabatieh,Aita ech Chaab,33.0971,35.3367,29
2024-10,Israel,Lebanon,Lebanon,Al Nabatieh,Aitaroun,33.1153,35.4714,11
2024-10,Israel,Lebanon,Lebanon,Mount Lebanon,Aitat,33.7926,35.5522,3
2024-10,Israel,Lebanon,Lebanon,North,Aitou,34.3073,35.9213,1
2024-10,Israel,Lebanon,Lebanon,Baalbek-Hermel,Al Ain,34.2284,36.3621,3
2024-10,Israel,Lebanon,Lebanon,South,Al Bass,33.2725,35.2125,3
2024-10,Israel,Lebanon,Lebanon,Mount Lebanon,Al Hadath,33.8333,35.5333,12
2024-10,Israel,Lebanon,Lebanon,Baalbek-Hermel,Al Hermel,34.3972,36.3874,20
2024-10,Israel,Lebanon,Lebanon,South,Al Lwaiza,33.4607,35.5368,1
2024-10,Israel,Lebanon,Lebanon,South,Al Masakin,33.2681,35.2136,4
2024-10,Israel,Lebanon,Lebanon,Baalbek-Hermel,Al Nabi Sheet,33.8731,36.1117,17
2024-10,Israel,Lebanon,Lebanon,Al Nabatieh,Al Wazzani,33.2756,35.6228,6
2024-10,Israel,Lebanon,Lebanon,South,Al-Matariyyah,33.3395,35.2797,3
2024-10,Israel,Lebanon,Lebanon,Bekaa,Ali en Nahri,33.8558,36.0275,11
2024-10,Israel,Lebanon,Lebanon,Al Nabatieh,Ansar,33.3784,35.3537,17
2024-10,Israel,Lebanon,Lebanon,South,Ansariyeh,33.4128,35.2792,8
2024-10,Israel,Lebanon,Lebanon,South,Arkey,33.4625,35.415,1
2024-10,Israel,Lebanon,Lebanon,Al Nabatieh,Arnoun,33.3317,35.5264,17
2024-10,Israel,Lebanon,Lebanon,South,Arzai,33.3331,35.2986,4
2024-10,Israel,Lebanon,Lebanon,South,Arzoun,33.2828,35.3769,7
2024-10,Israel,Lebanon,Lebanon,Al Nabatieh,As Sultaniyah,33.2055,35.4077,10
2024-10,Israel,Lebanon,Lebanon,Al Nabatieh,At Tiri,33.1403,35.4029,16
2024-10,Israel,Lebanon,Lebanon,South,Aytit,33.2249,35.306,8
2024-10,Israel,Lebanon,Lebanon,Mount Lebanon,Baabda,33.8339,35.5442,1
2024-10,Israel,Lebanon,Lebanon,Baalbek-Hermel,Baalbek,34.0058,36.2181,26
2024-10,Israel,Lebanon,Lebanon,Bekaa,Baaloul,33.5879,35.7478,1
2024-10,Israel,Lebanon,Lebanon,South,Baflay,33.2638,35.364,4
2024-10,Israel,Lebanon,Lebanon,South,Baisariyeh,33.4444,35.3116,10
2024-10,Israel,Lebanon,Lebanon,Bekaa,Bakka,33.5924,35.9247,1
2024-10,Israel,Lebanon,Lebanon,Al Nabatieh,Baraachit,33.1761,35.4433,20
2024-10,Israel,Lebanon,Lebanon,South,Barish,33.274,35.3506,7
2024-10,Israel,Lebanon,Lebanon,Mount Lebanon,Barja,33.6497,35.4428,1
2024-10,Israel,Lebanon,Lebanon,South,Batouliyeh,33.2254,35.2553,9
2024-10,Israel,Lebanon,Lebanon,South,Bazouriyeh,33.2554,35.2731,22
2024-10,Israel,Lebanon,Lebanon,Mount Lebanon,Bchamoun,33.7814,35.5314,1
2024-10,Israel,Lebanon,Lebanon,North,Beddawi,34.4469,35.8678,1
2024-10,Israel,Lebanon,Lebanon,Baalbek-Hermel,Bednayel,33.9189,36.0053,6
2024-10,Israel,Lebanon,Lebanon,Beirut,Beirut - Bachoura,33.8924,35.5046,2
2024-10,Israel,Lebanon,Lebanon,Beirut,Beirut - Mazraa,33.8783,35.5073,1
2024-10,Israel,Lebanon,Lebanon,Beirut,Beirut - Unspecified,33.8889,35.4944,5
2024-10,Israel,Lebanon,Lebanon,Beirut,Beirut - Zokak El Blat,33.8934,35.4997,1
2024-10,Israel,Lebanon,Lebanon,Mount Lebanon,Beirut International Airport,33.8209,35.4884,5
2024-10,Israel,Lebanon,Lebanon,Baalbek-Hermel,Beit Chama,33.921,36.0264,1
2024-10,Israel,Lebanon,Lebanon,Al Nabatieh,Beit Lif,33.1328,35.3356,16
2024-10,Israel,Lebanon,Lebanon,Baalbek-Hermel,Beit Mchik,34.0445,36.0305,4
2024-10,Israel,Lebanon,Lebanon,Al Nabatieh,Beit Yahoun,33.1592,35.4225,10
2024-10,Israel,Lebanon,Lebanon,Al Nabatieh,Bent Jbeil,33.1194,35.4333,26
2024-10,Israel,Lebanon,Lebanon,Al Nabatieh,Berghoz,33.4126,35.6244,5
2024-10,Israel,Lebanon,Lebanon,South,Berkat Jabbour,33.4735,35.6073,3
2024-10,Israel,Lebanon,Lebanon,South,Bestiyat,33.289,35.358,1
2024-10,Israel,Lebanon,Lebanon,South,Bidyas,33.3124,35.3,4
2024-10,Israel,Lebanon,Lebanon,Al Nabatieh,Bir El Sanasel,33.2255,35.4076,5
2024-10,Israel,Lebanon,Lebanon,Mount Lebanon,Bir Hasan,33.8661,35.4884,1
2024-10,Israel,Lebanon,Lebanon,Mount Lebanon,Biyad,33.8169,35.5133,1
2024-10,Israel,Lebanon,Lebanon,Al Nabatieh,Blat,33.3863,35.6003,5
2024-10,Israel,Lebanon,Lebanon,Mount Lebanon,Blat,34.1128,35.665,1
2024-10,Israel,Lebanon,Lebanon,Al Nabatieh,Blida,33.14,35.5147,6
2024-10,Israel,Lebanon,Lebanon,South,Bnaafoul,33.4834,35.4212,1
2024-10,Israel,Lebanon,Lebanon,South,Borgholiyeh,33.312,35.2406,11
2024-10,Israel,Lebanon,Lebanon,Al Nabatieh,Borj Qalaouiye,33.2592,35.4227,12
2024-10,Israel,Lebanon,Lebanon,Al Nabatieh,Borj el Mlouk,33.3215,35.5632,11
2024-10,Israel,Lebanon,Lebanon,Baalbek-Hermel,Bouaidah,34.4358,36.4144,1
2024-10,Israel,Lebanon,Lebanon,Baalbek-Hermel,Boudai,34.0611,36.0611,19
2024-10,Israel,Lebanon,Lebanon,South,Bouslaiaya,33.5009,35.5129,2
2024-10,Israel,Lebanon,Lebanon,South,Boustane,33.1045,35.2573,8
2024-10,Israel,Lebanon,Lebanon,South,Bqosta,33.5792,35.4058,1
2024-10,Israel,Lebanon,Lebanon,Al Nabatieh,Braiqaa,33.3411,35.3828,2
2024-10,Israel,Lebanon,Lebanon,Baalbek-Hermel,Braytal,33.9342,36.1494,7
2024-10,Israel,Lebanon,Lebanon,Mount Lebanon,Bsatine,33.7566,35.5302,1
2024-10,Israel,Lebanon,Lebanon,Baalbek-Hermel,Btedaai,34.1026,36.1289,2
2024-10,Israel,Lebanon,Lebanon,South,Burj Rahhal,33.3109,35.2798,4
2024-10,Israel,Lebanon,Lebanon,South,Burj Shemali,33.2626,35.2388,18
2024-10,Israel,Lebanon,Lebanon,Mount Lebanon,Burj el Barajneh,33.8475,35.5033,17
2024-10,Israel,Lebanon,Lebanon,Baalbek-Hermel,Chaat,34.1422,36.2311,6
2024-10,Israel,Lebanon,Lebanon,South,Chaaytiye,33.1966,35.2654,9
2024-10,Israel,Lebanon,Lebanon,South,Chabriha,33.2926,35.2186,1
2024-10,Israel,Lebanon,Lebanon,South,Chamaa,33.1511,35.1995,11
2024-10,Israel,Lebanon,Lebanon,Al Nabatieh,Chaqra,33.1933,35.4678,21
2024-10,Israel,Lebanon,Lebanon,Al Nabatieh,Charqiyeh,33.3997,35.4181,6
2024-10,Israel,Lebanon,Lebanon,Al Nabatieh,Chebaa,33.3475,35.7492,30
2024-10,Israel,Lebanon,Lebanon,South,Chehour,33.2988,35.37,6
2024-10,Israel,Lebanon,Lebanon,Mount Lebanon,Chemlan,33.7804,35.5469,1
2024-10,Israel,Lebanon,Lebanon,South,Chihhine,33.1265,35.256,11
2024-10,Israel,Lebanon,Lebanon,Mount Lebanon,Chiyah,33.8644,35.5186,11
2024-10,Israel,Lebanon,Lebanon,Baalbek-Hermel,Chmistar,33.9647,36.0175,12
2024-10,Israel,Lebanon,Lebanon,Baalbek-Hermel,Chouaghir,34.3761,36.4083,2
2024-10,Israel,Lebanon,Lebanon,Mount Lebanon,Chouaifat,33.8086,35.5178,10
2024-10,Israel,Lebanon,Lebanon,Al Nabatieh,Choukine,33.3558,35.4619,8
2024-10,Israel,Lebanon,Lebanon,Bekaa,Chtaura,33.8167,35.8514,1
2024-10,Israel,Lebanon,Lebanon,South,Dayr Qanun An Nahr,33.2992,35.3112,7
2024-10,Israel,Lebanon,Lebanon,South,Debaal,33.2494,35.3493,6
2024-10,Israel,Lebanon,Lebanon,Al Nabatieh,Debl,33.12,35.367,7
2024-10,Israel,Lebanon,Lebanon,Al Nabatieh,Deir Aames,33.1957,35.3674,7
2024-10,Israel,Lebanon,Lebanon,North,Deir Billa,34.2468,35.8153,1
2024-10,Israel,Lebanon,Lebanon,Al Nabatieh,Deir Ez Zahrani,33.4333,35.4617,7
2024-10,Israel,Lebanon,Lebanon,South,Deir Kifa,33.2572,35.3986,4
2024-10,Israel,Lebanon,Lebanon,Al Nabatieh,Deir Mimas,33.3025,35.5458,11
2024-10,Israel,Lebanon,Lebanon,South,Deir Qanoun El Ain,33.2222,35.2434,10
2024-10,Israel,Lebanon,Lebanon,Al Nabatieh,Deir Siriane,33.292,35.5002,13
2024-10,Israel,Lebanon,Lebanon,South,Derdghaya,33.2808,35.3708,3
2024-10,Israel,Lebanon,Lebanon,Al Nabatieh,Deyr Ntar,33.2178,35.3785,11
2024-10,Israel,Lebanon,Lebanon,Al Nabatieh,Dibbine,33.3703,35.5953,12
2024-10,Israel,Lebanon,Lebanon,Al Nabatieh,Douair,33.3903,35.4177,16
2024-10,Israel,Lebanon,Lebanon,Baalbek-Hermel,Douris,33.9878,36.1792,14
2024-10,Israel,Lebanon,Lebanon,South,Ech Chehabiye,33.2431,35.3819,14
2024-10,Israel,Lebanon,Lebanon,South,Ed Dhayra,33.1053,35.2248,19
2024-10,Israel,Lebanon,Lebanon,South,Ein el Hilweh,33.5408,35.3767,1
2024-10,Israel,Lebanon,Lebanon,Baalbek-Hermel,El Ain,34.2258,36.378,4
2024-10,Israel,Lebanon,Lebanon,South,El Babliye,33.4211,35.3428,5
2024-10,Israel,Lebanon,Lebanon,South,El Bayada,33.1624,35.1798,9
2024-10,Israel,Lebanon,Lebanon,Bekaa,El Fourzol,33.8764,35.95,1
2024-10,Israel,Lebanon,Lebanon,Al Nabatieh,El Ghandouriyeh,33.2723,35.431,6
2024-10,Israel,Lebanon,Lebanon,Al Nabatieh,El Habbariye,33.3675,35.6975,2
2024-10,Israel,Lebanon,Lebanon,Al Nabatieh,El Hamames,33.2924,35.59,2
2024-10,Israel,Lebanon,Lebanon,Baalbek-Hermel,El Keiyal,34.0144,36.1828,1
2024-10,Israel,Lebanon,Lebanon,Al Nabatieh,El Majidiye,33.2842,35.6564,1
2024-10,Israel,Lebanon,Lebanon,South,El Mansouri,33.1786,35.2061,16
2024-10,Israel,Lebanon,Lebanon,Al Nabatieh,El Meri,33.3204,35.6423,1
2024-10,Israel,Lebanon,Lebanon,Mount Lebanon,El Mrayje,33.828,35.5195,8
2024-10,Israel,Lebanon,Lebanon,Mount Lebanon,El Ouzaai,33.8515,35.486,4
2024-10,Israel,Lebanon,Lebanon,Baalbek-Hermel,El Qaa,34.3442,36.4744,2
2024-10,Israel,Lebanon,Lebanon,Baalbek-Hermel,El Qasr,34.4805,36.4402,1
2024-10,Israel,Lebanon,Lebanon,Mount Lebanon,El Qasr,33.7422,35.6872,1
2024-10,Israel,Lebanon,Lebanon,Al Nabatieh,El Qoussair,33.2929,35.4566,3
2024-10,Israel,Lebanon,Lebanon,South,Er Rachidiye,33.2369,35.2173,2
2024-10,Israel,Lebanon,Lebanon,Mount Lebanon,Er Rouais,33.8503,35.5175,5
2024-10,Israel,Lebanon,Lebanon,Al Nabatieh,Es Sedaneh,33.3393,35.7122,3
2024-10,Israel,Lebanon,Lebanon,Mount Lebanon,Es Souaneh,34.0938,35.7747,1
2024-10,Israel,Lebanon,Lebanon,Mount Lebanon,Et Tahouita,33.87,35.5272,5
2024-10,Israel,Lebanon,Lebanon,Baalbek-Hermel,Fissane,34.4753,36.3471,1
2024-10,Israel,Lebanon,Lebanon,Baalbek-Hermel,Flawiye,34.0473,36.0917,3
2024-10,Israel,Lebanon,Lebanon,Al Nabatieh,Fradis,33.371,35.6679,1
2024-10,Israel,Lebanon,Lebanon,Al Nabatieh,Froun,33.2947,35.4278,6
2024-10,Israel,Lebanon,Lebanon,South,Ghassaniyeh,33.4197,35.3594,7
2024-10,Israel,Lebanon,Lebanon,South,Ghaziyeh,33.5187,35.3663,5
2024-10,Israel,Lebanon,Lebanon,Mount Lebanon,Ghobeiry,33.8593,35.5041,7
2024-10,Israel,Lebanon,Lebanon,Al Nabatieh,Habbouch,33.4073,35.4817,14
2024-10,Israel,Lebanon,Lebanon,Baalbek-Hermel,Hadath,34.0013,36.0283,4
2024-10,Israel,Lebanon,Lebanon,Al Nabatieh,Haddatha,33.1651,35.3912,11
2024-10,Israel,Lebanon,Lebanon,Mount Lebanon,Hai Es Sellom,33.8261,35.5111,1
2024-10,Israel,Lebanon,Lebanon,South,Halloussiyeh,33.3057,35.3278,3
2024-10,Israel,Lebanon,Lebanon,South,Hamoul,33.1232,35.1657,3
2024-10,Israel,Lebanon,Lebanon,Al Nabatieh,Hanine,33.1085,35.3796,22
2024-10,Israel,Lebanon,Lebanon,South,Hanniyeh,33.1902,35.2236,10
2024-10,Israel,Lebanon,Lebanon,Baalbek-Hermel,Haouch Barda,34.011,36.1205,2
2024-10,Israel,Lebanon,Lebanon,Baalbek-Hermel,Haouch Tall Safiye,34.0247,36.1399,1
2024-10,Israel,Lebanon,Lebanon,Baalbek-Hermel,Haouch en Nebi,33.93,36.0678,1
2024-10,Israel,Lebanon,Lebanon,Baalbek-Hermel,Haouch er Rafqa,33.9186,36.0419,2
2024-10,Israel,Lebanon,Lebanon,Baalbek-Hermel,Harabta,34.2081,36.2663,8
2024-10,Israel,Lebanon,Lebanon,Mount Lebanon,Haret Hreik,33.8537,35.5155,17
2024-10,Israel,Lebanon,Lebanon,South,Haret Saida,33.5576,35.3849,3
2024-10,Israel,Lebanon,Lebanon,Al Nabatieh,Haris,33.1803,35.377,9
2024-10,Israel,Lebanon,Lebanon,Al Nabatieh,Harouf,33.3747,35.4419,11
2024-10,Israel,Lebanon,Lebanon,Al Nabatieh,Hasbaya,33.3978,35.685,5
2024-10,Israel,Lebanon,Lebanon,Baalbek-Hermel,Hellaniya,33.8875,36.0396,4
2024-10,Israel,Lebanon,Lebanon,Baalbek-Hermel,Hfayer,34.0778,36.0715,3
2024-10,Israel,Lebanon,Lebanon,Al Nabatieh,Hilta,33.3088,35.6667,6
2024-10,Israel,Lebanon,Lebanon,Baalbek-Hermel,Hizzine,33.9692,36.0947,2
2024-10,Israel,Lebanon,Lebanon,Baalbek-Hermel,Hlabta,34.2557,36.288,4
2024-10,Israel,Lebanon,Lebanon,South,Hosh,33.2434,35.2384,18
2024-10,Israel,Lebanon,Lebanon,Baalbek-Hermel,Hosh Al-Sayyid Ali,34.4539,36.4869,2
2024-10,Israel,Lebanon,Lebanon,Baalbek-Hermel,Hosh Bint Ismail,34.4551,36.484,3
2024-10,Israel,Lebanon,Lebanon,Al Nabatieh,Houla,33.2092,35.515,9
2024-10,Israel,Lebanon,Lebanon,Al Nabatieh,Houmine el Faouqa,33.4413,35.4977,5
2024-10,Israel,Lebanon,Lebanon,Al Nabatieh,Houmine et Tahta,33.477,35.4341,2
2024-10,Israel,Lebanon,Lebanon,Al Nabatieh,Hourah,33.2944,35.5518,1
2024-10,Israel,Lebanon,Lebanon,South,Humairi,33.2957,35.3521,3
2024-10,Israel,Lebanon,Lebanon,Baalbek-Hermel,Iaat,34.0369,36.1714,6
2024-10,Israel,Lebanon,Lebanon,Al Nabatieh,Ibl el Saqi,33.3567,35.6264,6
2024-10,Israel,Lebanon,Lebanon,South,Jabal Blat,33.1148,35.2908,4
2024-10,Israel,Lebanon,Lebanon,Al Nabatieh,Jabal Safi,33.4834,35.5404,3
2024-10,Israel,Lebanon,Lebanon,Mount Lebanon,Jadra,33.6308,35.408,1
2024-10,Israel,Lebanon,Lebanon,Bekaa,Jalala,33.8178,35.8597,1
2024-10,Israel,Lebanon,Lebanon,South,Jall el Bahr,33.5383,35.5592,1
2024-10,Israel,Lebanon,Lebanon,South,Jannata,33.2892,35.3189,4
2024-10,Israel,Lebanon,Lebanon,Al Nabatieh,Jarjouaa,33.4464,35.5187,5
2024-10,Israel,Lebanon,Lebanon,South,Jarmaq,33.3856,35.5347,3
2024-10,Israel,Lebanon,Lebanon,Al Nabatieh,Jbaa,33.4869,35.5188,12
2024-10,Israel,Lebanon,Lebanon,South,Jbal el Botm,33.1739,35.2931,7
2024-10,Israel,Lebanon,Lebanon,South,Jebbayn,33.1235,35.2358,14
2024-10,Israel,Lebanon,Lebanon,Baalbek-Hermel,Jenta,33.8575,36.1075,5
2024-10,Israel,Lebanon,Lebanon,Al Nabatieh,Jibchit,33.3642,35.4322,14
2024-10,Israel,Lebanon,Lebanon,Mount Lebanon,Jiyeh,33.6701,35.4253,2
2024-10,Israel,Lebanon,Lebanon,Al Nabatieh,Jmaijmeh,33.2079,35.4391,8
2024-10,Israel,Lebanon,Lebanon,Mount Lebanon,Jnah,33.8667,35.4833,3
2024-10,Israel,Lebanon,Lebanon,South,Jouaiya,33.2378,35.3373,14
2024-10,Israel,Lebanon,Lebanon,South,Joubb Soueid,33.1638,35.2278,1
2024-10,Israel,Lebanon,Lebanon,Mount Lebanon,Jounieh,33.9808,35.6178,1
2024-10,Israel,Lebanon,Lebanon,Al Nabatieh,Kafra,33.1685,35.3412,19
2024-10,Israel,Lebanon,Lebanon,Mount Lebanon,Kahale,33.8219,35.5875,1
2024-10,Israel,Lebanon,Lebanon,Al Nabatieh,Kaoukaba,33.3983,35.6438,1
2024-10,Israel,Lebanon,Lebanon,South,Kaouthariyet el Saiyad,33.415,35.3843,8
2024-10,Israel,Lebanon,Lebanon,Bekaa,Karak Nouh,33.8489,35.9266,3
2024-10,Israel,Lebanon,Lebanon,Mount Lebanon,Keyfoun,33.7784,35.5594,2
2024-10,Israel,Lebanon,Lebanon,Al Nabatieh,Kfar Chouba,33.3278,35.6925,19
2024-10,Israel,Lebanon,Lebanon,Al Nabatieh,Kfar Dajjal,33.3445,35.4369,2
2024-10,Israel,Lebanon,Lebanon,Baalbek-Hermel,Kfar Dan,34.0127,36.037,2
2024-10,Israel,Lebanon,Lebanon,Al Nabatieh,Kfar Dounin,33.2393,35.3927,16
2024-10,Israel,Lebanon,Lebanon,Al Nabatieh,Kfar Fila,33.4818,35.4983,3
2024-10,Israel,Lebanon,Lebanon,Al Nabatieh,Kfar Hamam,33.3439,35.6789,13
2024-10,Israel,Lebanon,Lebanon,South,Kfar Hatta,33.5041,35.4517,2
2024-10,Israel,Lebanon,Lebanon,South,Kfar Houneh,33.4932,35.5902,6
2024-10,Israel,Lebanon,Lebanon,Al Nabatieh,Kfar Jaouz,33.3972,35.4739,12
2024-10,Israel,Lebanon,Lebanon,Al Nabatieh,Kfar Kila,33.2772,35.5517,23
2024-10,Israel,Lebanon,Lebanon,Al Nabatieh,Kfar Roummane,33.3894,35.5017,17
2024-10,Israel,Lebanon,Lebanon,Al Nabatieh,Kfar Sir,33.3264,35.4004,6
2024-10,Israel,Lebanon,Lebanon,Al Nabatieh,Kfar Tebnit,33.3533,35.5128,16
2024-10,Israel,Lebanon,Lebanon,Bekaa,Kfar Zabad,33.7853,35.9931,1
2024-10,Israel,Lebanon,Lebanon,South,Kfarmelki,33.5024,35.4778,5
2024-10,Israel,Lebanon,Lebanon,Al Nabatieh,Kfeir,33.43,35.7393,2
2024-10,Israel,Lebanon,Lebanon,Al Nabatieh,Kfour,33.4007,35.4518,5
2024-10,Israel,Lebanon,Lebanon,Mount Lebanon,Kfour,34.0318,35.6947,1
2024-10,Israel,Lebanon,Lebanon,South,Kharayeb,33.3434,35.2992,6
2024-10,Israel,Lebanon,Lebanon,South,Khartoum,33.4072,35.3711,1
2024-10,Israel,Lebanon,Lebanon,Al Nabatieh,Kherbet Selm,33.2302,35.4218,15
2024-10,Israel,Lebanon,Lebanon,Al Nabatieh,Khiyam,33.3278,35.6128,32
2024-10,Israel,Lebanon,Lebanon,Baalbek-Hermel,Khodor,33.9034,36.1176,6
2024-10,Israel,Lebanon,Lebanon,South,Kniseh,33.2056,35.2632,1
2024-10,Israel,Lebanon,Lebanon,Al Nabatieh,Kounine,33.1487,35.433,19
2024-10,Israel,Lebanon,Lebanon,South,Labbouneh,33.0977,35.1498,12
2024-10,Israel,Lebanon,Lebanon,Baalbek-Hermel,Laboue,34.1953,36.3561,4
2024-10,Israel,Lebanon,Lebanon,Mount Lebanon,Laylaki,33.8342,35.5142,10
2024-10,Israel,Lebanon,Lebanon,Bekaa,Libbaya,33.4837,35.7265,3
2024-10,Israel,Lebanon,Lebanon,South,Loubieh,33.4263,35.2834,2
2024-10,Israel,Lebanon,Lebanon,South,Maachouq,33.267,35.2242,1
2024-10,Israel,Lebanon,Lebanon,South,Maaliyeh,33.2037,35.2416,7
2024-10,Israel,Lebanon,Lebanon,South,Maamariyet El Kharab,33.4463,35.3332,1
2024-10,Israel,Lebanon,Lebanon,South,Maarakeh,33.2727,35.3002,23
2024-10,Israel,Lebanon,Lebanon,South,Maaroub,33.2856,35.3478,14
2024-10,Israel,Lebanon,Lebanon,Mount Lebanon,Maaysra,34.0711,35.6892,2
2024-10,Israel,Lebanon,Lebanon,Bekaa,Machgara,33.5306,35.6536,7
2024-10,Israel,Lebanon,Lebanon,North,Madfoun,34.2108,35.6492,1
2024-10,Israel,Lebanon,Lebanon,South,Maghdouche,33.5222,35.3863,1
2024-10,Israel,Lebanon,Lebanon,South,Mahmoudiya,33.3868,35.5523,11
2024-10,Israel,Lebanon,Lebanon,South,Mahrouna,33.2187,35.3427,5
2024-10,Israel,Lebanon,Lebanon,Baalbek-Hermel,Majdaloun,33.9903,36.1336,1
2024-10,Israel,Lebanon,Lebanon,Mount Lebanon,Majdel,34.1108,35.8988,2
2024-10,Israel,Lebanon,Lebanon,Al Nabatieh,Majdel Selm,33.2222,35.4647,21
2024-10,Israel,Lebanon,Lebanon,South,Majdel Zoun,33.1514,35.2261,27
2024-10,Israel,Lebanon,Lebanon,Baalbek-Hermel,Makneh,34.0797,36.2067,2
2024-10,Israel,Lebanon,Lebanon,Al Nabatieh,Marjayoun,33.3603,35.5911,24
2024-10,Israel,Lebanon,Lebanon,Al Nabatieh,Markaba,33.2333,35.513,6
2024-10,Israel,Lebanon,Lebanon,Al Nabatieh,Maroun er Ras,33.1038,35.4444,13
2024-10,Israel,Lebanon,Lebanon,South,Marwahin,33.1086,35.2754,10
2024-10,Israel,Lebanon,Lebanon,South,Marwanieh,33.4486,35.3846,4
2024-10,Israel,Lebanon,Lebanon,Bekaa,Masnaa Border Crossing,33.6743,35.965,4
2024-10,Israel,Lebanon,Lebanon,Bekaa,Massa,33.8515,36.0679,1
2024-10,Israel,Lebanon,Lebanon,South,Matmoura,33.11,35.2184,1
2024-10,Israel,Lebanon,Lebanon,Al Nabatieh,Mayfadoun,33.3472,35.4764,13
2024-10,Israel,Lebanon,Lebanon,Al Nabatieh,Mays el Jabal,33.1691,35.5234,10
2024-10,Israel,Lebanon,Lebanon,South,Mazraat Buyut as Sayad,33.1676,35.194,8
2024-10,Israel,Lebanon,Lebanon,South,Mazraat El Yahoudiyeh,33.3447,35.2545,1
2024-10,Israel,Lebanon,Lebanon,South,Mazraat Kaoutariyet Er Riz,33.3712,35.3,3
2024-10,Israel,Lebanon,Lebanon,Al Nabatieh,Mazraat Sarada,33.2911,35.5996,2
2024-10,Israel,Lebanon,Lebanon,South,Mazraat el Daoudiyeh,33.4284,35.299,1
2024-10,Israel,Lebanon,Lebanon,Mount Lebanon,Mechref,33.7144,35.4685,3
2024-10,Israel,Lebanon,Lebanon,Bekaa,Meidoun,33.4694,35.6408,3
2024-10,Israel,Lebanon,Lebanon,Al Nabatieh,Mhaibib,33.1544,35.5052,4
2024-10,Israel,Lebanon,Lebanon,South,Mjadel,33.2286,35.3589,10
2024-10,Israel,Lebanon,Lebanon,South,Mlikh,33.4688,35.556,3
2024-10,Israel,Lebanon,Lebanon,Al Nabatieh,Nabatiye,33.3789,35.4839,30
2024-10,Israel,Lebanon,Lebanon,Al Nabatieh,Nabatiye El Tahta,33.3772,35.4837,1
2024-10,Israel,Lebanon,Lebanon,Al Nabatieh,Nabatiyeh El Faouqa,33.3618,35.4987,19
2024-10,Israel,Lebanon,Lebanon,Baalbek-Hermel,Nabha,34.1842,36.2258,1
2024-10,Israel,Lebanon,Lebanon,South,Nafakhiyeh,33.2709,35.3865,2
2024-10,Israel,Lebanon,Lebanon,Baalbek-Hermel,Nahleh,34.0477,36.2555,2
2024-10,Israel,Lebanon,Lebanon,Mount Lebanon,Nahr Ibrahim,34.0639,35.6497,1
2024-10,Israel,Lebanon,Lebanon,South,Najjariyeh,33.4796,35.3317,1
2024-10,Israel,Lebanon,Lebanon,Bekaa,Nasriyeh,33.7631,35.8585,1
2024-10,Israel,Lebanon,Lebanon,Al Nabatieh,Nmairiyeh,33.425,35.4016,2
2024-10,Israel,Lebanon,Lebanon,South,Nmairiyeh,33.4184,35.3929,2
2024-10,Israel,Lebanon,Lebanon,Bekaa,Qaa El Rim,33.8841,35.8727,1
2024-10,Israel,Lebanon,Lebanon,Al Nabatieh,Qaaqaaiyet el Jisr,33.3259,35.4234,6
2024-10,Israel,Lebanon,Lebanon,Al Nabatieh,Qabrikha,33.2489,35.4623,14
2024-10,Israel,Lebanon,Lebanon,Al Nabatieh,Qalaouiye,33.2473,35.4183,7
2024-10,Israel,Lebanon,Lebanon,South,Qana,33.2088,35.2994,13
2024-10,Israel,Lebanon,Lebanon,Baalbek-Hermel,Qanafez,34.4861,36.3965,1
2024-10,Israel,Lebanon,Lebanon,Al Nabatieh,Qantara,33.2716,35.4649,6
2024-10,Israel,Lebanon,Lebanon,South,Qaqaaiyet El Snoubar,33.4308,35.3444,1
2024-10,Israel,Lebanon,Lebanon,Bekaa,Qaraaoun,33.5628,35.7219,1
2024-10,Israel,Lebanon,Lebanon,South,Qasmiyeh,33.3263,35.248,7
2024-10,Israel,Lebanon,Lebanon,Al Nabatieh,Qatmoun Valley,33.066,35.3604,1
2024-10,Israel,Lebanon,Lebanon,South,Qatrani,33.4402,35.6036,4
2024-10,Israel,Lebanon,Lebanon,South,Qennarit,33.5117,35.3649,3
2024-10,Israel,Lebanon,Lebanon,Bekaa,Qillaya,33.4343,35.6571,5
2024-10,Israel,Lebanon,Lebanon,South,Qlaileh,33.1984,35.2291,19
2024-10,Israel,Lebanon,Lebanon,Al Nabatieh,Qlayaa,33.3347,35.5709,7
2024-10,Israel,Lebanon,Lebanon,Mount Lebanon,Qmatiyeh,33.8019,35.5795,2
2024-10,Israel,Lebanon,Lebanon,Al Nabatieh,Qouzah,33.1203,35.3382,13
2024-10,Israel,Lebanon,Lebanon,Al Nabatieh,Qsaibeh,33.3323,35.3957,2
2024-10,Israel,Lebanon,Lebanon,Baalbek-Hermel,Qsarnaba,33.9045,36.0018,4
2024-10,Israel,Lebanon,Lebanon,Bekaa,Qusaya,33.8122,36.025,1
2024-10,Israel,Lebanon,Lebanon,Al Nabatieh,Rab el Thalathine,33.2482,35.5194,5
2024-10,Israel,Lebanon,Lebanon,Al Nabatieh,Rachaya al Foukhar,33.3541,35.6675,2
2024-10,Israel,Lebanon,Lebanon,Bekaa,Rafid,33.5719,35.8169,1
2024-10,Israel,Lebanon,Lebanon,Baalbek-Hermel,Ram,34.1709,36.1783,1
2024-10,Israel,Lebanon,Lebanon,Al Nabatieh,Ramieh,33.1108,35.3103,16
2024-10,Israel,Lebanon,Lebanon,South,Ras al Ain,33.2279,35.2185,1
2024-10,Israel,Lebanon,Lebanon,South,Ras al Naqoura,33.1181,35.1397,28
2024-10,Israel,Lebanon,Lebanon,Baalbek-Hermel,Rasm el Hadeth,34.1414,36.2756,1
2024-10,Israel,Lebanon,Lebanon,Bekaa,Rayak,33.8508,36.0116,11
2024-10,Israel,Lebanon,Lebanon,Al Nabatieh,Rchaf,33.1436,35.3632,7
2024-10,Israel,Lebanon,Lebanon,South,Rechknanay,33.1892,35.3223,5
2024-10,Israel,Lebanon,Lebanon,South,Rihan,33.4445,35.567,10
2024-10,Israel,Lebanon,Lebanon,South,Rmadiyeh,33.2005,35.2702,11
2024-10,Israel,Lebanon,Lebanon,Al Nabatieh,Rmaysh,33.0783,35.3661,8
2024-10,Israel,Lebanon,Lebanon,Al Nabatieh,Roumine,33.4639,35.4418,6
2024-10,Israel,Lebanon,Lebanon,Bekaa,Saadnayel,33.8203,35.8808,1
2024-10,Israel,Lebanon,Lebanon,Baalbek-Hermel,Saaide,34.0271,36.0821,2
2024-10,Israel,Lebanon,Lebanon,South,Saddiqine,33.1906,35.3106,13
2024-10,Israel,Lebanon,Lebanon,Al Nabatieh,Safad el Battikh,33.2003,35.4327,15
2024-10,Israel,Lebanon,Lebanon,South,Saksakiyah,33.4344,35.2835,9
2024-10,Israel,Lebanon,Lebanon,South,Sammaiyyeh,33.2218,35.2258,7
2024-10,Israel,Lebanon,Lebanon,Baalbek-Hermel,Saraain,33.8856,36.0722,11
2024-10,Israel,Lebanon,Lebanon,Baalbek-Hermel,Saraain El Tahta,33.8795,36.0654,6
2024-10,Israel,Lebanon,Lebanon,South,Sarafand,33.4495,35.2995,9
2024-10,Israel,Lebanon,Lebanon,Mount Lebanon,Sarba,33.9767,35.6211,2
2024-10,Israel,Lebanon,Lebanon,Mount Lebanon,Sawfar,33.8022,35.6989,1
2024-10,Israel,Lebanon,Lebanon,Baalbek-Hermel,Sbouba,34.2219,36.2759,2
2024-10,Israel,Lebanon,Lebanon,South,Sejoud,33.4335,35.5338,6
2024-10,Israel,Lebanon,Lebanon,South,Selaa,33.2538,35.3833,6
2024-10,Israel,Lebanon,Lebanon,Baalbek-Hermel,Sharbine,34.4583,36.3595,1
2024-10,Israel,Lebanon,Lebanon,South,Shbeil,33.4256,35.6005,1
2024-10,Israel,Lebanon,Lebanon,South,Sidon,33.5599,35.3756,1
2024-10,Israel,Lebanon,Lebanon,Baalbek-Hermel,Sifri,33.9207,36.0842,3
2024-10,Israel,Lebanon,Lebanon,South,Sinai,33.3821,35.3675,7
2024-10,Israel,Lebanon,Lebanon,Al Nabatieh,Sir el Gharbiye,33.3204,35.3632,3
2024-10,Israel,Lebanon,Lebanon,Bekaa,Sohmor,33.5116,35.6848,11
2024-10,Israel,Lebanon,Lebanon,Al Nabatieh,Souaneh,33.2335,35.4379,5
2024-10,Israel,Lebanon,Lebanon,Al Nabatieh,Srebbine,33.1542,35.3586,7
2024-10,Israel,Lebanon,Lebanon,South,Srifa,33.2817,35.3971,13
2024-10,Israel,Lebanon,Lebanon,South,Sriri,33.4339,35.6253,7
2024-10,Israel,Lebanon,Lebanon,Bekaa,Taalabaya,33.8136,35.8644,1
2024-10,Israel,Lebanon,Lebanon,Al Nabatieh,Tallit el Azziye,33.293,35.5419,3
2024-10,Israel,Lebanon,Lebanon,Al Nabatieh,Talouseh,33.2324,35.4851,1
2024-10,Israel,Lebanon,Lebanon,Baalbek-Hermel,Talya,33.9348,36.0983,4
2024-10,Israel,Lebanon,Lebanon,Baalbek-Hermel,Tamnine El Faouqa,33.9046,35.979,6
2024-10,Israel,Lebanon,Lebanon,Baalbek-Hermel,Taraiyya,33.9871,36.0089,11
2024-10,Israel,Lebanon,Lebanon,Al Nabatieh,Taybeh,33.2755,35.5179,17
2024-10,Israel,Lebanon,Lebanon,Baalbek-Hermel,Taybeh,33.9583,36.1661,3
2024-10,Israel,Lebanon,Lebanon,South,Tayr Debba,33.2757,35.2784,17
2024-10,Israel,Lebanon,Lebanon,South,Tayr Falsay,33.3088,35.3486,4
2024-10,Israel,Lebanon,Lebanon,South,Tayr Harfa,33.1285,35.2192,25
2024-10,Israel,Lebanon,Lebanon,South,Tebna,33.4376,35.3407,2
2024-10,Israel,Lebanon,Lebanon,Al Nabatieh,Tebnine,33.194,35.4097,21
2024-10,Israel,Lebanon,Lebanon,South,Teffahta,33.4381,35.3711,4
2024-10,Israel,Lebanon,Lebanon,Baalbek-Hermel,Tell el Abiad,34.0389,36.2094,1
2024-10,Israel,Lebanon,Lebanon,Al Nabatieh,Tell en Nhas,33.3125,35.5666,8
2024-10,Israel,Lebanon,Lebanon,Baalbek-Hermel,Temnine et Tehta,33.8861,35.9944,12
2024-10,Israel,Lebanon,Lebanon,Baalbek-Hermel,Toufiqiye,34.1723,36.3104,8
2024-10,Israel,Lebanon,Lebanon,Al Nabatieh,Toul,33.3851,35.4458,13
2024-10,Israel,Lebanon,Lebanon,Al Nabatieh,Touline,33.2477,35.4482,12
2024-10,Israel,Lebanon,Lebanon,South,Toura,33.2931,35.2984,9
2024-10,Israel,Lebanon,Lebanon,South,Tyr,33.2733,35.1939,20
2024-10,Israel,Lebanon,Lebanon,South,Umm Touteh,33.1085,35.2553,1
2024-10,Israel,Lebanon,Lebanon,Mount Lebanon,Wadi El Zayni,33.6228,35.4007,1
2024-10,Israel,Lebanon,Lebanon,Baalbek-Hermel,Wadi Faara,34.278,36.2791,2
2024-10,Israel,Lebanon,Lebanon,South,Wadi Jilo,33.2436,35.3044,4
2024-10,Israel,Lebanon,Lebanon,Al Nabatieh,Wadi Khansa,33.2987,35.6568,2
2024-10,Israel,Lebanon,Lebanon,Al Nabatieh,Wadi Saluki,33.2154,35.4873,1
2024-10,Israel,Lebanon,Lebanon,Mount Lebanon,Wardaniyeh,33.6134,35.4353,2
2024-10,Israel,Lebanon,Lebanon,Baalbek-Hermel,Yammoune,34.1293,36.0282,2
2024-10,Israel,Lebanon,Lebanon,Mount Lebanon,Yanouh,34.1005,35.884,5
2024-10,Israel,Lebanon,Lebanon,South,Yarine,33.1064,35.2324,10
2024-10,Israel,Lebanon,Lebanon,Al Nabatieh,Yaroun,33.0803,35.4225,18
2024-10,Israel,Lebanon,Lebanon,Al Nabatieh,Yater,33.1541,35.3302,25
2024-10,Israel,Lebanon,Lebanon,Al Nabatieh,Yohmor,33.3114,35.5163,22
2024-10,Israel,Lebanon,Lebanon,Baalbek-Hermel,Younine,34.0791,36.2747,11
2024-10,Israel,Lebanon,Lebanon,Baalbek-Hermel,Zabboud,34.2414,36.319,3
2024-10,Israel,Lebanon,Lebanon,Bekaa,Zahle,33.8468,35.902,1
2024-10,Israel,Lebanon,Lebanon,Al Nabatieh,Zaoutar ech Charqiye,33.3197,35.4725,16
2024-10,Israel,Lebanon,Lebanon,Al Nabatieh,Zawtar el Gharbiye,33.3227,35.4615,10
2024-10,Israel,Lebanon,Lebanon,Al Nabatieh,Zebdine,33.3765,35.462,11
2024-10,Israel,Lebanon,Lebanon,South,Zebqine,33.1656,35.2669,16
2024-10,Israel,Lebanon,Lebanon,Al Nabatieh,Zefta,33.4463,35.3944,13
2024-10,Israel,Lebanon,Lebanon,South,Zeita,33.5047,35.3928,2
2024-10,Israel,Lebanon,Lebanon,Bekaa,Zillaya,33.4587,35.6707,1
2024-10,Israel,Lebanon,Lebanon,South,Zrariyeh,33.3438,35.3346,16
2024-10,Israel,Quneitra/Golan,Syria,Quneitra,Al Qahtaniyah,33.1106,35.8375,1
2024-10,Israel,Quneitra/Golan,Syria,Quneitra,Breiqa,33.0425,35.8704,1
2024-10,Israel,Quneitra/Golan,Syria,Quneitra,Hadar,33.279,35.8313,3
2024-10,Israel,Quneitra/Golan,Syria,Quneitra,Hurriyeh,33.1893,35.8458,1
2024-10,Israel,Quneitra/Golan,Syria,Quneitra,Quneitra,33.1242,35.8264,1
2024-10,Israel,Quneitra/Golan,Syria,Quneitra,Rafid,32.9564,35.9014,3
2024-10,Israel,Quneitra/Golan,Syria,Quneitra,Sahita,33.25,35.7667,1
2024-10,Israel,Quneitra/Golan,Syria,Quneitra,Shebaa Farms,33.2833,35.7,1
2024-10,Israel,Syria-other,Syria,Homs,Al Qusayr,34.5078,36.5803,3
2024-10,Israel,Syria-other,Syria,As Sweida,Al Thaalah Military Air Base,32.7044,36.4143,1
2024-10,Israel,Syria-other,Syria,Dara,Al-Qanniyeh,33.0108,36.1849,1
2024-10,Israel,Syria-other,Syria,Homs,Arjoun,34.5572,36.5367,1
2024-10,Israel,Syria-other,Syria,Rural Damascus,Az-Zabdani,33.7252,36.1024,1
2024-10,Israel,Syria-other,Syria,Damascus,Damascus - Kafr Sousah,33.4899,36.2682,1
2024-10,Israel,Syria-other,Syria,Damascus,Damascus - Mazzeh,33.4999,36.2476,4
2024-10,Israel,Syria-other,Syria,Rural Damascus,Darbal,33.3561,35.9117,1
2024-10,Israel,Syria-other,Syria,Homs,Hasyaa,34.4107,36.7596,1
2024-10,Israel,Syria-other,Syria,Homs,Homs - Unspecified,34.73,36.7197,1
2024-10,Israel,Syria-other,Syria,Homs,Hosh al Sayed Ali,34.4604,36.4965,5
2024-10,Israel,Syria-other,Syria,Hama,Jabal Ein Zarqa,35.0227,37.0023,1
2024-10,Israel,Syria-other,Syria,Lattakia,Jablah,35.3645,35.9305,1
2024-10,Israel,Syria-other,Syria,Homs,Jarmash,34.5249,36.4028,2
2024-10,Israel,Syria-other,Syria,Dara,Jasim,32.9912,36.0602,1
2024-10,Israel,Syria-other,Syria,Homs,Joussieh Border Crossing,34.4251,36.5458,1
2024-10,Israel,Syria-other,Syria,Homs,Jusiya Al Ammar,34.4252,36.555,3
2024-10,Israel,Syria-other,Syria,As Sweida,Khalkhla Airbase,33.0613,36.5544,1
2024-10,Israel,Syria-other,Syria,Lattakia,Lattakia - Unspecified,35.5391,35.7896,1
2024-10,Israel,Syria-other,Syria,Homs,Matraba,34.4817,36.4906,1
2024-10,Israel,Syria-other,Syria,Homs,Nizariyah,34.4323,36.545,1
2024-10,Israel,Syria-other,Syria,Dara,Qarfa Agricultural Airport,32.8268,36.2457,1
2024-10,Israel,Syria-other,Syria,Rural Damascus,Rankus,33.756,36.3906,1
2024-10,Israel,Syria-other,Syria,Rural Damascus,Sarghaya,33.8111,36.157,2
2024-10,Israel,Syria-other,Syria,Homs,Shinshar,34.6043,36.7214,2
2024-10,Israel,Syria-other,Syria,Homs,Shtaya,34.6846,36.9537,1
2024-10,Israel,Syria-other,Syria,Homs,Tadmor - Airbase,34.5597,38.3158,1
2024-10,Israel,Syria-other,Syria,As Sweida,Tal Kharouf Radar Military Base,32.7994,36.3858,1
2024-10,Israel,Syria-other,Syria,As Sweida,Tall Qulayb,32.6532,36.6594,1
2024-10,Israel,Syria-other,Syria,Homs,Tall Shinan,34.6962,37.0021,1
2024-10,Israel,Syria-other,Syria,Dara,Tall al Jabiyah,32.9199,36.0,1
2024-11,Hezbollah,Israel,Israel,HaZafon,Afula,32.6091,35.2892,1
2024-11,Hezbollah,Israel,Israel,HaZafon,Akko,32.9281,35.0765,10
2024-11,Hezbollah,Israel,Israel,HaZafon,Al Baghdadi,33.1655,35.5478,2
2024-11,Hezbollah,Israel,Israel,HaZafon,Al Manara,33.2005,35.5421,1
2024-11,Hezbollah,Israel,Israel,HaZafon,Al Marj,33.2324,35.5446,2
2024-11,Hezbollah,Israel,Israel,HaZafon,Alma,33.0516,35.4997,1
2024-11,Hezbollah,Israel,Israel,HaZafon,Amiad,32.9304,35.5405,1
2024-11,Hezbollah,Israel,Israel,HaZafon,Amir,33.1787,35.6208,1
2024-11,Hezbollah,Israel,Israel,HaDarom,Ashdod Naval Base,31.8186,34.6398,1
2024-11,Hezbollah,Israel,Israel,Haifa,Atlit,32.6889,34.9424,1
2024-11,Hezbollah,Israel,Israel,HaZafon,Avivim,33.0889,35.4723,13
2024-11,Hezbollah,Israel,Israel,HaZafon,Ayelet HaShahar,33.0222,35.5772,4
2024-11,Hezbollah,Israel,Israel,HaZafon,Baram,33.0592,35.4338,6
2024-11,Hezbollah,Israel,Israel,HaZafon,Beit Hillel,33.2086,35.607,1
2024-11,Hezbollah,Israel,Israel,Haifa,Beit Oren,32.7307,35.0068,1
2024-11,Hezbollah,Israel,Israel,HaZafon,Ben Ami,33.007,35.1256,1
2024-11,Hezbollah,Israel,Israel,HaMerkaz,Ben Gurion International Airport,32.0136,34.8866,1
2024-11,Hezbollah,Israel,Israel,HaZafon,Betzet,33.0714,35.1347,1
2024-11,Hezbollah,Israel,Israel,HaZafon,Bina,32.9307,35.2716,1
2024-11,Hezbollah,Israel,Israel,HaZafon,Biriya,32.9783,35.4997,4
2024-11,Hezbollah,Israel,Israel,Haifa,Coast of Haifa,32.8507,35.005,1
2024-11,Hezbollah,Israel,Israel,HaZafon,Dado Base,32.9805,35.5144,1
2024-11,Hezbollah,Israel,Israel,HaZafon,Dalton,33.0164,35.489,2
2024-11,Hezbollah,Israel,Israel,HaZafon,Dishon,33.0814,35.5174,5
2024-11,Hezbollah,Israel,Israel,HaZafon,Dovev,33.0522,35.4081,2
2024-11,Hezbollah,Israel,Israel,HaZafon,Dovev Barracks,33.0578,35.4002,5
2024-11,Hezbollah,Israel,Israel,HaZafon,Dvoranit Outpost,33.0915,35.1402,1
2024-11,Hezbollah,Israel,Israel,HaZafon,Ein Yaakov,33.0098,35.2298,1
2024-11,Hezbollah,Israel,Israel,HaZafon,Ein Zeitim Base,32.9948,35.4851,2
2024-11,Hezbollah,Israel,Israel,HaZafon,Elyaqim,32.632,35.0669,2
2024-11,Hezbollah,Israel,Israel,HaZafon,Even Menahem,33.0742,35.294,4
2024-11,Hezbollah,Israel,Israel,HaZafon,Gaaton,33.0063,35.2148,2
2024-11,Hezbollah,Israel,Israel,Tel Aviv,Glilot Base,32.1431,34.8172,4
2024-11,Hezbollah,Israel,Israel,HaZafon,Goren,33.0566,35.2377,3
2024-11,Hezbollah,Israel,Israel,HaZafon,Gornot HaGalil,33.0594,35.2498,1
2024-11,Hezbollah,Israel,Israel,HaZafon,HaGoshrim,33.2206,35.6233,2
2024-11,Hezbollah,Israel,Israel,Haifa,HaHoterim,32.7518,34.9569,1
2024-11,Hezbollah,Israel,Israel,Haifa,Hadera,32.4419,34.9039,1
2024-11,Hezbollah,Israel,Israel,Haifa,Haifa,32.8184,34.9885,14
2024-11,Hezbollah,Israel,Israel,Haifa,Haifa Naval Base,32.8308,34.9932,4
2024-11,Hezbollah,Israel,Israel,HaZafon,Hanita,33.0875,35.1736,2
2024-11,Hezbollah,Israel,Israel,HaDarom,Hatzor Air Base,31.7625,34.7281,1
2024-11,Hezbollah,Israel,Israel,HaZafon,Hazor HaGlilit,32.9805,35.5424,3
2024-11,Hezbollah,Israel,Israel,HaZafon,Hosen,32.9982,35.2981,1
2024-11,Hezbollah,Israel,Israel,HaZafon,Hurfeish,33.0177,35.3461,1
2024-11,Hezbollah,Israel,Israel,HaZafon,Jal Al Deir,33.0921,35.4896,1
2024-11,Hezbollah,Israel,Israel,HaZafon,Kabri,33.0209,35.1484,4
2024-11,Hezbollah,Israel,Israel,HaZafon,Kafr Yasif,32.9545,35.1623,1
2024-11,Hezbollah,Israel,Israel,HaZafon,Karmiel,32.9171,35.305,5
2024-11,Hezbollah,Israel,Israel,HaMerkaz,Kefar Bilu,31.877,34.8211,1
2024-11,Hezbollah,Israel,Israel,HaZafon,Kefar Blum,33.1717,35.6098,3
2024-11,Hezbollah,Israel,Israel,HaZafon,Kefar Giladi,33.2423,35.5752,2
2024-11,Hezbollah,Israel,Israel,HaZafon,Kefar Hoshen,33.0121,35.4405,3
2024-11,Hezbollah,Israel,Israel,HaZafon,Kefar Masaryk,32.8902,35.0989,2
2024-11,Hezbollah,Israel,Israel,HaZafon,Kefar Szold,33.1959,35.6584,1
2024-11,Hezbollah,Israel,Israel,HaZafon,Kefar Weradim,32.9939,35.2779,2
2024-11,Hezbollah,Israel,Israel,HaMerkaz,Kefar Yona,32.3167,34.9351,1
2024-11,Hezbollah,Israel,Israel,HaZafon,Kefar Yuval,33.2475,35.5981,5
2024-11,Hezbollah,Israel,Israel,HaZafon,Kerem Ben Zimra,33.0383,35.4687,1
2024-11,Hezbollah,Israel,Israel,HaMerkaz,Kfar Saba,32.175,34.9069,1
2024-11,Hezbollah,Israel,Israel,Haifa,Kiryat Ata,32.8115,35.1132,5
2024-11,Hezbollah,Israel,Israel,Haifa,Kiryat Ata Industrial Zone,32.8052,35.0705,1
2024-11,Hezbollah,Israel,Israel,HaZafon,Kiryat Shmona,33.2073,35.572,21
2024-11,Hezbollah,Israel,Israel,Haifa,Krayot,32.8417,35.0714,11
2024-11,Hezbollah,Israel,Israel,HaZafon,Liman,33.0602,35.1127,1
2024-11,Hezbollah,Israel,Israel,HaZafon,Livneh Outpost,33.1039,35.3167,1
2024-11,Hezbollah,Israel,Israel,HaMerkaz,Lod,31.9467,34.8903,1
2024-11,Hezbollah,Israel,Israel,HaZafon,Maalot,33.0129,35.2774,10
2024-11,Hezbollah,Israel,Israel,HaZafon,Majd el Kurum,32.9219,35.2557,1
2024-11,Hezbollah,Israel,Israel,HaZafon,Malkiyya,33.0983,35.5108,7
2024-11,Hezbollah,Israel,Israel,HaZafon,Margaliyyot,33.2147,35.5449,3
2024-11,Hezbollah,Israel,Israel,HaZafon,Matzuva,33.0638,35.1576,1
2024-11,Hezbollah,Israel,Israel,HaZafon,Meishar Camp,32.9894,35.5151,1
2024-11,Hezbollah,Israel,Israel,HaZafon,Menara,33.1969,35.5439,12
2024-11,Hezbollah,Israel,Israel,HaZafon,Meron,32.9878,35.4409,6
2024-11,Hezbollah,Israel,Israel,HaZafon,Metulla,33.2792,35.5795,11
2024-11,Hezbollah,Israel,Israel,HaZafon,Misgav,32.8602,35.2617,1
2024-11,Hezbollah,Israel,Israel,HaZafon,Mitzpe Netofa,32.8029,35.3829,1
2024-11,Hezbollah,Israel,Israel,HaZafon,Mitzpeh Adi Army Base,33.2257,35.5499,6
2024-11,Hezbollah,Israel,Israel,HaZafon,Mount Meron Base,32.9975,35.4123,3
2024-11,Hezbollah,Israel,Israel,HaZafon,Nahal Gershom,33.0819,35.5738,1
2024-11,Hezbollah,Israel,Israel,HaZafon,Nahariyya,33.0089,35.0981,19
2024-11,Hezbollah,Israel,Israel,HaZafon,Neot Mordechai,33.1603,35.5966,1
2024-11,Hezbollah,Israel,Israel,Haifa,Nesher,32.7666,35.05,2
2024-11,Hezbollah,Israel,Israel,HaZafon,Netiv HaShayara,32.9934,35.1354,1
2024-11,Hezbollah,Israel,Israel,HaZafon,Neve Ziv,33.0273,35.1814,1
2024-11,Hezbollah,Israel,Israel,HaMerkaz,Ometz,32.3702,34.9934,1
2024-11,Hezbollah,Israel,Israel,HaMerkaz,Petah Tikva,32.0871,34.8875,3
2024-11,Hezbollah,Israel,Israel,Haifa,Qiryat Bialik,32.8275,35.0858,3
2024-11,Hezbollah,Israel,Israel,Haifa,Qiryat Hayyim,32.8213,35.0706,1
2024-11,Hezbollah,Israel,Israel,Haifa,Qiryat Motzkin,32.839,35.0774,3
2024-11,Hezbollah,Israel,Israel,Haifa,Qiryat Yam,32.8497,35.0697,2
2024-11,Hezbollah,Israel,Israel,HaMerkaz,Raanana,32.1836,34.8739,2
2024-11,Hezbollah,Israel,Israel,HaZafon,Ramat David,32.679,35.2031,2
2024-11,Hezbollah,Israel,Israel,Tel Aviv,Ramat Gan,32.0823,34.8107,1
2024-11,Hezbollah,Israel,Israel,Tel Aviv,Ramat Hasharon,32.1461,34.8394,1
2024-11,Hezbollah,Israel,Israel,HaZafon,Ramot Naftali,33.1015,35.5532,1
2024-11,Hezbollah,Israel,Israel,Haifa,Regavim,32.5239,35.0341,1
2024-11,Hezbollah,Israel,Israel,HaMerkaz,Rinatya,32.0435,34.9283,1
2024-11,Hezbollah,Israel,Israel,HaZafon,Rosh HaNikra,33.0861,35.1135,1
2024-11,Hezbollah,Israel,Israel,HaZafon,Rosh Pinna,32.9689,35.5426,3
2024-11,Hezbollah,Israel,Israel,HaZafon,Saar,33.0285,35.1095,1
2024-11,Hezbollah,Israel,Israel,HaZafon,Safed,32.9647,35.496,13
2024-11,Hezbollah,Israel,Israel,HaZafon,Sasa,33.0272,35.3941,8
2024-11,Hezbollah,Israel,Israel,HaZafon,Shaab,32.8894,35.2409,1
2024-11,Hezbollah,Israel,Israel,HaZafon,Shamir,33.1659,35.6604,1
2024-11,Hezbollah,Israel,Israel,HaZafon,Shefaram,32.8058,35.169,2
2024-11,Hezbollah,Israel,Israel,HaZafon,Shetula,33.0852,35.3149,5
2024-11,Hezbollah,Israel,Israel,HaZafon,Shlomi,33.0726,35.1458,2
2024-11,Hezbollah,Israel,Israel,HaZafon,Shomera,33.0827,35.2838,7
2024-11,Hezbollah,Israel,Israel,HaZafon,Shorashim,32.8931,35.259,1
2024-11,Hezbollah,Israel,Israel,HaZafon,Shraga Barracks,32.963,35.0918,15
2024-11,Hezbollah,Israel,Israel,Haifa,Stella Maris Naval Base,32.8283,34.9691,2
2024-11,Hezbollah,Israel,Israel,HaZafon,Tamra,32.853,35.1987,1
2024-11,Hezbollah,Israel,Israel,Tel Aviv,Tel Aviv - HaKirya,32.0745,34.7848,1
2024-11,Hezbollah,Israel,Israel,Tel Aviv,Tel Aviv - Unspecified,32.0809,34.7806,7
2024-11,Hezbollah,Israel,Israel,HaZafon,Tel Hai Industrial Park,33.2352,35.5834,1
2024-11,Hezbollah,Israel,Israel,HaMerkaz,Tel Nof Base,31.8275,34.8223,1
2024-11,Hezbollah,Israel,Israel,HaZafon,Tiberias,32.7922,35.5312,2
2024-11,Hezbollah,Israel,Israel,HaMerkaz,Tirah,32.2341,34.9502,1
2024-11,Hezbollah,Israel,Israel,Haifa,Tirat Carmel,32.7602,34.9718,1
2024-11,Hezbollah,Israel,Israel,HaMerkaz,Tzrifin,31.9573,34.8406,1
2024-11,Hezbollah,Israel,Israel,HaZafon,Yaara,33.0675,35.187,3
2024-11,Hezbollah,Israel,Israel,HaZafon,Yasur,32.9004,35.1658,1
2024-11,Hezbollah,Israel,Israel,HaZafon,Yesud HaMaala,33.0592,35.6103,5
2024-11,Hezbollah,Israel,Israel,HaZafon,Yiftah,33.1288,35.5523,2
2024-11,Hezbollah,Israel,Israel,HaZafon,Yiftah Barracks,33.1431,35.5546,1
2024-11,Hezbollah,Israel,Israel,HaZafon,Yiron,33.0776,35.4546,5
2024-11,Hezbollah,Israel,Israel,HaZafon,Yodefat Military Industries Company,32.8561,35.2804,1
2024-11,Hezbollah,Israel,Israel,HaZafon,Yoqneam Illit,32.6539,35.1038,2
2024-11,Hezbollah,Israel,Israel,HaZafon,Zarit,33.0996,35.2889,5
2024-11,Hezbollah,Israel,Israel,Haifa,Zevulun Military Industries Complex,32.8681,35.0921,4
2024-11,Hezbollah,Lebanon,Lebanon,Al Nabatieh,Aadayseh Marjayoun,33.2544,35.5424,4
2024-11,Hezbollah,Lebanon,Lebanon,South,Aalma Ech Chaab,33.1042,35.1819,1
2024-11,Hezbollah,Lebanon,Lebanon,Al Nabatieh,Ainata,33.1297,35.4409,1
2024-11,Hezbollah,Lebanon,Lebanon,Al Nabatieh,Bent Jbeil,33.1194,35.4333,2
2024-11,Hezbollah,Lebanon,Lebanon,South,Chamaa,33.1511,35.1995,7
2024-11,Hezbollah,Lebanon,Lebanon,Al Nabatieh,Chebaa,33.3475,35.7492,1
2024-11,Hezbollah,Lebanon,Lebanon,Al Nabatieh,Deir Mimas,33.3025,35.5458,5
2024-11,Hezbollah,Lebanon,Lebanon,South,El Bayada,33.1624,35.1798,2
2024-11,Hezbollah,Lebanon,Lebanon,Al Nabatieh,Hanine,33.1085,35.3796,1
2024-11,Hezbollah,Lebanon,Lebanon,Al Nabatieh,Houla,33.2092,35.515,2
2024-11,Hezbollah,Lebanon,Lebanon,Al Nabatieh,Ibl el Saqi,33.3567,35.6264,2
2024-11,Hezbollah,Lebanon,Lebanon,Al Nabatieh,Jal al Deir Military Post,33.2124,35.5349,2
2024-11,Hezbollah,Lebanon,Lebanon,South,Jebbayn,33.1235,35.2358,3
2024-11,Hezbollah,Lebanon,Lebanon,Al Nabatieh,Kfar Fila,33.4818,35.4983,1
2024-11,Hezbollah,Lebanon,Lebanon,Al Nabatieh,Kfar Kila,33.2772,35.5517,7
2024-11,Hezbollah,Lebanon,Lebanon,Al Nabatieh,Khiyam,33.3278,35.6128,21
2024-11,Hezbollah,Lebanon,Lebanon,Al Nabatieh,Markaba,33.2333,35.513,8
2024-11,Hezbollah,Lebanon,Lebanon,Al Nabatieh,Maroun er Ras,33.1038,35.4444,20
2024-11,Hezbollah,Lebanon,Lebanon,Al Nabatieh,Mays el Jabal,33.1691,35.5234,4
2024-11,Hezbollah,Lebanon,Lebanon,Al Nabatieh,Rab el Thalathine,33.2482,35.5194,1
2024-11,Hezbollah,Lebanon,Lebanon,Al Nabatieh,Talouseh,33.2324,35.4851,1
2024-11,Hezbollah,Lebanon,Lebanon,Al Nabatieh,Taybeh,33.2755,35.5179,1
2024-11,Hezbollah,Lebanon,Lebanon,South,Tayr Harfa,33.1285,35.2192,2
2024-11,Hezbollah,Lebanon,Lebanon,Al Nabatieh,Tell en Nhas,33.3125,35.5666,2
2024-11,Hezbollah,Lebanon,Lebanon,Al Nabatieh,Tziporen Outpost,33.2084,35.5375,5
2024-11,Hezbollah,Lebanon,Lebanon,Al Nabatieh,Yaroun,33.0803,35.4225,4
2024-11,Hezbollah,Quneitra/Golan,Syria,Quneitra,Al Ramtha,33.2852,35.6903,1
2024-11,Hezbollah,Quneitra/Golan,Syria,Quneitra,Al Samaka,33.2995,35.7021,1
2024-11,Hezbollah,Quneitra/Golan,Syria,Quneitra,Buqata,33.2014,35.7801,1
2024-11,Hezbollah,Quneitra/Golan,Syria,Quneitra,Ghajar,33.2712,35.6229,1
2024-11,Hezbollah,Quneitra/Golan,Syria,Quneitra,Habushit,33.3088,35.757,2
2024-11,Hezbollah,Quneitra/Golan,Syria,Quneitra,Katzrin,32.9919,35.6914,8
2024-11,Hezbollah,Quneitra/Golan,Syria,Quneitra,Keila Base,33.1699,35.7174,1
2024-11,Hezbollah,Quneitra/Golan,Syria,Quneitra,Kidmat Tzvi,33.0295,35.6977,2
2024-11,Hezbollah,Quneitra/Golan,Syria,Quneitra,Maale Golani Barracks,33.2944,35.7697,4
2024-11,Hezbollah,Quneitra/Golan,Syria,Quneitra,Majdal Shams,33.2655,35.7686,2
2024-11,Hezbollah,Quneitra/Golan,Syria,Quneitra,Merom Golan,33.1326,35.7769,1
2024-11,Hezbollah,Quneitra/Golan,Syria,Quneitra,Mount Hermon,33.3139,35.7706,2
2024-11,Hezbollah,Quneitra/Golan,Syria,Quneitra,Shaal,33.1163,35.7191,1
2024-11,Hezbollah,Quneitra/Golan,Syria,Quneitra,Yitzak Base,33.0519,35.7336,1
2024-11,Hezbollah,Quneitra/Golan,Syria,Quneitra,Yoav Base,33.1572,35.7146,1
2024-11,Israel,Lebanon,Lebanon,Al Nabatieh,Aabba,33.3617,35.4026,11
2024-11,Israel,Lebanon,Lebanon,South,Aabbassiye,33.2983,35.2821,14
2024-11,Israel,Lebanon,Lebanon,Al Nabatieh,Aadayseh Marjayoun,33.2544,35.5424,1
2024-11,Israel,Lebanon,Lebanon,Al Nabatieh,Aadchit,33.3477,35.4183,2
2024-11,Israel,Lebanon,Lebanon,South,Aadloun,33.4061,35.2741,7
2024-11,Israel,Lebanon,Lebanon,Baalbek-Hermel,Aadous,34.0169,36.1543,2
2024-11,Israel,Lebanon,Lebanon,Akkar,Aakkar El Aatiqa,34.517,36.2355,1
2024-11,Israel,Lebanon,Lebanon,South,Aalma Ech Chaab,33.1042,35.1819,15
2024-11,Israel,Lebanon,Lebanon,Al Nabatieh,Aalmane,33.3019,35.4701,3
2024-11,Israel,Lebanon,Lebanon,Mount Lebanon,Aalmat El Chamalieh,34.1097,35.7784,1
2024-11,Israel,Lebanon,Lebanon,Baalbek-Hermel,Aamachki,33.9897,36.1989,1
2024-11,Israel,Lebanon,Lebanon,South,Aanqoun,33.4997,35.4303,10
2024-11,Israel,Lebanon,Lebanon,South,Aaqbiyeh,33.4687,35.3192,1
2024-11,Israel,Lebanon,Lebanon,Al Nabatieh,Aarab Salim,33.4297,35.5158,11
2024-11,Israel,Lebanon,Lebanon,Mount Lebanon,Aaraiya,33.8308,35.5894,1
2024-11,Israel,Lebanon,Lebanon,Mount Lebanon,Aaramoun,34.0197,35.7014,1
2024-11,Israel,Lebanon,Lebanon,Akkar,Aarida,34.6335,35.9778,1
2024-11,Israel,Lebanon,Lebanon,South,Aaychiyeh,33.4089,35.5567,3
2024-11,Israel,Lebanon,Lebanon,Al Nabatieh,Aayta Ej Jabal,33.1748,35.4044,6
2024-11,Israel,Lebanon,Lebanon,South,Aaziyyeh,33.1835,35.2342,2
2024-11,Israel,Lebanon,Lebanon,Al Nabatieh,Aazze,33.4557,35.4312,3
2024-11,Israel,Lebanon,Lebanon,Akkar,Aboudieh Border Crossing,34.6386,36.1194,1
2024-11,Israel,Lebanon,Lebanon,South,Adousieh,33.4728,35.3428,2
2024-11,Israel,Lebanon,Lebanon,South,Ain Aalma,33.1118,35.1659,1
2024-11,Israel,Lebanon,Lebanon,Bekaa,Ain At Tina,33.5018,35.6423,2
2024-11,Israel,Lebanon,Lebanon,South,Ain Baal,33.2331,35.2697,19
2024-11,Israel,Lebanon,Lebanon,Baalbek-Hermel,Ain Bourday,33.9878,36.2043,1
2024-11,Israel,Lebanon,Lebanon,Al Nabatieh,Ain Bousouar,33.474,35.5194,1
2024-11,Israel,Lebanon,Lebanon,Al Nabatieh,Ain Ebel,33.1112,35.4036,4
2024-11,Israel,Lebanon,Lebanon,Baalbek-Hermel,Ain Ej Jaouze,33.8402,36.3161,1
2024-11,Israel,Lebanon,Lebanon,Al Nabatieh,Ain Qana,33.4719,35.5101,12
2024-11,Israel,Lebanon,Lebanon,Akkar,Ain Yaaqoub,34.5222,36.1969,1
2024-11,Israel,Lebanon,Lebanon,South,Ain Zarqa,33.1214,35.2002,2
2024-11,Israel,Lebanon,Lebanon,Mount Lebanon,Ain er Roummane,33.8678,35.5225,1
2024-11,Israel,Lebanon,Lebanon,Al Nabatieh,Ainata,33.1297,35.4409,21
2024-11,Israel,Lebanon,Lebanon,Al Nabatieh,Aita ech Chaab,33.0971,35.3367,15
2024-11,Israel,Lebanon,Lebanon,Al Nabatieh,Aitaroun,33.1153,35.4714,7
2024-11,Israel,Lebanon,Lebanon,Mount Lebanon,Aitat,33.7926,35.5522,1
2024-11,Israel,Lebanon,Lebanon,Akkar,Akroum,34.5436,36.3631,1
2024-11,Israel,Lebanon,Lebanon,Baalbek-Hermel,Al Ain,34.2284,36.3621,4
2024-11,Israel,Lebanon,Lebanon,South,Al Bass,33.2725,35.2125,3
2024-11,Israel,Lebanon,Lebanon,Mount Lebanon,Al Hadath,33.8333,35.5333,8
2024-11,Israel,Lebanon,Lebanon,Baalbek-Hermel,Al Hermel,34.3972,36.3874,9
2024-11,Israel,Lebanon,Lebanon,South,Al Lwaiza,33.4607,35.5368,1
2024-11,Israel,Lebanon,Lebanon,South,Al Masakin,33.2681,35.2136,3
2024-11,Israel,Lebanon,Lebanon,Baalbek-Hermel,Al Nabi Sheet,33.8731,36.1117,10
2024-11,Israel,Lebanon,Lebanon,Al Nabatieh,Al Wazzani,33.2756,35.6228,2
2024-11,Israel,Lebanon,Lebanon,South,Al-Matariyyah,33.3395,35.2797,1
2024-11,Israel,Lebanon,Lebanon,Mount Lebanon,Aley,33.8055,35.6055,1
2024-11,Israel,Lebanon,Lebanon,Bekaa,Ali en Nahri,33.8558,36.0275,4
2024-11,Israel,Lebanon,Lebanon,Al Nabatieh,Ansar,33.3784,35.3537,15
2024-11,Israel,Lebanon,Lebanon,South,Ansariyeh,33.4128,35.2792,15
2024-11,Israel,Lebanon,Lebanon,South,Aramta,33.4618,35.5744,6
2024-11,Israel,Lebanon,Lebanon,South,Arkey,33.4625,35.415,5
2024-11,Israel,Lebanon,Lebanon,Al Nabatieh,Arnoun,33.3317,35.5264,18
2024-11,Israel,Lebanon,Lebanon,South,Arzai,33.3331,35.2986,1
2024-11,Israel,Lebanon,Lebanon,South,Arzoun,33.2828,35.3769,2
2024-11,Israel,Lebanon,Lebanon,Al Nabatieh,As Sultaniyah,33.2055,35.4077,10
2024-11,Israel,Lebanon,Lebanon,Al Nabatieh,At Tiri,33.1403,35.4029,19
2024-11,Israel,Lebanon,Lebanon,South,Aytit,33.2249,35.306,10
2024-11,Israel,Lebanon,Lebanon,Mount Lebanon,Baalachmay,33.8147,35.6466,1
2024-11,Israel,Lebanon,Lebanon,Baalbek-Hermel,Baalbek,34.0058,36.2181,13
2024-11,Israel,Lebanon,Lebanon,South,Baflay,33.2638,35.364,4
2024-11,Israel,Lebanon,Lebanon,South,Baisariyeh,33.4444,35.3116,10
2024-11,Israel,Lebanon,Lebanon,Bekaa,Bakka,33.5924,35.9247,1
2024-11,Israel,Lebanon,Lebanon,Al Nabatieh,Bani Haiyan,33.2431,35.489,3
2024-11,Israel,Lebanon,Lebanon,Al Nabatieh,Baraachit,33.1761,35.4433,17
2024-11,Israel,Lebanon,Lebanon,South,Barish,33.274,35.3506,3
2024-11,Israel,Lebanon,Lebanon,Mount Lebanon,Barja,33.6497,35.4428,1
2024-11,Israel,Lebanon,Lebanon,South,Batouliyeh,33.2254,35.2553,13
2024-11,Israel,Lebanon,Lebanon,South,Bazouriyeh,33.2554,35.2731,27
2024-11,Israel,Lebanon,Lebanon,Al Nabatieh,Beaufort Castle,33.3243,35.5322,3
2024-11,Israel,Lebanon,Lebanon,Baalbek-Hermel,Bednayel,33.9189,36.0053,4
2024-11,Israel,Lebanon,Lebanon,Beirut,Beirut - Bachoura,33.8924,35.5046,1
2024-11,Israel,Lebanon,Lebanon,Beirut,Beirut - Mazraa,33.8783,35.5073,5
2024-11,Israel,Lebanon,Lebanon,Beirut,Beirut - Minet El Hosn,33.8976,35.4914,1
2024-11,Israel,Lebanon,Lebanon,Beirut,Beirut - Mousseitbeh,33.8786,35.4907,2
2024-11,Israel,Lebanon,Lebanon,Beirut,Beirut - Ras Beirut,33.8919,35.4816,1
2024-11,Israel,Lebanon,Lebanon,Beirut,Beirut - Zokak El Blat,33.8934,35.4997,2
2024-11,Israel,Lebanon,Lebanon,Mount Lebanon,Beirut International Airport,33.8209,35.4884,1
2024-11,Israel,Lebanon,Lebanon,Baalbek-Hermel,Beit Chama,33.921,36.0264,1
2024-11,Israel,Lebanon,Lebanon,Al Nabatieh,Beit Lif,33.1328,35.3356,4
2024-11,Israel,Lebanon,Lebanon,Baalbek-Hermel,Beit Mchik,34.0445,36.0305,4
2024-11,Israel,Lebanon,Lebanon,Baalbek-Hermel,Beit Salibi,34.1146,36.0828,1
2024-11,Israel,Lebanon,Lebanon,Al Nabatieh,Beit Yahoun,33.1592,35.4225,12
2024-11,Israel,Lebanon,Lebanon,Bekaa,Bekaa Valley,33.8333,36.0,1
2024-11,Israel,Lebanon,Lebanon,Al Nabatieh,Bent Jbeil,33.1194,35.4333,28
2024-11,Israel,Lebanon,Lebanon,Al Nabatieh,Berghoz,33.4126,35.6244,10
2024-11,Israel,Lebanon,Lebanon,South,Berkat Jabbour,33.4735,35.6073,2
2024-11,Israel,Lebanon,Lebanon,South,Bestiyat,33.289,35.358,1
2024-11,Israel,Lebanon,Lebanon,Mount Lebanon,Bhamdoun,33.8086,35.6597,1
2024-11,Israel,Lebanon,Lebanon,Al Nabatieh,Bir El Sanasel,33.2255,35.4076,1
2024-11,Israel,Lebanon,Lebanon,Al Nabatieh,Blat,33.3863,35.6003,8
2024-11,Israel,Lebanon,Lebanon,Mount Lebanon,Blat,34.1128,35.665,3
2024-11,Israel,Lebanon,Lebanon,Al Nabatieh,Blida,33.14,35.5147,1
2024-11,Israel,Lebanon,Lebanon,South,Bnaafoul,33.4834,35.4212,2
2024-11,Israel,Lebanon,Lebanon,South,Borgholiyeh,33.312,35.2406,6
2024-11,Israel,Lebanon,Lebanon,Al Nabatieh,Borj Qalaouiye,33.2592,35.4227,11
2024-11,Israel,Lebanon,Lebanon,Al Nabatieh,Borj el Mlouk,33.3215,35.5632,12
2024-11,Israel,Lebanon,Lebanon,Baalbek-Hermel,Bouaidah,34.4358,36.4144,1
2024-11,Israel,Lebanon,Lebanon,Baalbek-Hermel,Boudai,34.0611,36.0611,10
2024-11,Israel,Lebanon,Lebanon,South,Boustane,33.1045,35.2573,1
2024-11,Israel,Lebanon,Lebanon,Al Nabatieh,Braiqaa,33.3411,35.3828,3
2024-11,Israel,Lebanon,Lebanon,Baalbek-Hermel,Braytal,33.9342,36.1494,4
2024-11,Israel,Lebanon,Lebanon,Baalbek-Hermel,Btedaai,34.1026,36.1289,1
2024-11,Israel,Lebanon,Lebanon,South,Burj Rahhal,33.3109,35.2798,6
2024-11,Israel,Lebanon,Lebanon,South,Burj Shemali,33.2626,35.2388,14
2024-11,Israel,Lebanon,Lebanon,Mount Lebanon,Burj el Barajneh,33.8475,35.5033,11
2024-11,Israel,Lebanon,Lebanon,Baalbek-Hermel,Chaat,34.1422,36.2311,4
2024-11,Israel,Lebanon,Lebanon,South,Chaaytiye,33.1966,35.2654,10
2024-11,Israel,Lebanon,Lebanon,South,Chabriha,33.2926,35.2186,7
2024-11,Israel,Lebanon,Lebanon,South,Chamaa,33.1511,35.1995,10
2024-11,Israel,Lebanon,Lebanon,Al Nabatieh,Chaqra,33.1933,35.4678,27
2024-11,Israel,Lebanon,Lebanon,Al Nabatieh,Charqiyeh,33.3997,35.4181,1
2024-11,Israel,Lebanon,Lebanon,Al Nabatieh,Chebaa,33.3475,35.7492,21
2024-11,Israel,Lebanon,Lebanon,South,Chehour,33.2988,35.37,3
2024-11,Israel,Lebanon,Lebanon,South,Chihhine,33.1265,35.256,7
2024-11,Israel,Lebanon,Lebanon,Mount Lebanon,Chiyah,33.8644,35.5186,12
2024-11,Israel,Lebanon,Lebanon,Baalbek-Hermel,Chmistar,33.9647,36.0175,4
2024-11,Israel,Lebanon,Lebanon,Mount Lebanon,Chouaifat,33.8086,35.5178,5
2024-11,Israel,Lebanon,Lebanon,Al Nabatieh,Choukine,33.3558,35.4619,8
2024-11,Israel,Lebanon,Lebanon,Bekaa,Chtaura,33.8167,35.8514,1
2024-11,Israel,Lebanon,Lebanon,South,Coast of Ras al Naqoura,33.127,35.1293,1
2024-11,Israel,Lebanon,Lebanon,South,Dayr Qanun An Nahr,33.2992,35.3112,12
2024-11,Israel,Lebanon,Lebanon,North,Debaal,34.434,36.0816,1
2024-11,Israel,Lebanon,Lebanon,South,Debaal,33.2494,35.3493,3
2024-11,Israel,Lebanon,Lebanon,Al Nabatieh,Debl,33.12,35.367,1
2024-11,Israel,Lebanon,Lebanon,Al Nabatieh,Deir Aames,33.1957,35.3674,6
2024-11,Israel,Lebanon,Lebanon,Al Nabatieh,Deir Ez Zahrani,33.4333,35.4617,14
2024-11,Israel,Lebanon,Lebanon,South,Deir Kifa,33.2572,35.3986,6
2024-11,Israel,Lebanon,Lebanon,Al Nabatieh,Deir Mimas,33.3025,35.5458,6
2024-11,Israel,Lebanon,Lebanon,South,Deir Qanoun El Ain,33.2222,35.2434,15
2024-11,Israel,Lebanon,Lebanon,Al Nabatieh,Deir Siriane,33.292,35.5002,8
2024-11,Israel,Lebanon,Lebanon,Al Nabatieh,Deyr Ntar,33.2178,35.3785,7
2024-11,Israel,Lebanon,Lebanon,Mount Lebanon,Dhour el Abadiye,33.8139,35.6206,1
2024-11,Israel,Lebanon,Lebanon,Al Nabatieh,Dibbine,33.3703,35.5953,12
2024-11,Israel,Lebanon,Lebanon,Al Nabatieh,Douair,33.3903,35.4177,10
2024-11,Israel,Lebanon,Lebanon,Baalbek-Hermel,Douris,33.9878,36.1792,7
2024-11,Israel,Lebanon,Lebanon,South,Ech Chehabiye,33.2431,35.3819,14
2024-11,Israel,Lebanon,Lebanon,South,Ed Dhayra,33.1053,35.2248,9
2024-11,Israel,Lebanon,Lebanon,North,Ehden,34.2911,35.965,1
2024-11,Israel,Lebanon,Lebanon,Akkar,El Aabboudiye,34.6328,36.1172,1
2024-11,Israel,Lebanon,Lebanon,Baalbek-Hermel,El Ain,34.2258,36.378,1
2024-11,Israel,Lebanon,Lebanon,South,El Babliye,33.4211,35.3428,5
2024-11,Israel,Lebanon,Lebanon,South,El Bayada,33.1624,35.1798,12
2024-11,Israel,Lebanon,Lebanon,Bekaa,El Fikani,33.8478,36.0297,2
2024-11,Israel,Lebanon,Lebanon,Al Nabatieh,El Ghandouriyeh,33.2723,35.431,9
2024-11,Israel,Lebanon,Lebanon,Al Nabatieh,El Habbariye,33.3675,35.6975,1
2024-11,Israel,Lebanon,Lebanon,Al Nabatieh,El Hamames,33.2924,35.59,1
2024-11,Israel,Lebanon,Lebanon,South,El Mansouri,33.1786,35.2061,18
2024-11,Israel,Lebanon,Lebanon,Al Nabatieh,El Meri,33.3204,35.6423,6
2024-11,Israel,Lebanon,Lebanon,Mount Lebanon,El Mrayje,33.828,35.5195,5
2024-11,Israel,Lebanon,Lebanon,Mount Lebanon,El Ouzaai,33.8515,35.486,1
2024-11,Israel,Lebanon,Lebanon,Baalbek-Hermel,El Qaa,34.3442,36.4744,2
2024-11,Israel,Lebanon,Lebanon,Baalbek-Hermel,El Qasr,34.4805,36.4402,2
2024-11,Israel,Lebanon,Lebanon,Baalbek-Hermel,El Qeddam,34.1828,36.1961,1
2024-11,Israel,Lebanon,Lebanon,Al Nabatieh,El Qoussair,33.2929,35.4566,3
2024-11,Israel,Lebanon,Lebanon,Bekaa,En Nasriyah,33.8631,36.0611,1
2024-11,Israel,Lebanon,Lebanon,South,Er Rachidiye,33.2369,35.2173,4
2024-11,Israel,Lebanon,Lebanon,Mount Lebanon,Er Rouais,33.8503,35.5175,3
2024-11,Israel,Lebanon,Lebanon,Mount Lebanon,Et Tahouita,33.87,35.5272,2
2024-11,Israel,Lebanon,Lebanon,Baalbek-Hermel,Flawiye,34.0473,36.0917,4
2024-11,Israel,Lebanon,Lebanon,Al Nabatieh,Froun,33.2947,35.4278,7
2024-11,Israel,Lebanon,Lebanon,South,Ghassaniyeh,33.4197,35.3594,2
2024-11,Israel,Lebanon,Lebanon,South,Ghaziyeh,33.5187,35.3663,11
2024-11,Israel,Lebanon,Lebanon,Mount Lebanon,Ghobeiry,33.8593,35.5041,11
2024-11,Israel,Lebanon,Lebanon,Al Nabatieh,Habbouch,33.4073,35.4817,12
2024-11,Israel,Lebanon,Lebanon,Baalbek-Hermel,Hadath,34.0013,36.0283,10
2024-11,Israel,Lebanon,Lebanon,Al Nabatieh,Haddatha,33.1651,35.3912,10
2024-11,Israel,Lebanon,Lebanon,Akkar,Halba,34.5428,36.0797,2
2024-11,Israel,Lebanon,Lebanon,South,Halloussiyeh,33.3057,35.3278,4
2024-11,Israel,Lebanon,Lebanon,South,Hamoul,33.1232,35.1657,4
2024-11,Israel,Lebanon,Lebanon,Al Nabatieh,Hanine,33.1085,35.3796,22
2024-11,Israel,Lebanon,Lebanon,South,Hannaouiye,33.2183,35.2776,6
2024-11,Israel,Lebanon,Lebanon,South,Hanniyeh,33.1902,35.2236,11
2024-11,Israel,Lebanon,Lebanon,Baalbek-Hermel,Haouch en Nebi,33.93,36.0678,1
2024-11,Israel,Lebanon,Lebanon,Baalbek-Hermel,Haouch er Rafqa,33.9186,36.0419,3
2024-11,Israel,Lebanon,Lebanon,Baalbek-Hermel,Harabta,34.2081,36.2663,3
2024-11,Israel,Lebanon,Lebanon,Mount Lebanon,Haret Hreik,33.8537,35.5155,20
2024-11,Israel,Lebanon,Lebanon,South,Haret Saida,33.5576,35.3849,2
2024-11,Israel,Lebanon,Lebanon,Baalbek-Hermel,Harfouch,34.1996,36.2444,1
2024-11,Israel,Lebanon,Lebanon,Al Nabatieh,Haris,33.1803,35.377,12
2024-11,Israel,Lebanon,Lebanon,Al Nabatieh,Harouf,33.3747,35.4419,14
2024-11,Israel,Lebanon,Lebanon,Al Nabatieh,Hasbaya,33.3978,35.685,1
2024-11,Israel,Lebanon,Lebanon,Bekaa,Hazerta,33.8806,35.8665,1
2024-11,Israel,Lebanon,Lebanon,Baalbek-Hermel,Hellaniya,33.8875,36.0396,1
2024-11,Israel,Lebanon,Lebanon,Baalbek-Hermel,Hfayer,34.0778,36.0715,2
2024-11,Israel,Lebanon,Lebanon,Al Nabatieh,Hilta,33.3088,35.6667,3
2024-11,Israel,Lebanon,Lebanon,Baalbek-Hermel,Hortaala,33.9181,36.1414,3
2024-11,Israel,Lebanon,Lebanon,South,Hosh,33.2434,35.2384,20
2024-11,Israel,Lebanon,Lebanon,Baalbek-Hermel,Hosh Bint Ismail,34.4551,36.484,1
2024-11,Israel,Lebanon,Lebanon,Bekaa,Houch El Ghanam,33.8738,36.0273,1
2024-11,Israel,Lebanon,Lebanon,Al Nabatieh,Houla,33.2092,35.515,1
2024-11,Israel,Lebanon,Lebanon,Al Nabatieh,Houmine el Faouqa,33.4413,35.4977,3
2024-11,Israel,Lebanon,Lebanon,Al Nabatieh,Houmine et Tahta,33.477,35.4341,7
2024-11,Israel,Lebanon,Lebanon,South,Humairi,33.2957,35.3521,2
2024-11,Israel,Lebanon,Lebanon,Baalbek-Hermel,Iaat,34.0369,36.1714,2
2024-11,Israel,Lebanon,Lebanon,Al Nabatieh,Ibl el Saqi,33.3567,35.6264,6
2024-11,Israel,Lebanon,Lebanon,South,Jannata,33.2892,35.3189,2
2024-11,Israel,Lebanon,Lebanon,South,Jarmaq,33.3856,35.5347,5
2024-11,Israel,Lebanon,Lebanon,Al Nabatieh,Jbaa,33.4869,35.5188,7
2024-11,Israel,Lebanon,Lebanon,South,Jbal el Botm,33.1739,35.2931,10
2024-11,Israel,Lebanon,Lebanon,South,Jebbayn,33.1235,35.2358,10
2024-11,Israel,Lebanon,Lebanon,Baalbek-Hermel,Jenta,33.8575,36.1075,3
2024-11,Israel,Lebanon,Lebanon,South,Jezzine,33.5417,35.5844,1
2024-11,Israel,Lebanon,Lebanon,Al Nabatieh,Jibchit,33.3642,35.4322,13
2024-11,Israel,Lebanon,Lebanon,Mount Lebanon,Jiyeh,33.6701,35.4253,1
2024-11,Israel,Lebanon,Lebanon,Al Nabatieh,Jmaijmeh,33.2079,35.4391,15
2024-11,Israel,Lebanon,Lebanon,Mount Lebanon,Jnah,33.8667,35.4833,1
2024-11,Israel,Lebanon,Lebanon,South,Jouaiya,33.2378,35.3373,13
2024-11,Israel,Lebanon,Lebanon,Mount Lebanon,Joun,33.5814,35.4611,1
2024-11,Israel,Lebanon,Lebanon,Mount Lebanon,Jounieh,33.9808,35.6178,1
2024-11,Israel,Lebanon,Lebanon,Al Nabatieh,Kafra,33.1685,35.3412,17
2024-11,Israel,Lebanon,Lebanon,South,Kaouthariyet el Saiyad,33.415,35.3843,6
2024-11,Israel,Lebanon,Lebanon,South,Kfar Beit,33.4969,35.4627,1
2024-11,Israel,Lebanon,Lebanon,Al Nabatieh,Kfar Chouba,33.3278,35.6925,14
2024-11,Israel,Lebanon,Lebanon,Al Nabatieh,Kfar Dajjal,33.3445,35.4369,4
2024-11,Israel,Lebanon,Lebanon,Baalbek-Hermel,Kfar Dan,34.0127,36.037,3
2024-11,Israel,Lebanon,Lebanon,Al Nabatieh,Kfar Dounin,33.2393,35.3927,8
2024-11,Israel,Lebanon,Lebanon,Al Nabatieh,Kfar Fila,33.4818,35.4983,2
2024-11,Israel,Lebanon,Lebanon,Al Nabatieh,Kfar Hamam,33.3439,35.6789,4
2024-11,Israel,Lebanon,Lebanon,South,Kfar Hatta,33.5041,35.4517,3
2024-11,Israel,Lebanon,Lebanon,South,Kfar Houneh,33.4932,35.5902,2
2024-11,Israel,Lebanon,Lebanon,Al Nabatieh,Kfar Jaouz,33.3972,35.4739,6
2024-11,Israel,Lebanon,Lebanon,Al Nabatieh,Kfar Kila,33.2772,35.5517,5
2024-11,Israel,Lebanon,Lebanon,Akkar,Kfar Melki,34.5531,36.0194,1
2024-11,Israel,Lebanon,Lebanon,Al Nabatieh,Kfar Roummane,33.3894,35.5017,18
2024-11,Israel,Lebanon,Lebanon,Al Nabatieh,Kfar Sir,33.3264,35.4004,10
2024-11,Israel,Lebanon,Lebanon,Al Nabatieh,Kfar Tebnit,33.3533,35.5128,16
2024-11,Israel,Lebanon,Lebanon,South,Kfarmelki,33.5024,35.4778,4
2024-11,Israel,Lebanon,Lebanon,Al Nabatieh,Kfour,33.4007,35.4518,3
2024-11,Israel,Lebanon,Lebanon,Mount Lebanon,Kfour,34.0318,35.6947,1
2024-11,Israel,Lebanon,Lebanon,South,Kharayeb,33.3434,35.2992,8
2024-11,Israel,Lebanon,Lebanon,Al Nabatieh,Kherbet Selm,33.2302,35.4218,15
2024-11,Israel,Lebanon,Lebanon,Al Nabatieh,Khiyam,33.3278,35.6128,27
2024-11,Israel,Lebanon,Lebanon,Baalbek-Hermel,Khodor,33.9034,36.1176,4
2024-11,Israel,Lebanon,Lebanon,Baalbek-Hermel,Khraibeh,33.8723,36.1632,1
2024-11,Israel,Lebanon,Lebanon,Baalbek-Hermel,Knaiseh,34.116,36.1663,1
2024-11,Israel,Lebanon,Lebanon,South,Kniseh,33.2056,35.2632,1
2024-11,Israel,Lebanon,Lebanon,Al Nabatieh,Kounine,33.1487,35.433,23
2024-11,Israel,Lebanon,Lebanon,South,Labbouneh,33.0977,35.1498,8
2024-11,Israel,Lebanon,Lebanon,Baalbek-Hermel,Laboue,34.1953,36.3561,2
2024-11,Israel,Lebanon,Lebanon,Mount Lebanon,Laylaki,33.8342,35.5142,5
2024-11,Israel,Lebanon,Lebanon,Bekaa,Libbaya,33.4837,35.7265,10
2024-11,Israel,Lebanon,Lebanon,Bekaa,Loussia,33.4408,35.6451,1
2024-11,Israel,Lebanon,Lebanon,South,Maachouq,33.267,35.2242,4
2024-11,Israel,Lebanon,Lebanon,South,Maaliyeh,33.2037,35.2416,4
2024-11,Israel,Lebanon,Lebanon,South,Maarakeh,33.2727,35.3002,9
2024-11,Israel,Lebanon,Lebanon,South,Maaroub,33.2856,35.3478,10
2024-11,Israel,Lebanon,Lebanon,Bekaa,Machgara,33.5306,35.6536,12
2024-11,Israel,Lebanon,Lebanon,South,Mahmoudiya,33.3868,35.5523,8
2024-11,Israel,Lebanon,Lebanon,South,Mahrouna,33.2187,35.3427,7
2024-11,Israel,Lebanon,Lebanon,Akkar,Majdal,34.5708,36.2164,1
2024-11,Israel,Lebanon,Lebanon,Baalbek-Hermel,Majdaloun,33.9903,36.1336,2
2024-11,Israel,Lebanon,Lebanon,Mount Lebanon,Majdel,34.1108,35.8988,2
2024-11,Israel,Lebanon,Lebanon,Bekaa,Majdel Balhis,33.5382,35.7455,3
2024-11,Israel,Lebanon,Lebanon,Al Nabatieh,Majdel Selm,33.2222,35.4647,18
2024-11,Israel,Lebanon,Lebanon,South,Majdel Zoun,33.1514,35.2261,18
2024-11,Israel,Lebanon,Lebanon,Baalbek-Hermel,Makneh,34.0797,36.2067,4
2024-11,Israel,Lebanon,Lebanon,Al Nabatieh,Marjayoun,33.3603,35.5911,12
2024-11,Israel,Lebanon,Lebanon,Al Nabatieh,Markaba,33.2333,35.513,5
2024-11,Israel,Lebanon,Lebanon,Al Nabatieh,Maroun er Ras,33.1038,35.4444,7
2024-11,Israel,Lebanon,Lebanon,South,Marwahin,33.1086,35.2754,2
2024-11,Israel,Lebanon,Lebanon,South,Marwanieh,33.4486,35.3846,4
2024-11,Israel,Lebanon,Lebanon,Bekaa,Masnaa Border Crossing,33.6743,35.965,2
2024-11,Israel,Lebanon,Lebanon,Baalbek-Hermel,Masnaa el Dahr,34.0093,36.0037,1
2024-11,Israel,Lebanon,Lebanon,Bekaa,Massa,33.8515,36.0679,1
2024-11,Israel,Lebanon,Lebanon,Al Nabatieh,Mayfadoun,33.3472,35.4764,12
2024-11,Israel,Lebanon,Lebanon,Al Nabatieh,Mays el Jabal,33.1691,35.5234,4
2024-11,Israel,Lebanon,Lebanon,Al Nabatieh,Mazraat Aazzeh,33.2877,35.4339,1
2024-11,Israel,Lebanon,Lebanon,South,Mazraat Buyut as Sayad,33.1676,35.194,10
2024-11,Israel,Lebanon,Lebanon,South,Mazraat El Mechref,33.2092,35.336,6
2024-11,Israel,Lebanon,Lebanon,South,Mazraat Kaoutariyet Er Riz,33.3712,35.3,1
2024-11,Israel,Lebanon,Lebanon,Bekaa,Meidoun,33.4694,35.6408,1
2024-11,Israel,Lebanon,Lebanon,South,Mjadel,33.2286,35.3589,9
2024-11,Israel,Lebanon,Lebanon,Baalbek-Hermel,Mshayerfeh,34.1437,36.1394,1
2024-11,Israel,Lebanon,Lebanon,Al Nabatieh,Nabatiye,33.3789,35.4839,20
2024-11,Israel,Lebanon,Lebanon,Al Nabatieh,Nabatiyeh El Faouqa,33.3618,35.4987,13
2024-11,Israel,Lebanon,Lebanon,Baalbek-Hermel,Nabha,34.1842,36.2258,1
2024-11,Israel,Lebanon,Lebanon,Bekaa,Nabi Safa,33.4958,35.7466,1
2024-11,Israel,Lebanon,Lebanon,Baalbek-Hermel,Nahleh,34.0477,36.2555,2
2024-11,Israel,Lebanon,Lebanon,Al Nabatieh,Nmairiyeh,33.425,35.4016,3
2024-11,Israel,Lebanon,Lebanon,Al Nabatieh,Qaaqaaiyet el Jisr,33.3259,35.4234,5
2024-11,Israel,Lebanon,Lebanon,Al Nabatieh,Qabrikha,33.2489,35.4623,18
2024-11,Israel,Lebanon,Lebanon,Al Nabatieh,Qalaouiye,33.2473,35.4183,5
2024-11,Israel,Lebanon,Lebanon,South,Qana,33.2088,35.2994,16
2024-11,Israel,Lebanon,Lebanon,Al Nabatieh,Qantara,33.2716,35.4649,2
2024-11,Israel,Lebanon,Lebanon,South,Qaqaaiyet El Snoubar,33.4308,35.3444,1
2024-11,Israel,Lebanon,Lebanon,Bekaa,Qaraaoun,33.5628,35.7219,3
2024-11,Israel,Lebanon,Lebanon,Baalbek-Hermel,Qarha,34.167,36.2093,2
2024-11,Israel,Lebanon,Lebanon,South,Qasmiyeh,33.3263,35.248,4
2024-11,Israel,Lebanon,Lebanon,South,Qatrani,33.4402,35.6036,4
2024-11,Israel,Lebanon,Lebanon,South,Qennarit,33.5117,35.3649,2
2024-11,Israel,Lebanon,Lebanon,Bekaa,Qillaya,33.4343,35.6571,1
2024-11,Israel,Lebanon,Lebanon,South,Qlaileh,33.1984,35.2291,20
2024-11,Israel,Lebanon,Lebanon,Al Nabatieh,Qlayaa,33.3347,35.5709,9
2024-11,Israel,Lebanon,Lebanon,Mount Lebanon,Qmatiyeh,33.8019,35.5795,1
2024-11,Israel,Lebanon,Lebanon,Akkar,Qoubaiyat,34.5667,36.2833,1
2024-11,Israel,Lebanon,Lebanon,Al Nabatieh,Qouzah,33.1203,35.3382,4
2024-11,Israel,Lebanon,Lebanon,Al Nabatieh,Qsaibeh,33.3323,35.3957,2
2024-11,Israel,Lebanon,Lebanon,Baalbek-Hermel,Qsarnaba,33.9045,36.0018,3
2024-11,Israel,Lebanon,Lebanon,Bekaa,Qusaya,33.8122,36.025,1
2024-11,Israel,Lebanon,Lebanon,Al Nabatieh,Rab el Thalathine,33.2482,35.5194,1
2024-11,Israel,Lebanon,Lebanon,Al Nabatieh,Rachaya al Foukhar,33.3541,35.6675,8
2024-11,Israel,Lebanon,Lebanon,Baalbek-Hermel,Ram,34.1709,36.1783,1
2024-11,Israel,Lebanon,Lebanon,Al Nabatieh,Ramieh,33.1108,35.3103,7
2024-11,Israel,Lebanon,Lebanon,Baalbek-Hermel,Ras Baalbek,34.2589,36.4192,1
2024-11,Israel,Lebanon,Lebanon,South,Ras al Ain,33.2279,35.2185,9
2024-11,Israel,Lebanon,Lebanon,South,Ras al Naqoura,33.1181,35.1397,23
2024-11,Israel,Lebanon,Lebanon,Baalbek-Hermel,Rasm el Hadeth,34.1414,36.2756,4
2024-11,Israel,Lebanon,Lebanon,Bekaa,Rayak,33.8508,36.0116,2
2024-11,Israel,Lebanon,Lebanon,Al Nabatieh,Rbaa et Teben,33.3121,35.6873,1
2024-11,Israel,Lebanon,Lebanon,Al Nabatieh,Rchaf,33.1436,35.3632,6
2024-11,Israel,Lebanon,Lebanon,South,Rechknanay,33.1892,35.3223,4
2024-11,Israel,Lebanon,Lebanon,South,Rihan,33.4445,35.567,9
2024-11,Israel,Lebanon,Lebanon,South,Rmadiyeh,33.2005,35.2702,9
2024-11,Israel,Lebanon,Lebanon,Al Nabatieh,Rmaysh,33.0783,35.3661,4
2024-11,Israel,Lebanon,Lebanon,Al Nabatieh,Roumine,33.4639,35.4418,13
2024-11,Israel,Lebanon,Lebanon,Bekaa,Saadnayel,33.8203,35.8808,2
2024-11,Israel,Lebanon,Lebanon,Baalbek-Hermel,Saaide,34.0271,36.0821,3
2024-11,Israel,Lebanon,Lebanon,South,Saddiqine,33.1906,35.3106,10
2024-11,Israel,Lebanon,Lebanon,Al Nabatieh,Safad el Battikh,33.2003,35.4327,9
2024-11,Israel,Lebanon,Lebanon,South,Saksakiyah,33.4344,35.2835,4
2024-11,Israel,Lebanon,Lebanon,South,Sammaiyyeh,33.2218,35.2258,14
2024-11,Israel,Lebanon,Lebanon,Baalbek-Hermel,Saraain,33.8856,36.0722,3
2024-11,Israel,Lebanon,Lebanon,Baalbek-Hermel,Saraain El Faouqa,33.8786,36.0929,1
2024-11,Israel,Lebanon,Lebanon,South,Sarafand,33.4495,35.2995,5
2024-11,Israel,Lebanon,Lebanon,South,Sejoud,33.4335,35.5338,3
2024-11,Israel,Lebanon,Lebanon,South,Selaa,33.2538,35.3833,1
2024-11,Israel,Lebanon,Lebanon,South,Shbeil,33.4256,35.6005,4
2024-11,Israel,Lebanon,Lebanon,South,Sidon,33.5599,35.3756,2
2024-11,Israel,Lebanon,Lebanon,Baalbek-Hermel,Sifri,33.9207,36.0842,2
2024-11,Israel,Lebanon,Lebanon,South,Sinai,33.3821,35.3675,1
2024-11,Israel,Lebanon,Lebanon,Al Nabatieh,Sir el Gharbiye,33.3204,35.3632,6
2024-11,Israel,Lebanon,Lebanon,Bekaa,Sohmor,33.5116,35.6848,18
2024-11,Israel,Lebanon,Lebanon,Al Nabatieh,Souaneh,33.2335,35.4379,10
2024-11,Israel,Lebanon,Lebanon,Al Nabatieh,Srebbine,33.1542,35.3586,4
2024-11,Israel,Lebanon,Lebanon,South,Srifa,33.2817,35.3971,9
2024-11,Israel,Lebanon,Lebanon,South,Sriri,33.4339,35.6253,5
2024-11,Israel,Lebanon,Lebanon,Bekaa,Taalabaya,33.8136,35.8644,1
2024-11,Israel,Lebanon,Lebanon,Al Nabatieh,Tallit el Azziye,33.293,35.5419,1
2024-11,Israel,Lebanon,Lebanon,Al Nabatieh,Talouseh,33.2324,35.4851,2
2024-11,Israel,Lebanon,Lebanon,Baalbek-Hermel,Talya,33.9348,36.0983,2
2024-11,Israel,Lebanon,Lebanon,Baalbek-Hermel,Tamnine El Faouqa,33.9046,35.979,2
2024-11,Israel,Lebanon,Lebanon,Baalbek-Hermel,Taraiyya,33.9871,36.0089,7
2024-11,Israel,Lebanon,Lebanon,Al Nabatieh,Taybeh,33.2755,35.5179,7
2024-11,Israel,Lebanon,Lebanon,Baalbek-Hermel,Taybeh,33.9583,36.1661,1
2024-11,Israel,Lebanon,Lebanon,South,Tayr Debba,33.2757,35.2784,7
2024-11,Israel,Lebanon,Lebanon,South,Tayr Falsay,33.3088,35.3486,2
2024-11,Israel,Lebanon,Lebanon,South,Tayr Harfa,33.1285,35.2192,18
2024-11,Israel,Lebanon,Lebanon,South,Tebna,33.4376,35.3407,4
2024-11,Israel,Lebanon,Lebanon,Al Nabatieh,Tebnine,33.194,35.4097,16
2024-11,Israel,Lebanon,Lebanon,South,Teffahta,33.4381,35.3711,7
2024-11,Israel,Lebanon,Lebanon,Baalbek-Hermel,Tell el Abiad,34.0389,36.2094,1
2024-11,Israel,Lebanon,Lebanon,Baalbek-Hermel,Temnine et Tehta,33.8861,35.9944,2
2024-11,Israel,Lebanon,Lebanon,Baalbek-Hermel,Toufiqiye,34.1723,36.3104,6
2024-11,Israel,Lebanon,Lebanon,Al Nabatieh,Toul,33.3851,35.4458,6
2024-11,Israel,Lebanon,Lebanon,Al Nabatieh,Touline,33.2477,35.4482,5
2024-11,Israel,Lebanon,Lebanon,South,Toura,33.2931,35.2984,8
2024-11,Israel,Lebanon,Lebanon,South,Tyr,33.2733,35.1939,23
2024-11,Israel,Lebanon,Lebanon,South,Wadi Jilo,33.2436,35.3044,6
2024-11,Israel,Lebanon,Lebanon,Akkar,Wadi Khaled,34.6194,36.3736,1
2024-11,Israel,Lebanon,Lebanon,Al Nabatieh,Wadi Khansa,33.2987,35.6568,1
2024-11,Israel,Lebanon,Lebanon,Al Nabatieh,Wadi Saluki,33.2154,35.4873,3
2024-11,Israel,Lebanon,Lebanon,Baalbek-Hermel,Yammoune,34.1293,36.0282,1
2024-11,Israel,Lebanon,Lebanon,Mount Lebanon,Yanouh,34.1005,35.884,6
2024-11,Israel,Lebanon,Lebanon,South,Yarine,33.1064,35.2324,3
2024-11,Israel,Lebanon,Lebanon,Al Nabatieh,Yaroun,33.0803,35.4225,7
2024-11,Israel,Lebanon,Lebanon,Al Nabatieh,Yater,33.1541,35.3302,17
2024-11,Israel,Lebanon,Lebanon,Al Nabatieh,Yohmor,33.3114,35.5163,27
2024-11,Israel,Lebanon,Lebanon,Baalbek-Hermel,Younine,34.0791,36.2747,5
2024-11,Israel,Lebanon,Lebanon,Baalbek-Hermel,Zabboud,34.2414,36.319,1
2024-11,Israel,Lebanon,Lebanon,Al Nabatieh,Zaoutar ech Charqiye,33.3197,35.4725,17
2024-11,Israel,Lebanon,Lebanon,Al Nabatieh,Zawtar el Gharbiye,33.3227,35.4615,10
2024-11,Israel,Lebanon,Lebanon,Al Nabatieh,Zebdine,33.3765,35.462,10
2024-11,Israel,Lebanon,Lebanon,South,Zebqine,33.1656,35.2669,18
2024-11,Israel,Lebanon,Lebanon,Al Nabatieh,Zefta,33.4463,35.3944,10
2024-11,Israel,Lebanon,Lebanon,South,Zeita,33.5047,35.3928,3
2024-11,Israel,Lebanon,Lebanon,South,Zhalta,33.5108,35.549,1
2024-11,Israel,Lebanon,Lebanon,Baalbek-Hermel,Zighrine Et Tahta,34.4263,36.3611,1
2024-11,Israel,Lebanon,Lebanon,Bekaa,Zillaya,33.4587,35.6707,5
2024-11,Israel,Lebanon,Lebanon,South,Zrariyeh,33.3438,35.3346,8
2024-11,Israel,Syria-other,Syria,Homs,Akkum,34.5179,36.3678,1
2024-11,Israel,Syria-other,Syria,Homs,Al Aminiyah,34.734,36.8205,1
2024-11,Israel,Syria-other,Syria,Homs,Al Dab'a,34.5505,36.6133,1
2024-11,Israel,Syria-other,Syria,Homs,Al Na'im,34.5921,36.4807,1
2024-11,Israel,Syria-other,Syria,Homs,Al Qusayr,34.5078,36.5803,7
2024-11,Israel,Syria-other,Syria,Aleppo,Al Safira Military Base and Defence Factories,36.0538,37.3379,1
2024-11,Israel,Syria-other,Syria,Homs,Al-Hoz,34.5744,36.5212,2
2024-11,Israel,Syria-other,Syria,Homs,Arjoun,34.5572,36.5367,1
2024-11,Israel,Syria-other,Syria,Rural Damascus,Damascus - International Airport,33.417,36.509,1
2024-11,Israel,Syria-other,Syria,Damascus,Damascus - Kafr Sousah,33.4899,36.2682,1
2024-11,Israel,Syria-other,Syria,Damascus,Damascus - Mazzeh,33.4999,36.2476,2
2024-11,Israel,Syria-other,Syria,Homs,Hosh Murshed Sam'aan,34.4746,36.5466,1
2024-11,Israel,Syria-other,Syria,Homs,Hosh al Sayed Ali,34.4604,36.4965,3
2024-11,Israel,Syria-other,Syria,Homs,Jarmash,34.5249,36.4028,3
2024-11,Israel,Syria-other,Syria,Rural Damascus,Jdidet Yabus,33.652,35.9799,1
2024-11,Israel,Syria-other,Syria,Homs,Jisr Al-Daf,34.4843,36.5493,1
2024-11,Israel,Syria-other,Syria,Homs,Jobaniyeh - Ram Tut,34.6236,36.4683,3
2024-11,Israel,Syria-other,Syria,Homs,Joussieh Border Crossing,34.4251,36.5458,1
2024-11,Israel,Syria-other,Syria,Homs,Jusiya Al Ammar,34.4252,36.555,4
2024-11,Israel,Syria-other,Syria,Homs,Kherbet Tin Noor,34.7015,36.558,1
2024-11,Israel,Syria-other,Syria,Homs,Maabar Al Dabusiyeh,34.641,36.1183,1
2024-11,Israel,Syria-other,Syria,As Sweida,Majdal,32.7962,36.5041,1
2024-11,Israel,Syria-other,Syria,Homs,Matraba,34.4817,36.4906,1
2024-11,Israel,Syria-other,Syria,Rural Damascus,Najhah Military Housings,33.4104,36.3565,1
2024-11,Israel,Syria-other,Syria,Rural Damascus,Qodsayya,33.5498,36.2169,1
2024-11,Israel,Syria-other,Syria,Homs,Rabla,34.4518,36.5584,1
2024-11,Israel,Syria-other,Syria,Idleb,Saraqab,35.8611,36.8061,1
2024-11,Israel,Syria-other,Syria,Rural Damascus,Sarghaya,33.8111,36.157,1
2024-11,Israel,Syria-other,Syria,Rural Damascus,Sayyeda Zeinab,33.4466,36.3406,3
2024-11,Israel,Syria-other,Syria,Homs,Shamsin,34.5404,36.7414,1
2024-11,Israel,Syria-other,Syria,Homs,Shinshar,34.6043,36.7214,1
2024-11,Israel,Syria-other,Syria,Homs,Tadmor,34.5656,38.2877,1
2024-11,Israel,Syria-other,Syria,As Sweida,Tall Masih,32.8046,36.6641,1
2024-12,Hezbollah,Quneitra/Golan,Syria,Quneitra,Gladiola Outpost,33.3182,35.7122,1
2024-12,Israel,Lebanon,Lebanon,South,Aalma Ech Chaab,33.1042,35.1819,2
2024-12,Israel,Lebanon,Lebanon,Bekaa,Ain Arab,33.5769,35.8743,1
2024-12,Israel,Lebanon,Lebanon,Al Nabatieh,Ainata,33.1297,35.4409,3
2024-12,Israel,Lebanon,Lebanon,Al Nabatieh,Aita ech Chaab,33.0971,35.3367,4
2024-12,Israel,Lebanon,Lebanon,Al Nabatieh,Aitaroun,33.1153,35.4714,5
2024-12,Israel,Lebanon,Lebanon,Baalbek-Hermel,Al Hermel,34.3972,36.3874,1
2024-12,Israel,Lebanon,Lebanon,South,Al Lwaiza,33.4607,35.5368,1
2024-12,Israel,Lebanon,Lebanon,Al Nabatieh,Arnoun,33.3317,35.5264,3
2024-12,Israel,Lebanon,Lebanon,South,Baisariyeh,33.4444,35.3116,1
2024-12,Israel,Lebanon,Lebanon,Al Nabatieh,Bani Haiyan,33.2431,35.489,3
2024-12,Israel,Lebanon,Lebanon,Al Nabatieh,Beit Lif,33.1328,35.3356,4
2024-12,Israel,Lebanon,Lebanon,Al Nabatieh,Bent Jbeil,33.1194,35.4333,13
2024-12,Israel,Lebanon,Lebanon,Al Nabatieh,Berghoz,33.4126,35.6244,1
2024-12,Israel,Lebanon,Lebanon,Al Nabatieh,Blida,33.14,35.5147,1
2024-12,Israel,Lebanon,Lebanon,South,Bouslaiaya,33.5009,35.5129,1
2024-12,Israel,Lebanon,Lebanon,South,Chamaa,33.1511,35.1995,2
2024-12,Israel,Lebanon,Lebanon,Al Nabatieh,Chaqra,33.1933,35.4678,1
2024-12,Israel,Lebanon,Lebanon,Al Nabatieh,Chebaa,33.3475,35.7492,5
2024-12,Israel,Lebanon,Lebanon,South,Chihhine,33.1265,35.256,2
2024-12,Israel,Lebanon,Lebanon,South,Coast of Ras al Naqoura,33.127,35.1293,1
2024-12,Israel,Lebanon,Lebanon,Al Nabatieh,Deir Ez Zahrani,33.4333,35.4617,1
2024-12,Israel,Lebanon,Lebanon,Al Nabatieh,Deir Siriane,33.292,35.5002,3
2024-12,Israel,Lebanon,Lebanon,Al Nabatieh,Dibbine,33.3703,35.5953,2
2024-12,Israel,Lebanon,Lebanon,Al Nabatieh,El Ghandouriyeh,33.2723,35.431,1
2024-12,Israel,Lebanon,Lebanon,Al Nabatieh,El Meri,33.3204,35.6423,3
2024-12,Israel,Lebanon,Lebanon,Baalbek-Hermel,El Qasr,34.4805,36.4402,1
2024-12,Israel,Lebanon,Lebanon,Al Nabatieh,Es Sedaneh,33.3393,35.7122,1
2024-12,Israel,Lebanon,Lebanon,Al Nabatieh,Hanine,33.1085,35.3796,3
2024-12,Israel,Lebanon,Lebanon,Al Nabatieh,Haris,33.1803,35.377,1
2024-12,Israel,Lebanon,Lebanon,Al Nabatieh,Hilta,33.3088,35.6667,6
2024-12,Israel,Lebanon,Lebanon,Al Nabatieh,Houmine el Faouqa,33.4413,35.4977,1
2024-12,Israel,Lebanon,Lebanon,Al Nabatieh,Ibl el Saqi,33.3567,35.6264,1
2024-12,Israel,Lebanon,Lebanon,Al Nabatieh,Jabal Safi,33.4834,35.5404,1
2024-12,Israel,Lebanon,Lebanon,Al Nabatieh,Jarjouaa,33.4464,35.5187,1
2024-12,Israel,Lebanon,Lebanon,Al Nabatieh,Jbaa,33.4869,35.5188,1
2024-12,Israel,Lebanon,Lebanon,South,Jbal el Botm,33.1739,35.2931,1
2024-12,Israel,Lebanon,Lebanon,South,Jebbayn,33.1235,35.2358,1
2024-12,Israel,Lebanon,Lebanon,Al Nabatieh,Kfar Chouba,33.3278,35.6925,4
2024-12,Israel,Lebanon,Lebanon,Al Nabatieh,Kfar Hamam,33.3439,35.6789,1
2024-12,Israel,Lebanon,Lebanon,Al Nabatieh,Kfar Kila,33.2772,35.5517,1
2024-12,Israel,Lebanon,Lebanon,South,Kfarmelki,33.5024,35.4778,1
2024-12,Israel,Lebanon,Lebanon,Al Nabatieh,Khiyam,33.3278,35.6128,8
2024-12,Israel,Lebanon,Lebanon,Bekaa,Majdel Aanjar,33.7083,35.9025,2
2024-12,Israel,Lebanon,Lebanon,Al Nabatieh,Majdel Selm,33.2222,35.4647,1
2024-12,Israel,Lebanon,Lebanon,South,Majdel Zoun,33.1514,35.2261,12
2024-12,Israel,Lebanon,Lebanon,Al Nabatieh,Marjayoun,33.3603,35.5911,3
2024-12,Israel,Lebanon,Lebanon,Al Nabatieh,Maroun er Ras,33.1038,35.4444,5
2024-12,Israel,Lebanon,Lebanon,Al Nabatieh,Mays el Jabal,33.1691,35.5234,4
2024-12,Israel,Lebanon,Lebanon,Al Nabatieh,Mhaibib,33.1544,35.5052,1
2024-12,Israel,Lebanon,Lebanon,South,Mlikh,33.4688,35.556,1
2024-12,Israel,Lebanon,Lebanon,Al Nabatieh,Nabatiye,33.3789,35.4839,1
2024-12,Israel,Lebanon,Lebanon,South,Najjariyeh,33.4796,35.3317,1
2024-12,Israel,Lebanon,Lebanon,Al Nabatieh,Qabrikha,33.2489,35.4623,1
2024-12,Israel,Lebanon,Lebanon,Al Nabatieh,Qantara,33.2716,35.4649,2
2024-12,Israel,Lebanon,Lebanon,Akkar,Qlayaat,34.6025,36.0065,1
2024-12,Israel,Lebanon,Lebanon,Bekaa,Qusaya,33.8122,36.025,1
2024-12,Israel,Lebanon,Lebanon,Al Nabatieh,Rachaya al Foukhar,33.3541,35.6675,6
2024-12,Israel,Lebanon,Lebanon,Al Nabatieh,Ramieh,33.1108,35.3103,1
2024-12,Israel,Lebanon,Lebanon,South,Ras al Naqoura,33.1181,35.1397,12
2024-12,Israel,Lebanon,Lebanon,South,Rihan,33.4445,35.567,1
2024-12,Israel,Lebanon,Lebanon,Al Nabatieh,Rmaysh,33.0783,35.3661,2
2024-12,Israel,Lebanon,Lebanon,South,Sejoud,33.4335,35.5338,1
2024-12,Israel,Lebanon,Lebanon,South,Sriri,33.4339,35.6253,1
2024-12,Israel,Lebanon,Lebanon,Al Nabatieh,Talouseh,33.2324,35.4851,2
2024-12,Israel,Lebanon,Lebanon,Baalbek-Hermel,Taraiyya,33.9871,36.0089,1
2024-12,Israel,Lebanon,Lebanon,Al Nabatieh,Taybeh,33.2755,35.5179,3
2024-12,Israel,Lebanon,Lebanon,South,Tayr Harfa,33.1285,35.2192,2
2024-12,Israel,Lebanon,Lebanon,South,Tebna,33.4376,35.3407,2
2024-12,Israel,Lebanon,Lebanon,Al Nabatieh,Yaroun,33.0803,35.4225,3
2024-12,Israel,Lebanon,Lebanon,Al Nabatieh,Yater,33.1541,35.3302,1
2024-12,Israel,Lebanon,Lebanon,Al Nabatieh,Yohmor,33.3114,35.5163,3
2024-12,Israel,Lebanon,Lebanon,South,Zebqine,33.1656,35.2669,1
2024-12,Israel,Lebanon,Lebanon,South,Zrariyeh,33.3438,35.3346,1
2024-12,Israel,Quneitra/Golan,Syria,Quneitra,Al Salam,33.1709,35.8706,1
2024-12,Israel,Quneitra/Golan,Syria,Quneitra,Khan Arnaba,33.1821,35.8908,1
2024-12,Israel,Quneitra/Golan,Syria,Quneitra,Quneitra,33.1242,35.8264,2
2024-12,Israel,Quneitra/Golan,Syria,Quneitra,Tall al Shaar,33.1756,35.9414,1
2024-12,Israel,Syria-other,Syria,Dara,112th Brigade,32.8631,36.0872,1
2024-12,Israel,Syria-other,Syria,Dara,12th Armored Brigade,32.8463,36.2572,2
2024-12,Israel,Syria-other,Syria,Dara,15th Brigade,33.0331,36.1583,1
2024-12,Israel,Syria-other,Syria,Rural Damascus,1st Armored Division,33.35,36.2961,1
2024-12,Israel,Syria-other,Syria,Hama,47th Brigade Army Base,35.0503,36.7781,1
2024-12,Israel,Syria-other,Syria,Dara,9th Armored Division,33.0866,36.1763,1
2024-12,Israel,Syria-other,Syria,Dara,Abtaa,32.7925,36.151,1
2024-12,Israel,Syria-other,Syria,Rural Damascus,Adra,33.6044,36.5158,1
2024-12,Israel,Syria-other,Syria,Tartous,Akkar Plain,34.65,36.05,1
2024-12,Israel,Syria-other,Syria,Deir ez Zor,Al Mayadin,35.0248,40.428,1
2024-12,Israel,Syria-other,Syria,Homs,Al Qusayr,34.5078,36.5803,1
2024-12,Israel,Syria-other,Syria,Aleppo,Al Safira Military Base and Defence Factories,36.0538,37.3379,2
2024-12,Israel,Syria-other,Syria,As Sweida,Al Thaalah Military Air Base,32.7044,36.4143,1
2024-12,Israel,Syria-other,Syria,Lattakia,Al-Bayda Port,35.6096,35.7721,1
2024-12,Israel,Syria-other,Syria,Deir ez Zor,Al-Bukamal - Unspecified,34.4546,40.9116,2
2024-12,Israel,Syria-other,Syria,Dara,Al-Harra,33.0569,36.0068,1
2024-12,Israel,Syria-other,Syria,Deir ez Zor,Al-Heri,34.4092,40.9579,1
2024-12,Israel,Syria-other,Syria,Homs,Al-Hoz,34.5744,36.5212,2
2024-12,Israel,Syria-other,Syria,Rural Damascus,Al-Nasiriyah Military Air Base,33.9282,36.8771,1
2024-12,Israel,Syria-other,Syria,Dara,Ankhel,33.0188,36.1273,2
2024-12,Israel,Syria-other,Syria,Dara,Aqraba,33.1122,36.0073,2
2024-12,Israel,Syria-other,Syria,Rural Damascus,Aqraba,33.47,36.3563,1
2024-12,Israel,Syria-other,Syria,Tartous,Arida Crossing,34.6343,35.9777,1
2024-12,Israel,Syria-other,Syria,Hama,As-Salamiyeh,35.0113,37.051,2
2024-12,Israel,Syria-other,Syria,Dara,As-Sanamayn,33.0711,36.1833,1
2024-12,Israel,Syria-other,Syria,Tartous,Banyas,35.1984,35.9634,2
2024-12,Israel,Syria-other,Syria,Rural Damascus,Betima,33.3644,35.9988,1
2024-12,Israel,Syria-other,Syria,Damascus,Bhuth 'Elmeya,33.5577,36.3154,1
2024-12,Israel,Syria-other,Syria,Tartous,Bileh,34.9455,35.946,1
2024-12,Israel,Syria-other,Syria,Tartous,Bmalkah,34.9343,35.9724,1
2024-12,Israel,Syria-other,Syria,Lattakia,Burj Islam,35.6755,35.8044,1
2024-12,Israel,Syria-other,Syria,Tartous,Dahr Safra,35.0778,35.9269,1
2024-12,Israel,Syria-other,Syria,Tartous,Dahr al Ballutiye,35.184,36.0444,1
2024-12,Israel,Syria-other,Syria,Damascus,Damascus - Barzeh,33.5518,36.3148,2
2024-12,Israel,Syria-other,Syria,Damascus,Damascus - Mazzeh,33.4999,36.2476,2
2024-12,Israel,Syria-other,Syria,Damascus,Damascus - Umayyad Square,33.5138,36.2765,1
2024-12,Israel,Syria-other,Syria,Damascus,Damascus - Unspecified,33.5172,36.2767,3
2024-12,Israel,Syria-other,Syria,Dara,Dar'a - Unspecified,32.6241,36.1049,1
2024-12,Israel,Syria-other,Syria,Deir ez Zor,Deir-ez-Zor - Al-Joura-Al-Thawra,35.3475,40.1197,1
2024-12,Israel,Syria-other,Syria,Deir ez Zor,Deir-ez-Zor - Harabesh,35.3088,40.164,1
2024-12,Israel,Syria-other,Syria,Deir ez Zor,Deir-ez-Zor - Military Airbase,35.2856,40.177,4
2024-12,Israel,Syria-other,Syria,Deir ez Zor,Deir-ez-Zor - Unspecified,35.3319,40.1461,2
2024-12,Israel,Syria-other,Syria,Rural Damascus,Dhameer,33.6441,36.691,2
2024-12,Israel,Syria-other,Syria,Tartous,Duraykish,34.8961,36.1307,1
2024-12,Israel,Syria-other,Syria,Dara,Eastern Ghariyeh,32.6782,36.2581,1
2024-12,Israel,Syria-other,Syria,Rural Damascus,Hala,33.7375,36.529,2
2024-12,Israel,Syria-other,Syria,Hama,Hama - Airbase,35.12,36.715,1
2024-12,Israel,Syria-other,Syria,Tartous,Harisoun,35.137,35.9217,1
2024-12,Israel,Syria-other,Syria,Lattakia,Jablah,35.3645,35.9305,1
2024-12,Israel,Syria-other,Syria,Dara,Jidya Battalion,33.058,36.1178,1
2024-12,Israel,Syria-other,Syria,Rural Damascus,Jirud,33.8068,36.7398,1
2024-12,Israel,Syria-other,Syria,Homs,Jobaniyeh - Ram Tut,34.6236,36.4683,3
2024-12,Israel,Syria-other,Syria,Homs,Jusiya Al Ammar,34.4252,36.555,3
2024-12,Israel,Syria-other,Syria,As Sweida,Kafr,32.6317,36.6428,2
2024-12,Israel,Syria-other,Syria,Rural Damascus,Kanaker,33.2671,36.0986,1
2024-12,Israel,Syria-other,Syria,As Sweida,Khalkhla Airbase,33.0613,36.5544,2
2024-12,Israel,Syria-other,Syria,Lattakia,Lattakia - Port,35.5093,35.768,1
2024-12,Israel,Syria-other,Syria,Lattakia,Lattakia - Unspecified,35.5391,35.7896,2
2024-12,Israel,Syria-other,Syria,Rural Damascus,Maaloula,33.8442,36.5457,1
2024-12,Israel,Syria-other,Syria,Dara,Maariya,32.7647,35.8006,1
2024-12,Israel,Syria-other,Syria,Dara,Mahjeh,32.9583,36.2222,2
2024-12,Israel,Syria-other,Syria,As Sweida,Majdal,32.7962,36.5041,1
2024-12,Israel,Syria-other,Syria,Rural Damascus,Manin,33.6406,36.2991,3
2024-12,Israel,Syria-other,Syria,Deir ez Zor,Manjm Al-Malah salt mine,35.5521,39.8108,1
2024-12,Israel,Syria-other,Syria,Tartous,Marsahin,34.9134,35.9945,1
2024-12,Israel,Syria-other,Syria,Hama,Masyaf,35.0662,36.3421,1
2024-12,Israel,Syria-other,Syria,Hama,Masyaf Defence Factories,35.1564,36.347,2
2024-12,Israel,Syria-other,Syria,Damascus,Mazzeh Military Air Base,33.4779,36.2202,3
2024-12,Israel,Syria-other,Syria,Lattakia,Mushayrifah,35.6025,35.8585,1
2024-12,Israel,Syria-other,Syria,Dara,Nahta,32.7882,36.3493,1
2024-12,Israel,Syria-other,Syria,Dara,Nawa,32.8882,36.041,2
2024-12,Israel,Syria-other,Syria,Rural Damascus,Qalamoun,34.0686,36.5419,1
2024-12,Israel,Syria-other,Syria,As Sweida,Qanawat,32.7569,36.6173,1
2024-12,Israel,Syria-other,Syria,Rural Damascus,Qara,34.1552,36.7431,1
2024-12,Israel,Syria-other,Syria,Damascus,Qasioun Mountain,33.5365,36.2619,2
2024-12,Israel,Syria-other,Syria,Rural Damascus,Qastal,33.9248,36.6957,1
2024-12,Israel,Syria-other,Syria,Rural Damascus,Qatana,33.4387,36.0813,1
2024-12,Israel,Syria-other,Syria,Dara,Qayta,33.072,36.137,1
2024-12,Israel,Syria-other,Syria,Rural Damascus,Qodsayya,33.5498,36.2169,1
2024-12,Israel,Syria-other,Syria,Lattakia,Ras Shamra,35.6009,35.7815,1
2024-12,Israel,Syria-other,Syria,Dara,Regiment 175,32.8765,36.2451,1
2024-12,Israel,Syria-other,Syria,Dara,Sahwa,32.5978,36.3667,1
2024-12,Israel,Syria-other,Syria,As Sweida,Salkhad,32.4902,36.7124,1
2024-12,Israel,Syria-other,Syria,Rural Damascus,Sayyeda Zeinab,33.4466,36.3406,3
2024-12,Israel,Syria-other,Syria,Homs,Shayrat Air Base,34.5006,36.8989,1
2024-12,Israel,Syria-other,Syria,Dara,Sheikh Miskine,32.831,36.1575,1
2024-12,Israel,Syria-other,Syria,Homs,Shinshar,34.6043,36.7214,2
2024-12,Israel,Syria-other,Syria,Homs,Shtaya,34.6846,36.9537,1
2024-12,Israel,Syria-other,Syria,Rural Damascus,Sidnaya Military Prison,33.6653,36.329,1
2024-12,Israel,Syria-other,Syria,As Sweida,Tal Kharouf Radar Military Base,32.7994,36.3858,1
2024-12,Israel,Syria-other,Syria,Rural Damascus,Tal Thaalib,33.4056,36.3358,1
2024-12,Israel,Syria-other,Syria,Rural Damascus,Tall Qarin,33.1615,36.0594,1
2024-12,Israel,Syria-other,Syria,Dara,Tall al Jabiyah,32.9199,36.0,1
2024-12,Israel,Syria-other,Syria,Dara,Tall al Jumou,32.8605,35.9977,1
2024-12,Israel,Syria-other,Syria,Tartous,Tartous,34.8866,35.8934,1
2024-12,Israel,Syria-other,Syria,Homs,Wadi Hanna,34.5297,36.4215,1
2024-12,Israel,Syria-other,Syria,Dara,Wadi al Raqqad,32.7637,35.7769,1
2024-12,Israel,Syria-other,Syria,Rural Damascus,Yafur,33.5283,36.0676,1
2024-12,Israel,Syria-other,Syria,Lattakia,Zama,35.3456,36.088,1
2025-01,Israel,Lebanon,Lebanon,Al Nabatieh,Aadayseh Marjayoun,33.2544,35.5424,2
2025-01,Israel,Lebanon,Lebanon,South,Aalma Ech Chaab,33.1042,35.1819,1
2025-01,Israel,Lebanon,Lebanon,Al Nabatieh,Aita ech Chaab,33.0971,35.3367,5
2025-01,Israel,Lebanon,Lebanon,Al Nabatieh,Aitaroun,33.1153,35.4714,7
2025-01,Israel,Lebanon,Lebanon,Al Nabatieh,Bani Haiyan,33.2431,35.489,4
2025-01,Israel,Lebanon,Lebanon,Al Nabatieh,Beit Lif,33.1328,35.3356,1
2025-01,Israel,Lebanon,Lebanon,Al Nabatieh,Bent Jbeil,33.1194,35.4333,8
2025-01,Israel,Lebanon,Lebanon,Al Nabatieh,Borj el Mlouk,33.3215,35.5632,1
2025-01,Israel,Lebanon,Lebanon,Al Nabatieh,Chaqra,33.1933,35.4678,1
2025-01,Israel,Lebanon,Lebanon,Al Nabatieh,Chebaa,33.3475,35.7492,1
2025-01,Israel,Lebanon,Lebanon,Al Nabatieh,Deir Ez Zahrani,33.4333,35.4617,2
2025-01,Israel,Lebanon,Lebanon,South,Ed Dhayra,33.1053,35.2248,1
2025-01,Israel,Lebanon,Lebanon,Al Nabatieh,El Hamames,33.2924,35.59,2
2025-01,Israel,Lebanon,Lebanon,Al Nabatieh,El Majidiye,33.2842,35.6564,1
2025-01,Israel,Lebanon,Lebanon,Baalbek-Hermel,El Qasr,34.4805,36.4402,2
2025-01,Israel,Lebanon,Lebanon,Al Nabatieh,Es Sedaneh,33.3393,35.7122,3
2025-01,Israel,Lebanon,Lebanon,Al Nabatieh,Hilta,33.3088,35.6667,1
2025-01,Israel,Lebanon,Lebanon,Akkar,Hnaider,34.6156,36.4286,1
2025-01,Israel,Lebanon,Lebanon,Al Nabatieh,Houla,33.2092,35.515,5
2025-01,Israel,Lebanon,Lebanon,Al Nabatieh,Houmine el Faouqa,33.4413,35.4977,1
2025-01,Israel,Lebanon,Lebanon,Al Nabatieh,Jbaa,33.4869,35.5188,1
2025-01,Israel,Lebanon,Lebanon,South,Jbal el Botm,33.1739,35.2931,1
2025-01,Israel,Lebanon,Lebanon,Baalbek-Hermel,Jenta,33.8575,36.1075,2
2025-01,Israel,Lebanon,Lebanon,Al Nabatieh,Kfar Chouba,33.3278,35.6925,8
2025-01,Israel,Lebanon,Lebanon,Al Nabatieh,Kfar Kila,33.2772,35.5517,2
2025-01,Israel,Lebanon,Lebanon,Al Nabatieh,Khiyam,33.3278,35.6128,4
2025-01,Israel,Lebanon,Lebanon,Al Nabatieh,Kounine,33.1487,35.433,1
2025-01,Israel,Lebanon,Lebanon,South,Labbouneh,33.0977,35.1498,1
2025-01,Israel,Lebanon,Lebanon,Al Nabatieh,Majdel Selm,33.2222,35.4647,1
2025-01,Israel,Lebanon,Lebanon,Al Nabatieh,Marjayoun,33.3603,35.5911,2
2025-01,Israel,Lebanon,Lebanon,Al Nabatieh,Markaba,33.2333,35.513,1
2025-01,Israel,Lebanon,Lebanon,Al Nabatieh,Maroun er Ras,33.1038,35.4444,11
2025-01,Israel,Lebanon,Lebanon,Al Nabatieh,Mays el Jabal,33.1691,35.5234,14
2025-01,Israel,Lebanon,Lebanon,Al Nabatieh,Nabatiyeh El Faouqa,33.3618,35.4987,1
2025-01,Israel,Lebanon,Lebanon,Al Nabatieh,Qantara,33.2716,35.4649,2
2025-01,Israel,Lebanon,Lebanon,Al Nabatieh,Qouzah,33.1203,35.3382,1
2025-01,Israel,Lebanon,Lebanon,Al Nabatieh,Rab el Thalathine,33.2482,35.5194,1
2025-01,Israel,Lebanon,Lebanon,Al Nabatieh,Ramieh,33.1108,35.3103,1
2025-01,Israel,Lebanon,Lebanon,South,Ras al Naqoura,33.1181,35.1397,2
2025-01,Israel,Lebanon,Lebanon,South,Rihan,33.4445,35.567,1
2025-01,Israel,Lebanon,Lebanon,Al Nabatieh,Rmaysh,33.0783,35.3661,1
2025-01,Israel,Lebanon,Lebanon,Al Nabatieh,Roumine,33.4639,35.4418,1
2025-01,Israel,Lebanon,Lebanon,Al Nabatieh,Talouseh,33.2324,35.4851,3
2025-01,Israel,Lebanon,Lebanon,Al Nabatieh,Taybeh,33.2755,35.5179,5
2025-01,Israel,Lebanon,Lebanon,South,Tayr Debba,33.2757,35.2784,1
2025-01,Israel,Lebanon,Lebanon,Al Nabatieh,Tell en Nhas,33.3125,35.5666,1
2025-01,Israel,Lebanon,Lebanon,Akkar,Wadi Khaled,34.6194,36.3736,1
2025-01,Israel,Lebanon,Lebanon,Al Nabatieh,Wadi Saluki,33.2154,35.4873,3
2025-01,Israel,Lebanon,Lebanon,South,Yarine,33.1064,35.2324,1
2025-01,Israel,Lebanon,Lebanon,Al Nabatieh,Yaroun,33.0803,35.4225,5
2025-01,Israel,Lebanon,Lebanon,Al Nabatieh,Yater,33.1541,35.3302,1
2025-01,Israel,Lebanon,Lebanon,Al Nabatieh,Yohmor,33.3114,35.5163,3
2025-01,Israel,Lebanon,Lebanon,Al Nabatieh,Zaoutar ech Charqiye,33.3197,35.4725,1
2025-01,Israel,Quneitra/Golan,Syria,Quneitra,Ghadir al Bostan,32.9192,35.9218,1
2025-01,Israel,Quneitra/Golan,Syria,Quneitra,Shebaa Farms,33.2833,35.7,1
2025-01,Israel,Syria-other,Syria,Aleppo,Al Safira Military Base and Defence Factories,36.0538,37.3379,1
2025-01,Israel,Syria-other,Syria,Rural Damascus,Kisweh,33.3579,36.2455,1
2025-01,Israel,Syria-other,Syria,Homs,Matraba,34.4817,36.4906,1
2025-01,Israel,Syria-other,Syria,Rural Damascus,Tal Al-Shahm,33.245,35.9983,1
2025-02,Israel,Lebanon,Lebanon,Al Nabatieh,Aadayseh Marjayoun,33.2544,35.5424,1
2025-02,Israel,Lebanon,Lebanon,South,Aalma Ech Chaab,33.1042,35.1819,1
2025-02,Israel,Lebanon,Lebanon,South,Aaqbiyeh,33.4687,35.3192,1
2025-02,Israel,Lebanon,Lebanon,Al Nabatieh,Aarab Salim,33.4297,35.5158,1
2025-02,Israel,Lebanon,Lebanon,South,Aaziyyeh,33.1835,35.2342,1
2025-02,Israel,Lebanon,Lebanon,Al Nabatieh,Aazze,33.4557,35.4312,1
2025-02,Israel,Lebanon,Lebanon,Al Nabatieh,Ain Qana,33.4719,35.5101,1
2025-02,Israel,Lebanon,Lebanon,South,Ain Zarqa,33.1214,35.2002,1
2025-02,Israel,Lebanon,Lebanon,Al Nabatieh,Ainata,33.1297,35.4409,2
2025-02,Israel,Lebanon,Lebanon,Al Nabatieh,Aita ech Chaab,33.0971,35.3367,1
2025-02,Israel,Lebanon,Lebanon,Al Nabatieh,Aitaroun,33.1153,35.4714,1
2025-02,Israel,Lebanon,Lebanon,Baalbek-Hermel,Al Hermel,34.3972,36.3874,2
2025-02,Israel,Lebanon,Lebanon,Baalbek-Hermel,Al Nabi Sheet,33.8731,36.1117,3
2025-02,Israel,Lebanon,Lebanon,Al Nabatieh,Ansar,33.3784,35.3537,1
2025-02,Israel,Lebanon,Lebanon,South,Baisariyeh,33.4444,35.3116,1
2025-02,Israel,Lebanon,Lebanon,Al Nabatieh,Baraachit,33.1761,35.4433,1
2025-02,Israel,Lebanon,Lebanon,Al Nabatieh,Bent Jbeil,33.1194,35.4333,1
2025-02,Israel,Lebanon,Lebanon,Al Nabatieh,Berghoz,33.4126,35.6244,1
2025-02,Israel,Lebanon,Lebanon,South,Berkat Jabbour,33.4735,35.6073,1
2025-02,Israel,Lebanon,Lebanon,Al Nabatieh,Blida,33.14,35.5147,1
2025-02,Israel,Lebanon,Lebanon,Baalbek-Hermel,Boudai,34.0611,36.0611,2
2025-02,Israel,Lebanon,Lebanon,Baalbek-Hermel,Braytal,33.9342,36.1494,1
2025-02,Israel,Lebanon,Lebanon,Al Nabatieh,Chebaa,33.3475,35.7492,4
2025-02,Israel,Lebanon,Lebanon,South,Coast of Ras al Naqoura,33.127,35.1293,1
2025-02,Israel,Lebanon,Lebanon,Al Nabatieh,Deir Siriane,33.292,35.5002,1
2025-02,Israel,Lebanon,Lebanon,Al Nabatieh,El Hamames,33.2924,35.59,2
2025-02,Israel,Lebanon,Lebanon,Baalbek-Hermel,El Qasr,34.4805,36.4402,1
2025-02,Israel,Lebanon,Lebanon,Baalbek-Hermel,Flawiye,34.0473,36.0917,1
2025-02,Israel,Lebanon,Lebanon,Baalbek-Hermel,Harabta,34.2081,36.2663,3
2025-02,Israel,Lebanon,Lebanon,Baalbek-Hermel,Hlabta,34.2557,36.288,1
2025-02,Israel,Lebanon,Lebanon,Al Nabatieh,Houla,33.2092,35.515,2
2025-02,Israel,Lebanon,Lebanon,Al Nabatieh,Houmine el Faouqa,33.4413,35.4977,2
2025-02,Israel,Lebanon,Lebanon,Baalbek-Hermel,Jenta,33.8575,36.1075,3
2025-02,Israel,Lebanon,Lebanon,Al Nabatieh,Kfar Chouba,33.3278,35.6925,3
2025-02,Israel,Lebanon,Lebanon,Al Nabatieh,Kfar Fila,33.4818,35.4983,1
2025-02,Israel,Lebanon,Lebanon,Al Nabatieh,Kfar Hamam,33.3439,35.6789,1
2025-02,Israel,Lebanon,Lebanon,Al Nabatieh,Khiyam,33.3278,35.6128,2
2025-02,Israel,Lebanon,Lebanon,Baalbek-Hermel,Khraibeh,33.8723,36.1632,1
2025-02,Israel,Lebanon,Lebanon,South,Maaroub,33.2856,35.3478,1
2025-02,Israel,Lebanon,Lebanon,South,Mahmoudiya,33.3868,35.5523,2
2025-02,Israel,Lebanon,Lebanon,South,Marwahin,33.1086,35.2754,1
2025-02,Israel,Lebanon,Lebanon,Al Nabatieh,Mays el Jabal,33.1691,35.5234,3
2025-02,Israel,Lebanon,Lebanon,Baalbek-Hermel,Mrah Ez Zakbe,34.4792,36.3933,1
2025-02,Israel,Lebanon,Lebanon,Baalbek-Hermel,Qanafez,34.4861,36.3965,1
2025-02,Israel,Lebanon,Lebanon,South,Qlaileh,33.1984,35.2291,1
2025-02,Israel,Lebanon,Lebanon,Bekaa,Qusaya,33.8122,36.025,1
2025-02,Israel,Lebanon,Lebanon,South,Ras al Naqoura,33.1181,35.1397,1
2025-02,Israel,Lebanon,Lebanon,South,Rihan,33.4445,35.567,1
2025-02,Israel,Lebanon,Lebanon,Al Nabatieh,Rmaysh,33.0783,35.3661,1
2025-02,Israel,Lebanon,Lebanon,Al Nabatieh,Roumine,33.4639,35.4418,3
2025-02,Israel,Lebanon,Lebanon,Baalbek-Hermel,Salhat el Ma,34.476,36.3809,1
2025-02,Israel,Lebanon,Lebanon,South,Sammaiyyeh,33.2218,35.2258,1
2025-02,Israel,Lebanon,Lebanon,Baalbek-Hermel,Sbouba,34.2219,36.2759,1
2025-02,Israel,Lebanon,Lebanon,South,Sejoud,33.4335,35.5338,1
2025-02,Israel,Lebanon,Lebanon,Baalbek-Hermel,Sharbine,34.4583,36.3595,1
2025-02,Israel,Lebanon,Lebanon,South,Sidon,33.5599,35.3756,1
2025-02,Israel,Lebanon,Lebanon,Al Nabatieh,Taybeh,33.2755,35.5179,1
2025-02,Israel,Lebanon,Lebanon,South,Tayr Harfa,33.1285,35.2192,1
2025-02,Israel,Lebanon,Lebanon,South,Tebna,33.4376,35.3407,2
2025-02,Israel,Lebanon,Lebanon,Akkar,Wadi Khaled,34.6194,36.3736,1
2025-02,Israel,Lebanon,Lebanon,Al Nabatieh,Wadi Saluki,33.2154,35.4873,1
2025-02,Israel,Lebanon,Lebanon,Al Nabatieh,Yaroun,33.0803,35.4225,4
2025-02,Israel,Lebanon,Lebanon,South,Zebqine,33.1656,35.2669,2
2025-02,Israel,Lebanon,Lebanon,Al Nabatieh,Zefta,33.4463,35.3944,2
2025-02,Israel,Lebanon,Lebanon,South,Zrariyeh,33.3438,35.3346,1
2025-02,Israel,Quneitra/Golan,Syria,Quneitra,Sweisa,32.997,35.9343,1
2025-02,Israel,Syria-other,Syria,Dara,12th Armored Brigade,32.8463,36.2572,1
2025-02,Israel,Syria-other,Syria,Dara,15th Brigade,33.0331,36.1583,1
2025-02,Israel,Syria-other,Syria,Rural Damascus,1st Armored Division,33.35,36.2961,1
2025-02,Israel,Syria-other,Syria,Rural Damascus,Assal al Ward,33.8636,36.4158,1
2025-02,Israel,Syria-other,Syria,Rural Damascus,Deir Ali,33.28,36.3038,1
2025-02,Israel,Syria-other,Syria,Dara,Ein Thakar,32.8587,35.9082,1
2025-02,Israel,Syria-other,Syria,Dara,Izra',32.8677,36.2542,1
2025-02,Israel,Syria-other,Syria,Rural Damascus,Jroud Al-Qalamoon,34.0013,36.8227,1
2025-02,Israel,Syria-other,Syria,As Sweida,Khalkhla Airbase,33.0613,36.5544,1
2025-02,Israel,Syria-other,Syria,Dara,Musayritiyah,32.8426,35.8606,1
2025-02,Israel,Syria-other,Syria,Dara,Qarfa Agricultural Airport,32.8268,36.2457,1
2025-02,Israel,Syria-other,Syria,Rural Damascus,Sa'sa',33.2795,36.0165,1
2025-02,Israel,Syria-other,Syria,Dara,Tall al Harra,33.0639,35.9876,1
2025-02,Israel,Syria-other,Syria,Dara,Yarmouk Basin,32.8095,35.8949,2
2025-03,Israel,Lebanon,Lebanon,Al Nabatieh,Aadayseh Marjayoun,33.2544,35.5424,3
2025-03,Israel,Lebanon,Lebanon,South,Aaychiyeh,33.4089,35.5567,1
2025-03,Israel,Lebanon,Lebanon,Al Nabatieh,Aayta Ej Jabal,33.1748,35.4044,1
2025-03,Israel,Lebanon,Lebanon,Al Nabatieh,Aazze,33.4557,35.4312,1
2025-03,Israel,Lebanon,Lebanon,Al Nabatieh,Ain Qana,33.4719,35.5101,1
2025-03,Israel,Lebanon,Lebanon,Al Nabatieh,Ainata,33.1297,35.4409,2
2025-03,Israel,Lebanon,Lebanon,Al Nabatieh,Aita ech Chaab,33.0971,35.3367,5
2025-03,Israel,Lebanon,Lebanon,Al Nabatieh,Aitaroun,33.1153,35.4714,3
2025-03,Israel,Lebanon,Lebanon,Mount Lebanon,Al Hadath,33.8333,35.5333,1
2025-03,Israel,Lebanon,Lebanon,Baalbek-Hermel,Al Hermel,34.3972,36.3874,1
2025-03,Israel,Lebanon,Lebanon,South,Al Lwaiza,33.4607,35.5368,1
2025-03,Israel,Lebanon,Lebanon,Baalbek-Hermel,Al Nabi Sheet,33.8731,36.1117,2
2025-03,Israel,Lebanon,Lebanon,Al Nabatieh,Al Wazzani,33.2756,35.6228,3
2025-03,Israel,Lebanon,Lebanon,Al Nabatieh,Ansar,33.3784,35.3537,1
2025-03,Israel,Lebanon,Lebanon,South,Aramta,33.4618,35.5744,1
2025-03,Israel,Lebanon,Lebanon,Al Nabatieh,Arnoun,33.3317,35.5264,2
2025-03,Israel,Lebanon,Lebanon,Al Nabatieh,As Salihani,33.1291,35.3032,1
2025-03,Israel,Lebanon,Lebanon,Al Nabatieh,At Tiri,33.1403,35.4029,1
2025-03,Israel,Lebanon,Lebanon,South,Baisariyeh,33.4444,35.3116,1
2025-03,Israel,Lebanon,Lebanon,Al Nabatieh,Baraachit,33.1761,35.4433,1
2025-03,Israel,Lebanon,Lebanon,Al Nabatieh,Beit Yahoun,33.1592,35.4225,2
2025-03,Israel,Lebanon,Lebanon,Al Nabatieh,Bent Jbeil,33.1194,35.4333,1
2025-03,Israel,Lebanon,Lebanon,Al Nabatieh,Berghoz,33.4126,35.6244,1
2025-03,Israel,Lebanon,Lebanon,South,Berkat Jabbour,33.4735,35.6073,3
2025-03,Israel,Lebanon,Lebanon,Al Nabatieh,Borj el Mlouk,33.3215,35.5632,1
2025-03,Israel,Lebanon,Lebanon,South,Bouslaiaya,33.5009,35.5129,2
2025-03,Israel,Lebanon,Lebanon,Al Nabatieh,Chebaa,33.3475,35.7492,5
2025-03,Israel,Lebanon,Lebanon,South,Chihhine,33.1265,35.256,1
2025-03,Israel,Lebanon,Lebanon,Baalbek-Hermel,Chmistar,33.9647,36.0175,1
2025-03,Israel,Lebanon,Lebanon,South,Coast of Ras al Naqoura,33.127,35.1293,1
2025-03,Israel,Lebanon,Lebanon,Al Nabatieh,Deir Ez Zahrani,33.4333,35.4617,1
2025-03,Israel,Lebanon,Lebanon,Al Nabatieh,Deir Mimas,33.3025,35.5458,2
2025-03,Israel,Lebanon,Lebanon,Al Nabatieh,Deir Siriane,33.292,35.5002,1
2025-03,Israel,Lebanon,Lebanon,Al Nabatieh,Ech Choumariyeh,33.3169,35.4319,1
2025-03,Israel,Lebanon,Lebanon,South,Ed Dhayra,33.1053,35.2248,1
2025-03,Israel,Lebanon,Lebanon,South,El Babliye,33.4211,35.3428,2
2025-03,Israel,Lebanon,Lebanon,Al Nabatieh,El Ghandouriyeh,33.2723,35.431,1
2025-03,Israel,Lebanon,Lebanon,Al Nabatieh,El Hamames,33.2924,35.59,3
2025-03,Israel,Lebanon,Lebanon,Al Nabatieh,El Majidiye,33.2842,35.6564,1
2025-03,Israel,Lebanon,Lebanon,Baalbek-Hermel,El Qasr,34.4805,36.4402,1
2025-03,Israel,Lebanon,Lebanon,South,Er Rachidiye,33.2369,35.2173,1
2025-03,Israel,Lebanon,Lebanon,South,Ez Zahrani,33.4973,35.3401,1
2025-03,Israel,Lebanon,Lebanon,Al Nabatieh,Froun,33.2947,35.4278,2
2025-03,Israel,Lebanon,Lebanon,Mount Lebanon,Ghobeiry,33.8593,35.5041,1
2025-03,Israel,Lebanon,Lebanon,Al Nabatieh,Haddatha,33.1651,35.3912,2
2025-03,Israel,Lebanon,Lebanon,South,Halloussiyeh,33.3057,35.3278,1
2025-03,Israel,Lebanon,Lebanon,Baalbek-Hermel,Hosh Al-Sayyid Ali,34.4539,36.4869,1
2025-03,Israel,Lebanon,Lebanon,Al Nabatieh,Houla,33.2092,35.515,6
2025-03,Israel,Lebanon,Lebanon,Al Nabatieh,Houmine el Faouqa,33.4413,35.4977,1
2025-03,Israel,Lebanon,Lebanon,Al Nabatieh,Houmine et Tahta,33.477,35.4341,1
2025-03,Israel,Lebanon,Lebanon,Al Nabatieh,Jabal Safi,33.4834,35.5404,2
2025-03,Israel,Lebanon,Lebanon,Al Nabatieh,Jarjouaa,33.4464,35.5187,1
2025-03,Israel,Lebanon,Lebanon,Al Nabatieh,Jbaa,33.4869,35.5188,1
2025-03,Israel,Lebanon,Lebanon,South,Jebbayn,33.1235,35.2358,1
2025-03,Israel,Lebanon,Lebanon,Baalbek-Hermel,Jenta,33.8575,36.1075,4
2025-03,Israel,Lebanon,Lebanon,Al Nabatieh,Kafra,33.1685,35.3412,1
2025-03,Israel,Lebanon,Lebanon,Al Nabatieh,Kfar Chouba,33.3278,35.6925,10
2025-03,Israel,Lebanon,Lebanon,Al Nabatieh,Kfar Fila,33.4818,35.4983,1
2025-03,Israel,Lebanon,Lebanon,South,Kfar Houneh,33.4932,35.5902,2
2025-03,Israel,Lebanon,Lebanon,Al Nabatieh,Kfar Kila,33.2772,35.5517,8
2025-03,Israel,Lebanon,Lebanon,Al Nabatieh,Kfar Roummane,33.3894,35.5017,1
2025-03,Israel,Lebanon,Lebanon,Al Nabatieh,Kfar Sir,33.3264,35.4004,1
2025-03,Israel,Lebanon,Lebanon,Al Nabatieh,Kfar Tebnit,33.3533,35.5128,2
2025-03,Israel,Lebanon,Lebanon,South,Kfarmelki,33.5024,35.4778,1
2025-03,Israel,Lebanon,Lebanon,Al Nabatieh,Kherbet Selm,33.2302,35.4218,1
2025-03,Israel,Lebanon,Lebanon,Al Nabatieh,Khiyam,33.3278,35.6128,2
2025-03,Israel,Lebanon,Lebanon,South,Labbouneh,33.0977,35.1498,1
2025-03,Israel,Lebanon,Lebanon,Bekaa,Libbaya,33.4837,35.7265,1
2025-03,Israel,Lebanon,Lebanon,South,Maaroub,33.2856,35.3478,1
2025-03,Israel,Lebanon,Lebanon,South,Mahmoudiya,33.3868,35.5523,2
2025-03,Israel,Lebanon,Lebanon,Al Nabatieh,Majdel Selm,33.2222,35.4647,1
2025-03,Israel,Lebanon,Lebanon,Al Nabatieh,Markaba,33.2333,35.513,2
2025-03,Israel,Lebanon,Lebanon,Al Nabatieh,Markaba and Houla Military Post,33.2878,35.5872,1
2025-03,Israel,Lebanon,Lebanon,Al Nabatieh,Maroun er Ras,33.1038,35.4444,1
2025-03,Israel,Lebanon,Lebanon,Al Nabatieh,Mays el Jabal,33.1691,35.5234,5
2025-03,Israel,Lebanon,Lebanon,South,Mlikh,33.4688,35.556,1
2025-03,Israel,Lebanon,Lebanon,Al Nabatieh,Nabatiyeh El Faouqa,33.3618,35.4987,1
2025-03,Israel,Lebanon,Lebanon,Al Nabatieh,Qaaqaaiyet el Jisr,33.3259,35.4234,3
2025-03,Israel,Lebanon,Lebanon,Al Nabatieh,Qantara,33.2716,35.4649,1
2025-03,Israel,Lebanon,Lebanon,Al Nabatieh,Qatmoun Valley,33.066,35.3604,1
2025-03,Israel,Lebanon,Lebanon,South,Qlaileh,33.1984,35.2291,1
2025-03,Israel,Lebanon,Lebanon,Bekaa,Qusaya,33.8122,36.025,1
2025-03,Israel,Lebanon,Lebanon,South,Ras al Naqoura,33.1181,35.1397,3
2025-03,Israel,Lebanon,Lebanon,South,Rechknanay,33.1892,35.3223,1
2025-03,Israel,Lebanon,Lebanon,South,Rihan,33.4445,35.567,5
2025-03,Israel,Lebanon,Lebanon,Al Nabatieh,Rmaysh,33.0783,35.3661,3
2025-03,Israel,Lebanon,Lebanon,South,Saksakiyah,33.4344,35.2835,1
2025-03,Israel,Lebanon,Lebanon,Baalbek-Hermel,Saraain,33.8856,36.0722,1
2025-03,Israel,Lebanon,Lebanon,South,Sejoud,33.4335,35.5338,3
2025-03,Israel,Lebanon,Lebanon,South,Sniyeh,33.5156,35.5281,1
2025-03,Israel,Lebanon,Lebanon,South,Srifa,33.2817,35.3971,1
2025-03,Israel,Lebanon,Lebanon,Baalbek-Hermel,Taraiyya,33.9871,36.0089,1
2025-03,Israel,Lebanon,Lebanon,Al Nabatieh,Taybeh,33.2755,35.5179,2
2025-03,Israel,Lebanon,Lebanon,South,Tayr Debba,33.2757,35.2784,1
2025-03,Israel,Lebanon,Lebanon,South,Tayr Harfa,33.1285,35.2192,2
2025-03,Israel,Lebanon,Lebanon,South,Tebna,33.4376,35.3407,1
2025-03,Israel,Lebanon,Lebanon,Al Nabatieh,Touline,33.2477,35.4482,1
2025-03,Israel,Lebanon,Lebanon,South,Tyr,33.2733,35.1939,1
2025-03,Israel,Lebanon,Lebanon,Al Nabatieh,Yaroun,33.0803,35.4225,5
2025-03,Israel,Lebanon,Lebanon,Al Nabatieh,Yater,33.1541,35.3302,1
2025-03,Israel,Lebanon,Lebanon,Al Nabatieh,Yohmor,33.3114,35.5163,6
2025-03,Israel,Lebanon,Lebanon,South,Zaghrine Valley,33.4355,35.5258,1
2025-03,Israel,Lebanon,Lebanon,Al Nabatieh,Zaoutar ech Charqiye,33.3197,35.4725,1
2025-03,Israel,Lebanon,Lebanon,South,Zebqine,33.1656,35.2669,3
2025-03,Israel,Lebanon,Lebanon,Bekaa,Zillaya,33.4587,35.6707,1
2025-03,Israel,Lebanon,Lebanon,South,Zrariyeh,33.3438,35.3346,1
2025-03,Israel,Quneitra/Golan,Syria,Quneitra,Ein Ayshaa,33.1905,35.9225,1
2025-03,Israel,Quneitra/Golan,Syria,Quneitra,Hadar,33.279,35.8313,1
2025-03,Israel,Quneitra/Golan,Syria,Quneitra,Khan Arnaba,33.1821,35.8908,1
2025-03,Israel,Quneitra/Golan,Syria,Quneitra,Kodneh,33.0083,35.889,1
2025-03,Israel,Quneitra/Golan,Syria,Quneitra,Tarnaja,33.2329,35.8445,1
2025-03,Israel,Syria-other,Syria,Rural Damascus,10th Armored Division,33.4846,36.1598,1
2025-03,Israel,Syria-other,Syria,Dara,12th Armored Brigade,32.8463,36.2572,2
2025-03,Israel,Syria-other,Syria,Rural Damascus,155th Brigade Missile Base,33.6886,36.5007,1
2025-03,Israel,Syria-other,Syria,Dara,15th Brigade,33.0331,36.1583,1
2025-03,Israel,Syria-other,Syria,Rural Damascus,1st Armored Division,33.35,36.2961,1
2025-03,Israel,Syria-other,Syria,Rural Damascus,90th Brigade,33.2125,35.9663,1
2025-03,Israel,Syria-other,Syria,Homs,Al Qusayr,34.5078,36.5803,1
2025-03,Israel,Syria-other,Syria,Lattakia,Al-Bayda Port,35.6096,35.7721,1
2025-03,Israel,Syria-other,Syria,Damascus,Damascus - Dummar,33.5273,36.2467,1
2025-03,Israel,Syria-other,Syria,Dara,Dar'a - Al Dahieh,32.6411,36.0777,1
2025-03,Israel,Syria-other,Syria,Dara,Izra',32.8677,36.2542,1
2025-03,Israel,Syria-other,Syria,Homs,Jadida al Sharqiya,34.6308,36.7993,1
2025-03,Israel,Syria-other,Syria,Dara,Jbab,33.1102,36.2664,1
2025-03,Israel,Syria-other,Syria,As Sweida,Khalkhla Airbase,33.0613,36.5544,1
2025-03,Israel,Syria-other,Syria,Dara,Koya,32.7463,35.8069,2
2025-03,Israel,Syria-other,Syria,Dara,Muthbin,33.1434,36.2466,1
2025-03,Israel,Syria-other,Syria,Rural Damascus,Najhah Military Housings,33.4104,36.3565,1
2025-03,Israel,Syria-other,Syria,Lattakia,Ras Shamra,35.6009,35.7815,1
2025-03,Israel,Syria-other,Syria,Dara,Regiment 175,32.8765,36.2451,2
2025-03,Israel,Syria-other,Syria,Homs,Shamsin,34.5404,36.7414,1
2025-03,Israel,Syria-other,Syria,Homs,Shinshar,34.6043,36.7214,1
2025-03,Israel,Syria-other,Syria,Homs,Tadmor - Airbase,34.5597,38.3158,2
2025-03,Israel,Syria-other,Syria,Homs,Talilah,34.5258,38.5272,1
2025-03,Israel,Syria-other,Syria,Tartous,Tartous,34.8866,35.8934,1
2025-03,Israel,Syria-other,Syria,Homs,Tiyas - Airbase,34.5177,37.6319,2
2025-04,Israel,Lebanon,Lebanon,Al Nabatieh,Aadayseh Marjayoun,33.2544,35.5424,1
2025-04,Israel,Lebanon,Lebanon,South,Aalma Ech Chaab,33.1042,35.1819,3
2025-04,Israel,Lebanon,Lebanon,Al Nabatieh,Aita ech Chaab,33.0971,35.3367,9
2025-04,Israel,Lebanon,Lebanon,Al Nabatieh,Aitaroun,33.1153,35.4714,4
2025-04,Israel,Lebanon,Lebanon,Mount Lebanon,Al Hadath,33.8333,35.5333,1
2025-04,Israel,Lebanon,Lebanon,South,Al Lwaiza,33.4607,35.5368,1
2025-04,Israel,Lebanon,Lebanon,Al Nabatieh,Al Wazzani,33.2756,35.6228,2
2025-04,Israel,Lebanon,Lebanon,Al Nabatieh,Arnoun,33.3317,35.5264,1
2025-04,Israel,Lebanon,Lebanon,Mount Lebanon,Baaouarta,33.74,35.5006,1
2025-04,Israel,Lebanon,Lebanon,Al Nabatieh,Beit Lif,33.1328,35.3356,3
2025-04,Israel,Lebanon,Lebanon,Al Nabatieh,Bent Jbeil,33.1194,35.4333,1
2025-04,Israel,Lebanon,Lebanon,Al Nabatieh,Blida,33.14,35.5147,1
2025-04,Israel,Lebanon,Lebanon,South,Bouslaiaya,33.5009,35.5129,1
2025-04,Israel,Lebanon,Lebanon,South,Boustane,33.1045,35.2573,1
2025-04,Israel,Lebanon,Lebanon,Al Nabatieh,Bustra,33.2866,35.6688,1
2025-04,Israel,Lebanon,Lebanon,South,Chamaa,33.1511,35.1995,1
2025-04,Israel,Lebanon,Lebanon,Al Nabatieh,Chebaa,33.3475,35.7492,4
2025-04,Israel,Lebanon,Lebanon,South,Chihhine,33.1265,35.256,1
2025-04,Israel,Lebanon,Lebanon,South,Ed Dhayra,33.1053,35.2248,1
2025-04,Israel,Lebanon,Lebanon,Al Nabatieh,El Hamames,33.2924,35.59,2
2025-04,Israel,Lebanon,Lebanon,Al Nabatieh,El Majidiye,33.2842,35.6564,1
2025-04,Israel,Lebanon,Lebanon,Al Nabatieh,Es Sedaneh,33.3393,35.7122,1
2025-04,Israel,Lebanon,Lebanon,South,Ghaziyeh,33.5187,35.3663,1
2025-04,Israel,Lebanon,Lebanon,Al Nabatieh,Hanine,33.1085,35.3796,1
2025-04,Israel,Lebanon,Lebanon,South,Hanniyeh,33.1902,35.2236,1
2025-04,Israel,Lebanon,Lebanon,Baalbek-Hermel,Haouch Tall Safiye,34.0247,36.1399,1
2025-04,Israel,Lebanon,Lebanon,Baalbek-Hermel,Harabta,34.2081,36.2663,1
2025-04,Israel,Lebanon,Lebanon,Mount Lebanon,Haret Hreik,33.8537,35.5155,1
2025-04,Israel,Lebanon,Lebanon,Al Nabatieh,Hilta,33.3088,35.6667,1
2025-04,Israel,Lebanon,Lebanon,Al Nabatieh,Houla,33.2092,35.515,2
2025-04,Israel,Lebanon,Lebanon,South,Jabal Blat Military Post,33.1107,35.2895,1
2025-04,Israel,Lebanon,Lebanon,Al Nabatieh,Jabal Safi,33.4834,35.5404,1
2025-04,Israel,Lebanon,Lebanon,Al Nabatieh,Jbaa,33.4869,35.5188,1
2025-04,Israel,Lebanon,Lebanon,South,Kaouthariyet el Saiyad,33.415,35.3843,1
2025-04,Israel,Lebanon,Lebanon,Al Nabatieh,Kfar Chouba,33.3278,35.6925,6
2025-04,Israel,Lebanon,Lebanon,South,Kfar Houneh,33.4932,35.5902,1
2025-04,Israel,Lebanon,Lebanon,Al Nabatieh,Kfar Kila,33.2772,35.5517,3
2025-04,Israel,Lebanon,Lebanon,Al Nabatieh,Kfar Tebnit,33.3533,35.5128,1
2025-04,Israel,Lebanon,Lebanon,Al Nabatieh,Khiyam,33.3278,35.6128,3
2025-04,Israel,Lebanon,Lebanon,South,Labbouneh,33.0977,35.1498,1
2025-04,Israel,Lebanon,Lebanon,Al Nabatieh,Mays el Jabal,33.1691,35.5234,3
2025-04,Israel,Lebanon,Lebanon,Al Nabatieh,Mhaibib,33.1544,35.5052,2
2025-04,Israel,Lebanon,Lebanon,Al Nabatieh,Rab el Thalathine,33.2482,35.5194,1
2025-04,Israel,Lebanon,Lebanon,Al Nabatieh,Ramieh,33.1108,35.3103,1
2025-04,Israel,Lebanon,Lebanon,South,Ras al Naqoura,33.1181,35.1397,4
2025-04,Israel,Lebanon,Lebanon,South,Rihan,33.4445,35.567,1
2025-04,Israel,Lebanon,Lebanon,Al Nabatieh,Rmaysh,33.0783,35.3661,2
2025-04,Israel,Lebanon,Lebanon,Al Nabatieh,Roumine,33.4639,35.4418,1
2025-04,Israel,Lebanon,Lebanon,South,Sejoud,33.4335,35.5338,2
2025-04,Israel,Lebanon,Lebanon,South,Sidon,33.5599,35.3756,1
2025-04,Israel,Lebanon,Lebanon,Al Nabatieh,Taybeh,33.2755,35.5179,1
2025-04,Israel,Lebanon,Lebanon,South,Tayr Harfa,33.1285,35.2192,1
2025-04,Israel,Lebanon,Lebanon,South,Umm Touteh,33.1085,35.2553,1
2025-04,Israel,Lebanon,Lebanon,Al Nabatieh,Wadi El Hujeir,33.3423,35.2439,1
2025-04,Israel,Lebanon,Lebanon,Al Nabatieh,Wadi Khansa,33.2987,35.6568,1
2025-04,Israel,Lebanon,Lebanon,Al Nabatieh,Yaroun,33.0803,35.4225,2
2025-04,Israel,Lebanon,Lebanon,Al Nabatieh,Yater,33.1541,35.3302,1
2025-04,Israel,Lebanon,Lebanon,Al Nabatieh,Yohmor,33.3114,35.5163,1
2025-04,Israel,Lebanon,Lebanon,South,Zalloutieh,33.1092,35.245,1
2025-04,Israel,Lebanon,Lebanon,South,Zebqine,33.1656,35.2669,1
2025-04,Israel,Quneitra/Golan,Syria,Quneitra,Al Ramtha,33.2852,35.6903,1
2025-04,Israel,Quneitra/Golan,Syria,Quneitra,Al Salam,33.1709,35.8706,1
2025-04,Israel,Syria-other,Syria,Rural Damascus,1st Armored Division,33.35,36.2961,1
2025-04,Israel,Syria-other,Syria,Rural Damascus,Al-Muqaylabiyah,33.3444,36.2071,1
2025-04,Israel,Syria-other,Syria,Rural Damascus,Ashrafiet Sahnaya,33.4363,36.2446,1
2025-04,Israel,Syria-other,Syria,Damascus,Damascus - Barzeh,33.5518,36.3148,1
2025-04,Israel,Syria-other,Syria,Hama,Hama - Airbase,35.12,36.715,1
2025-04,Israel,Syria-other,Syria,Rural Damascus,Kisweh,33.3579,36.2455,2
2025-04,Israel,Syria-other,Syria,Dara,Tall al Jabiyah,32.9199,36.0,1
2025-04,Israel,Syria-other,Syria,Dara,Tall al Jumou,32.8605,35.9977,2
2025-04,Israel,Syria-other,Syria,Dara,Tassil,32.8355,35.9718,2
2025-04,Israel,Syria-other,Syria,Homs,Tiyas - Airbase,34.5177,37.6319,1
2025-05,Israel,Lebanon,Lebanon,South,Aabbassiye,33.2983,35.2821,1
2025-05,Israel,Lebanon,Lebanon,Al Nabatieh,Aadayseh Marjayoun,33.2544,35.5424,2
2025-05,Israel,Lebanon,Lebanon,South,Aalma Ech Chaab,33.1042,35.1819,1
2025-05,Israel,Lebanon,Lebanon,Bekaa,Ain Arab,33.5769,35.8743,1
2025-05,Israel,Lebanon,Lebanon,South,Ain Baal,33.2331,35.2697,1
2025-05,Israel,Lebanon,Lebanon,Al Nabatieh,Aita ech Chaab,33.0971,35.3367,6
2025-05,Israel,Lebanon,Lebanon,Al Nabatieh,Aitaroun,33.1153,35.4714,3
2025-05,Israel,Lebanon,Lebanon,Al Nabatieh,Al Wazzani,33.2756,35.6228,3
2025-05,Israel,Lebanon,Lebanon,Al Nabatieh,As Salihani,33.1291,35.3032,1
2025-05,Israel,Lebanon,Lebanon,South,Baisariyeh,33.4444,35.3116,1
2025-05,Israel,Lebanon,Lebanon,Al Nabatieh,Beaufort Castle,33.3243,35.5322,2
2025-05,Israel,Lebanon,Lebanon,Al Nabatieh,Beit Lif,33.1328,35.3356,3
2025-05,Israel,Lebanon,Lebanon,Al Nabatieh,Beit Yahoun,33.1592,35.4225,1
2025-05,Israel,Lebanon,Lebanon,Al Nabatieh,Berghoz,33.4126,35.6244,2
2025-05,Israel,Lebanon,Lebanon,South,Berkat Jabbour,33.4735,35.6073,2
2025-05,Israel,Lebanon,Lebanon,South,Bnaafoul,33.4834,35.4212,2
2025-05,Israel,Lebanon,Lebanon,Baalbek-Hermel,Boudai,34.0611,36.0611,2
2025-05,Israel,Lebanon,Lebanon,Baalbek-Hermel,Braytal,33.9342,36.1494,1
2025-05,Israel,Lebanon,Lebanon,Al Nabatieh,Bustra,33.2866,35.6688,1
2025-05,Israel,Lebanon,Lebanon,South,Chamaa,33.1511,35.1995,2
2025-05,Israel,Lebanon,Lebanon,Al Nabatieh,Chaqra,33.1933,35.4678,1
2025-05,Israel,Lebanon,Lebanon,Al Nabatieh,Chebaa,33.3475,35.7492,7
2025-05,Israel,Lebanon,Lebanon,Baalbek-Hermel,Chmistar,33.9647,36.0175,2
2025-05,Israel,Lebanon,Lebanon,South,Coast of Ras al Naqoura,33.127,35.1293,2
2025-05,Israel,Lebanon,Lebanon,Al Nabatieh,Deir Ez Zahrani,33.4333,35.4617,1
2025-05,Israel,Lebanon,Lebanon,Al Nabatieh,Deyr Ntar,33.2178,35.3785,3
2025-05,Israel,Lebanon,Lebanon,Akkar,Douseh,34.614,36.2222,1
2025-05,Israel,Lebanon,Lebanon,South,Ed Dhayra,33.1053,35.2248,2
2025-05,Israel,Lebanon,Lebanon,Al Nabatieh,El Hamames,33.2924,35.59,1
2025-05,Israel,Lebanon,Lebanon,South,El Mansouri,33.1786,35.2061,1
2025-05,Israel,Lebanon,Lebanon,Al Nabatieh,Es Sedaneh,33.3393,35.7122,1
2025-05,Israel,Lebanon,Lebanon,South,Hanniyeh,33.1902,35.2236,1
2025-05,Israel,Lebanon,Lebanon,Al Nabatieh,Houla,33.2092,35.515,6
2025-05,Israel,Lebanon,Lebanon,Baalbek-Hermel,Jenta,33.8575,36.1075,2
2025-05,Israel,Lebanon,Lebanon,South,Jouaiya,33.2378,35.3373,1
2025-05,Israel,Lebanon,Lebanon,Al Nabatieh,Kfar Chouba,33.3278,35.6925,7
2025-05,Israel,Lebanon,Lebanon,Al Nabatieh,Kfar Fila,33.4818,35.4983,1
2025-05,Israel,Lebanon,Lebanon,Al Nabatieh,Kfar Kila,33.2772,35.5517,5
2025-05,Israel,Lebanon,Lebanon,Al Nabatieh,Kfar Roummane,33.3894,35.5017,2
2025-05,Israel,Lebanon,Lebanon,Al Nabatieh,Kfar Tebnit,33.3533,35.5128,1
2025-05,Israel,Lebanon,Lebanon,South,Khartoum,33.4072,35.3711,1
2025-05,Israel,Lebanon,Lebanon,Al Nabatieh,Khiyam,33.3278,35.6128,3
2025-05,Israel,Lebanon,Lebanon,South,Mahmoudiya,33.3868,35.5523,2
2025-05,Israel,Lebanon,Lebanon,Al Nabatieh,Majdel Selm,33.2222,35.4647,1
2025-05,Israel,Lebanon,Lebanon,South,Majdel Zoun,33.1514,35.2261,5
2025-05,Israel,Lebanon,Lebanon,Al Nabatieh,Marjayoun,33.3603,35.5911,3
2025-05,Israel,Lebanon,Lebanon,Al Nabatieh,Markaba,33.2333,35.513,5
2025-05,Israel,Lebanon,Lebanon,Al Nabatieh,Maroun er Ras,33.1038,35.4444,2
2025-05,Israel,Lebanon,Lebanon,Al Nabatieh,Mays el Jabal,33.1691,35.5234,3
2025-05,Israel,Lebanon,Lebanon,Al Nabatieh,Mhaibib,33.1544,35.5052,1
2025-05,Israel,Lebanon,Lebanon,Al Nabatieh,Nabatiyeh El Faouqa,33.3618,35.4987,2
2025-05,Israel,Lebanon,Lebanon,Al Nabatieh,Qaaqaaiyet el Jisr,33.3259,35.4234,1
2025-05,Israel,Lebanon,Lebanon,Al Nabatieh,Qabrikha,33.2489,35.4623,1
2025-05,Israel,Lebanon,Lebanon,South,Qaqaaiyet El Snoubar,33.4308,35.3444,1
2025-05,Israel,Lebanon,Lebanon,South,Qatrani,33.4402,35.6036,3
2025-05,Israel,Lebanon,Lebanon,South,Qlaileh,33.1984,35.2291,1
2025-05,Israel,Lebanon,Lebanon,Al Nabatieh,Ramieh,33.1108,35.3103,1
2025-05,Israel,Lebanon,Lebanon,South,Rihan,33.4445,35.567,2
2025-05,Israel,Lebanon,Lebanon,Al Nabatieh,Rmaysh,33.0783,35.3661,1
2025-05,Israel,Lebanon,Lebanon,Al Nabatieh,Sarbah,33.4667,35.4744,1
2025-05,Israel,Lebanon,Lebanon,South,Sejoud,33.4335,35.5338,2
2025-05,Israel,Lebanon,Lebanon,South,Shbeil,33.4256,35.6005,1
2025-05,Israel,Lebanon,Lebanon,South,Sidon,33.5599,35.3756,1
2025-05,Israel,Lebanon,Lebanon,Al Nabatieh,Srebbine,33.1542,35.3586,1
2025-05,Israel,Lebanon,Lebanon,South,Srifa,33.2817,35.3971,1
2025-05,Israel,Lebanon,Lebanon,South,Sriri,33.4339,35.6253,1
2025-05,Israel,Lebanon,Lebanon,Al Nabatieh,Tallit el Azziye,33.293,35.5419,2
2025-05,Israel,Lebanon,Lebanon,South,Tayr Harfa,33.1285,35.2192,1
2025-05,Israel,Lebanon,Lebanon,South,Tebna,33.4376,35.3407,1
2025-05,Israel,Lebanon,Lebanon,South,Teffahta,33.4381,35.3711,1
2025-05,Israel,Lebanon,Lebanon,Al Nabatieh,Toul,33.3851,35.4458,1
2025-05,Israel,Lebanon,Lebanon,Al Nabatieh,Touline,33.2477,35.4482,1
2025-05,Israel,Lebanon,Lebanon,South,Yarine,33.1064,35.2324,2
2025-05,Israel,Lebanon,Lebanon,Al Nabatieh,Yater,33.1541,35.3302,3
2025-05,Israel,Lebanon,Lebanon,Al Nabatieh,Yohmor,33.3114,35.5163,1
2025-05,Israel,Lebanon,Lebanon,South,Zebqine,33.1656,35.2669,1
2025-05,Israel,Lebanon,Lebanon,South,Zrariyeh,33.3438,35.3346,1
2025-05,Israel,Quneitra/Golan,Syria,Quneitra,Quneitra,33.1242,35.8264,1
2025-05,Israel,Syria-other,Syria,Rural Damascus,1st Armored Division,33.35,36.2961,1
2025-05,Israel,Syria-other,Syria,Damascus,Damascus - Barzeh,33.5518,36.3148,1
2025-05,Israel,Syria-other,Syria,Rural Damascus,Duma,33.5706,36.4046,1
2025-05,Israel,Syria-other,Syria,Rural Damascus,Harasta,33.5643,36.3712,1
2025-05,Israel,Syria-other,Syria,Lattakia,Jabal al-Sha'ra,35.3675,36.2081,1
2025-05,Israel,Syria-other,Syria,As Sweida,Kanaker,32.6651,36.5091,1
2025-05,Israel,Syria-other,Syria,Rural Damascus,Manin,33.6406,36.2991,1
2025-05,Israel,Syria-other,Syria,Dara,Muthbin,33.1434,36.2466,1
2025-05,Israel,Syria-other,Syria,Damascus,Qasioun Mountain,33.5365,36.2619,1
2025-05,Israel,Syria-other,Syria,Dara,Regiment 175,32.8765,36.2451,1
2025-05,Israel,Syria-other,Syria,Lattakia,Shamiya,35.6384,35.8072,1
2025-05,Israel,Syria-other,Syria,Hama,Shatheh,35.3534,36.8946,1
2025-05,Israel,Syria-other,Syria,Tartous,Western Balata,34.9455,35.9068,1
2025-05,Israel,Syria-other,Syria,Lattakia,Zama,35.3456,36.088,1
2025-06,Israel,Lebanon,Lebanon,South,Aabbassiye,33.2983,35.2821,1
2025-06,Israel,Lebanon,Lebanon,Al Nabatieh,Aadayseh Marjayoun,33.2544,35.5424,1
2025-06,Israel,Lebanon,Lebanon,South,Aaychiyeh,33.4089,35.5567,3
2025-06,Israel,Lebanon,Lebanon,Al Nabatieh,Aazze,33.4557,35.4312,1
2025-06,Israel,Lebanon,Lebanon,Bekaa,Ain Arab,33.5769,35.8743,1
2025-06,Israel,Lebanon,Lebanon,Al Nabatieh,Ain Qana,33.4719,35.5101,1
2025-06,Israel,Lebanon,Lebanon,Al Nabatieh,Aita ech Chaab,33.0971,35.3367,11
2025-06,Israel,Lebanon,Lebanon,Al Nabatieh,Aitaroun,33.1153,35.4714,5
2025-06,Israel,Lebanon,Lebanon,Mount Lebanon,Al Hadath,33.8333,35.5333,1
2025-06,Israel,Lebanon,Lebanon,Al Nabatieh,Al Wazzani,33.2756,35.6228,3
2025-06,Israel,Lebanon,Lebanon,Al Nabatieh,Ansar,33.3784,35.3537,2
2025-06,Israel,Lebanon,Lebanon,Al Nabatieh,Arnoun,33.3317,35.5264,1
2025-06,Israel,Lebanon,Lebanon,South,Baisariyeh,33.4444,35.3116,1
2025-06,Israel,Lebanon,Lebanon,Al Nabatieh,Baraachit,33.1761,35.4433,1
2025-06,Israel,Lebanon,Lebanon,South,Barish,33.274,35.3506,1
2025-06,Israel,Lebanon,Lebanon,South,Barti,33.5203,35.4837,1
2025-06,Israel,Lebanon,Lebanon,Al Nabatieh,Beit Lif,33.1328,35.3356,4
2025-06,Israel,Lebanon,Lebanon,Al Nabatieh,Berghoz,33.4126,35.6244,2
2025-06,Israel,Lebanon,Lebanon,South,Berkat Jabbour,33.4735,35.6073,1
2025-06,Israel,Lebanon,Lebanon,Al Nabatieh,Blida,33.14,35.5147,4
2025-06,Israel,Lebanon,Lebanon,Al Nabatieh,Borj Qalaouiye,33.2592,35.4227,1
2025-06,Israel,Lebanon,Lebanon,South,Bouslaiaya,33.5009,35.5129,1
2025-06,Israel,Lebanon,Lebanon,Al Nabatieh,Chaqra,33.1933,35.4678,2
2025-06,Israel,Lebanon,Lebanon,Al Nabatieh,Chebaa,33.3475,35.7492,7
2025-06,Israel,Lebanon,Lebanon,South,Coast of Ras al Naqoura,33.127,35.1293,2
2025-06,Israel,Lebanon,Lebanon,Al Nabatieh,Debl,33.12,35.367,1
2025-06,Israel,Lebanon,Lebanon,Al Nabatieh,Deir Siriane,33.292,35.5002,1
2025-06,Israel,Lebanon,Lebanon,South,Ech Chehabiye,33.2431,35.3819,1
2025-06,Israel,Lebanon,Lebanon,South,Ed Demachqiye,33.375,35.5469,2
2025-06,Israel,Lebanon,Lebanon,South,Ed Dhayra,33.1053,35.2248,2
2025-06,Israel,Lebanon,Lebanon,Al Nabatieh,El Habbariye,33.3675,35.6975,1
2025-06,Israel,Lebanon,Lebanon,South,El Mansouri,33.1786,35.2061,1
2025-06,Israel,Lebanon,Lebanon,Mount Lebanon,Haret Hreik,33.8537,35.5155,1
2025-06,Israel,Lebanon,Lebanon,Al Nabatieh,Houla,33.2092,35.515,5
2025-06,Israel,Lebanon,Lebanon,Al Nabatieh,Houmine el Faouqa,33.4413,35.4977,1
2025-06,Israel,Lebanon,Lebanon,South,Jarmaq,33.3856,35.5347,2
2025-06,Israel,Lebanon,Lebanon,Al Nabatieh,Jbaa,33.4869,35.5188,1
2025-06,Israel,Lebanon,Lebanon,Al Nabatieh,Kfar Chouba,33.3278,35.6925,1
2025-06,Israel,Lebanon,Lebanon,Al Nabatieh,Kfar Dajjal,33.3445,35.4369,1
2025-06,Israel,Lebanon,Lebanon,Al Nabatieh,Kfar Jaouz,33.3972,35.4739,1
2025-06,Israel,Lebanon,Lebanon,Al Nabatieh,Kfar Kila,33.2772,35.5517,2
2025-06,Israel,Lebanon,Lebanon,Al Nabatieh,Kfar Roummane,33.3894,35.5017,1
2025-06,Israel,Lebanon,Lebanon,Al Nabatieh,Kfar Tebnit,33.3533,35.5128,1
2025-06,Israel,Lebanon,Lebanon,South,Kfarmelki,33.5024,35.4778,1
2025-06,Israel,Lebanon,Lebanon,Al Nabatieh,Khiyam,33.3278,35.6128,2
2025-06,Israel,Lebanon,Lebanon,Al Nabatieh,Kounine,33.1487,35.433,1
2025-06,Israel,Lebanon,Lebanon,South,Mahmoudiya,33.3868,35.5523,3
2025-06,Israel,Lebanon,Lebanon,South,Mahrouna,33.2187,35.3427,1
2025-06,Israel,Lebanon,Lebanon,Al Nabatieh,Marjayoun,33.3603,35.5911,1
2025-06,Israel,Lebanon,Lebanon,Al Nabatieh,Mays el Jabal,33.1691,35.5234,2
2025-06,Israel,Lebanon,Lebanon,Al Nabatieh,Nabatiye,33.3789,35.4839,1
2025-06,Israel,Lebanon,Lebanon,Al Nabatieh,Nabatiyeh El Faouqa,33.3618,35.4987,2
2025-06,Israel,Lebanon,Lebanon,South,Nmairiyeh,33.4184,35.3929,1
2025-06,Israel,Lebanon,Lebanon,Al Nabatieh,Qabrikha,33.2489,35.4623,1
2025-06,Israel,Lebanon,Lebanon,Al Nabatieh,Qalaouiye,33.2473,35.4183,1
2025-06,Israel,Lebanon,Lebanon,Al Nabatieh,Qatmoun Valley,33.066,35.3604,1
2025-06,Israel,Lebanon,Lebanon,South,Qatrani,33.4402,35.6036,2
2025-06,Israel,Lebanon,Lebanon,Al Nabatieh,Ramieh,33.1108,35.3103,4
2025-06,Israel,Lebanon,Lebanon,South,Ras al Naqoura,33.1181,35.1397,4
2025-06,Israel,Lebanon,Lebanon,South,Rihan,33.4445,35.567,2
2025-06,Israel,Lebanon,Lebanon,Al Nabatieh,Rmaysh,33.0783,35.3661,1
2025-06,Israel,Lebanon,Lebanon,South,Sejoud,33.4335,35.5338,1
2025-06,Israel,Lebanon,Lebanon,South,Sriri,33.4339,35.6253,3
2025-06,Israel,Lebanon,Lebanon,South,Taoumat Niha,33.5169,35.5741,2
2025-06,Israel,Lebanon,Lebanon,Al Nabatieh,Taybeh,33.2755,35.5179,2
2025-06,Israel,Lebanon,Lebanon,South,Tebna,33.4376,35.3407,2
2025-06,Israel,Lebanon,Lebanon,South,Wardiyeh,33.405,35.5936,1
2025-06,Israel,Lebanon,Lebanon,Al Nabatieh,Yaroun,33.0803,35.4225,2
2025-06,Israel,Lebanon,Lebanon,Al Nabatieh,Zefta,33.4463,35.3944,1
2025-06,Israel,Lebanon,Lebanon,South,Zrariyeh,33.3438,35.3346,2
2025-06,Israel,Quneitra/Golan,Syria,Quneitra,Breiqa,33.0425,35.8704,1
2025-06,Israel,Quneitra/Golan,Syria,Quneitra,Rafid,32.9564,35.9014,1
2025-06,Israel,Quneitra/Golan,Syria,Quneitra,Rweheineh,33.0862,35.8726,1
2025-06,Israel,Quneitra/Golan,Syria,Quneitra,Tall al Shaar,33.1756,35.9414,1
2025-06,Israel,Quneitra/Golan,Syria,Quneitra,Undof Camp Faoar,33.2367,35.9203,1
2025-06,Israel,Syria-other,Syria,Dara,Abdin,32.7799,35.8246,1
2025-06,Israel,Syria-other,Syria,Dara,Eastern Bekar,32.8737,35.9279,1
2025-06,Israel,Syria-other,Syria,Dara,Izra',32.8677,36.2542,1
2025-06,Israel,Syria-other,Syria,Rural Damascus,Kanaker,33.2671,36.0986,1
2025-06,Israel,Syria-other,Syria,Dara,Koya,32.7463,35.8069,1
2025-06,Israel,Syria-other,Syria,Dara,Maariya,32.7647,35.8006,1
2025-06,Israel,Syria-other,Syria,Rural Damascus,Mazraet Beit Jin,33.3087,35.9213,1
2025-06,Israel,Syria-other,Syria,Dara,Nafeaa,32.8096,35.894,1
2025-06,Israel,Syria-other,Syria,Dara,Namar,33.0229,36.0266,1
2025-06,Israel,Syria-other,Syria,Hama,Rabiah,35.0971,36.6116,1
2025-06,Israel,Syria-other,Syria,Dara,Regiment 175,32.8765,36.2451,1
2025-06,Israel,Syria-other,Syria,Rural Damascus,Sa'sa',33.2795,36.0165,1
2025-06,Israel,Syria-other,Syria,Dara,Sahm El Golan,32.7826,35.9354,1
2025-06,Israel,Syria-other,Syria,Dara,Sahm El Golan Dam,32.8128,35.92,1
2025-06,Israel,Syria-other,Syria,Dara,Tal al-Mal,33.1307,35.9888,1
2025-07,Israel,Lebanon,Lebanon,Al Nabatieh,Aadayseh Marjayoun,33.2544,35.5424,1
2025-07,Israel,Lebanon,Lebanon,South,Aalma Ech Chaab,33.1042,35.1819,3
2025-07,Israel,Lebanon,Lebanon,South,Aaychiyeh,33.4089,35.5567,2
2025-07,Israel,Lebanon,Lebanon,Bekaa,Ain Arab,33.5769,35.8743,1
2025-07,Israel,Lebanon,Lebanon,Al Nabatieh,Aita ech Chaab,33.0971,35.3367,9
2025-07,Israel,Lebanon,Lebanon,Al Nabatieh,Aitaroun,33.1153,35.4714,4
2025-07,Israel,Lebanon,Lebanon,Baalbek-Hermel,Al Nabi Sheet,33.8731,36.1117,1
2025-07,Israel,Lebanon,Lebanon,Al Nabatieh,Al Wazzani,33.2756,35.6228,5
2025-07,Israel,Lebanon,Lebanon,South,Al-Matariyyah,33.3395,35.2797,1
2025-07,Israel,Lebanon,Lebanon,South,Arzai,33.3331,35.2986,1
2025-07,Israel,Lebanon,Lebanon,Al Nabatieh,At Tiri,33.1403,35.4029,1
2025-07,Israel,Lebanon,Lebanon,North,Ayrouniyeh,34.4344,35.8767,1
2025-07,Israel,Lebanon,Lebanon,Al Nabatieh,Baraachit,33.1761,35.4433,1
2025-07,Israel,Lebanon,Lebanon,Al Nabatieh,Beit Lif,33.1328,35.3356,2
2025-07,Israel,Lebanon,Lebanon,Al Nabatieh,Bent Jbeil,33.1194,35.4333,2
2025-07,Israel,Lebanon,Lebanon,Al Nabatieh,Berghoz,33.4126,35.6244,3
2025-07,Israel,Lebanon,Lebanon,South,Berkat Jabbour,33.4735,35.6073,1
2025-07,Israel,Lebanon,Lebanon,Al Nabatieh,Blat,33.3863,35.6003,1
2025-07,Israel,Lebanon,Lebanon,Al Nabatieh,Blida,33.14,35.5147,1
2025-07,Israel,Lebanon,Lebanon,Baalbek-Hermel,Boudai,34.0611,36.0611,2
2025-07,Israel,Lebanon,Lebanon,South,Bouslaiaya,33.5009,35.5129,1
2025-07,Israel,Lebanon,Lebanon,South,Boustane,33.1045,35.2573,1
2025-07,Israel,Lebanon,Lebanon,Baalbek-Hermel,Braytal,33.9342,36.1494,2
2025-07,Israel,Lebanon,Lebanon,South,Btaichiye,33.1073,35.2086,1
2025-07,Israel,Lebanon,Lebanon,South,Burj Rahhal,33.3109,35.2798,1
2025-07,Israel,Lebanon,Lebanon,Al Nabatieh,Chaqra,33.1933,35.4678,1
2025-07,Israel,Lebanon,Lebanon,Al Nabatieh,Chebaa,33.3475,35.7492,7
2025-07,Israel,Lebanon,Lebanon,South,Chihhine,33.1265,35.256,1
2025-07,Israel,Lebanon,Lebanon,Baalbek-Hermel,Chmistar,33.9647,36.0175,1
2025-07,Israel,Lebanon,Lebanon,South,Coast of Ras al Naqoura,33.127,35.1293,2
2025-07,Israel,Lebanon,Lebanon,South,Dayr Qanun An Nahr,33.2992,35.3112,1
2025-07,Israel,Lebanon,Lebanon,South,Debaal,33.2494,35.3493,1
2025-07,Israel,Lebanon,Lebanon,Al Nabatieh,Deir Ez Zahrani,33.4333,35.4617,1
2025-07,Israel,Lebanon,Lebanon,South,Deir Kifa,33.2572,35.3986,1
2025-07,Israel,Lebanon,Lebanon,South,Deir Qanoun El Ain,33.2222,35.2434,1
2025-07,Israel,Lebanon,Lebanon,Al Nabatieh,Deir Siriane,33.292,35.5002,1
2025-07,Israel,Lebanon,Lebanon,South,Ed Demachqiye,33.375,35.5469,1
2025-07,Israel,Lebanon,Lebanon,South,Ed Dhayra,33.1053,35.2248,3
2025-07,Israel,Lebanon,Lebanon,South,El Babliye,33.4211,35.3428,1
2025-07,Israel,Lebanon,Lebanon,South,El Mansouri,33.1786,35.2061,1
2025-07,Israel,Lebanon,Lebanon,Al Nabatieh,Es Sedaneh,33.3393,35.7122,1
2025-07,Israel,Lebanon,Lebanon,Baalbek-Hermel,Flawiye,34.0473,36.0917,1
2025-07,Israel,Lebanon,Lebanon,South,Hamoul,33.1232,35.1657,1
2025-07,Israel,Lebanon,Lebanon,Al Nabatieh,Harouf,33.3747,35.4419,1
2025-07,Israel,Lebanon,Lebanon,Baalbek-Hermel,Hortaala,33.9181,36.1414,1
2025-07,Israel,Lebanon,Lebanon,Al Nabatieh,Houla,33.2092,35.515,1
2025-07,Israel,Lebanon,Lebanon,South,Jabal Blat,33.1148,35.2908,1
2025-07,Israel,Lebanon,Lebanon,Al Nabatieh,Jabal Safi,33.4834,35.5404,1
2025-07,Israel,Lebanon,Lebanon,South,Jarmaq,33.3856,35.5347,4
2025-07,Israel,Lebanon,Lebanon,Baalbek-Hermel,Jenta,33.8575,36.1075,2
2025-07,Israel,Lebanon,Lebanon,Al Nabatieh,Kfar Chouba,33.3278,35.6925,5
2025-07,Israel,Lebanon,Lebanon,Al Nabatieh,Kfar Kila,33.2772,35.5517,5
2025-07,Israel,Lebanon,Lebanon,South,Kfarmelki,33.5024,35.4778,1
2025-07,Israel,Lebanon,Lebanon,Mount Lebanon,Khaldah,33.7872,35.4807,1
2025-07,Israel,Lebanon,Lebanon,Al Nabatieh,Khiyam,33.3278,35.6128,6
2025-07,Israel,Lebanon,Lebanon,Baalbek-Hermel,Khraibeh,33.8723,36.1632,1
2025-07,Israel,Lebanon,Lebanon,South,Mahmoudiya,33.3868,35.5523,3
2025-07,Israel,Lebanon,Lebanon,Al Nabatieh,Marjayoun,33.3603,35.5911,2
2025-07,Israel,Lebanon,Lebanon,Al Nabatieh,Markaba,33.2333,35.513,1
2025-07,Israel,Lebanon,Lebanon,Al Nabatieh,Maroun er Ras,33.1038,35.4444,2
2025-07,Israel,Lebanon,Lebanon,Baalbek-Hermel,Masnaa el Dahr,34.0093,36.0037,1
2025-07,Israel,Lebanon,Lebanon,Bekaa,Massa,33.8515,36.0679,1
2025-07,Israel,Lebanon,Lebanon,Al Nabatieh,Mays el Jabal,33.1691,35.5234,3
2025-07,Israel,Lebanon,Lebanon,Bekaa,Meidoun,33.4694,35.6408,1
2025-07,Israel,Lebanon,Lebanon,Baalbek-Hermel,Nasriyeh,34.4471,36.4199,1
2025-07,Israel,Lebanon,Lebanon,South,Nmairiyeh,33.4184,35.3929,1
2025-07,Israel,Lebanon,Lebanon,Al Nabatieh,Qabrikha,33.2489,35.4623,1
2025-07,Israel,Lebanon,Lebanon,Al Nabatieh,Qlayaa,33.3347,35.5709,1
2025-07,Israel,Lebanon,Lebanon,Baalbek-Hermel,Qsarnaba,33.9045,36.0018,1
2025-07,Israel,Lebanon,Lebanon,Al Nabatieh,Ramieh,33.1108,35.3103,2
2025-07,Israel,Lebanon,Lebanon,South,Ras al Naqoura,33.1181,35.1397,2
2025-07,Israel,Lebanon,Lebanon,South,Rihan,33.4445,35.567,2
2025-07,Israel,Lebanon,Lebanon,Al Nabatieh,Sarbah,33.4667,35.4744,1
2025-07,Israel,Lebanon,Lebanon,South,Sejoud,33.4335,35.5338,1
2025-07,Israel,Lebanon,Lebanon,South,Sriri,33.4339,35.6253,1
2025-07,Israel,Lebanon,Lebanon,Baalbek-Hermel,Taraiyya,33.9871,36.0089,1
2025-07,Israel,Lebanon,Lebanon,South,Tebna,33.4376,35.3407,1
2025-07,Israel,Lebanon,Lebanon,Al Nabatieh,Tebnine,33.194,35.4097,1
2025-07,Israel,Lebanon,Lebanon,South,Touairi,33.2736,35.4229,1
2025-07,Israel,Lebanon,Lebanon,Al Nabatieh,Toul,33.3851,35.4458,1
2025-07,Israel,Lebanon,Lebanon,Baalbek-Hermel,Wadi Faara,34.278,36.2791,1
2025-07,Israel,Lebanon,Lebanon,South,Wardiyeh,33.405,35.5936,2
2025-07,Israel,Lebanon,Lebanon,Baalbek-Hermel,Yahfoufa,33.8583,36.123,1
2025-07,Israel,Lebanon,Lebanon,Al Nabatieh,Yaroun,33.0803,35.4225,1
2025-07,Israel,Lebanon,Lebanon,Al Nabatieh,Yater,33.1541,35.3302,2
2025-07,Israel,Lebanon,Lebanon,Al Nabatieh,Yohmor,33.3114,35.5163,3
2025-07,Israel,Lebanon,Lebanon,South,Zaghrine Valley,33.4355,35.5258,1
2025-07,Israel,Lebanon,Lebanon,Al Nabatieh,Zaoutar ech Charqiye,33.3197,35.4725,1
2025-07,Israel,Lebanon,Lebanon,Bekaa,Zillaya,33.4587,35.6707,1
2025-07,Israel,Lebanon,Lebanon,South,Zrariyeh,33.3438,35.3346,2
2025-07,Israel,Quneitra/Golan,Syria,Quneitra,Hadar,33.279,35.8313,1
2025-07,Israel,Syria-other,Syria,Rural Damascus,100th Regiment,33.4077,36.1898,1
2025-07,Israel,Syria-other,Syria,Dara,12th Armored Brigade,32.8463,36.2572,1
2025-07,Israel,Syria-other,Syria,Rural Damascus,4th Armored Division,33.5062,36.1957,1
2025-07,Israel,Syria-other,Syria,Dara,52nd Armored Brigade,32.7357,36.3302,1
2025-07,Israel,Syria-other,Syria,As Sweida,Al Thaalah Military Air Base,32.7044,36.4143,1
2025-07,Israel,Syria-other,Syria,As Sweida,Al-Thaala,32.7119,36.4479,1
2025-07,Israel,Syria-other,Syria,As Sweida,As-Sweida - Unspecified,32.7068,36.568,2
2025-07,Israel,Syria-other,Syria,Rural Damascus,Az-Zabdani,33.7252,36.1024,1
2025-07,Israel,Syria-other,Syria,Dara,Bisr Elharir,32.8389,36.3404,1
2025-07,Israel,Syria-other,Syria,Dara,Busra Esh-Sham,32.5146,36.4779,1
2025-07,Israel,Syria-other,Syria,As Sweida,Dama,32.9501,36.4311,1
2025-07,Israel,Syria-other,Syria,Damascus,Damascus - Al-Muhajirin,33.5215,36.2786,1
2025-07,Israel,Syria-other,Syria,Damascus,Damascus - Umayyad Square,33.5138,36.2765,1
2025-07,Israel,Syria-other,Syria,Dara,Dar'a - Unspecified,32.6241,36.1049,2
2025-07,Israel,Syria-other,Syria,As Sweida,Dor,32.8059,36.4067,1
2025-07,Israel,Syria-other,Syria,Dara,Ghabagheb,33.1829,36.2272,1
2025-07,Israel,Syria-other,Syria,Dara,Izra',32.8677,36.2542,1
2025-07,Israel,Syria-other,Syria,Dara,Jbab,33.1102,36.2664,1
2025-07,Israel,Syria-other,Syria,Rural Damascus,Kisweh,33.3579,36.2455,1
2025-07,Israel,Syria-other,Syria,As Sweida,Mazra'a,32.782,36.48,1
2025-07,Israel,Syria-other,Syria,As Sweida,Mjeimer,32.5948,36.5337,1
2025-07,Israel,Syria-other,Syria,Dara,Muthbin,33.1434,36.2466,1
2025-07,Israel,Syria-other,Syria,As Sweida,Najran,32.8466,36.446,1
2025-07,Israel,Syria-other,Syria,Rural Damascus,Qatana,33.4387,36.0813,1
2025-07,Israel,Syria-other,Syria,Dara,Regiment 175,32.8765,36.2451,1
2025-07,Israel,Syria-other,Syria,As Sweida,Shahba,32.8545,36.627,1
2025-07,Israel,Syria-other,Syria,As Sweida,Sweimreh,32.9285,36.6008,1
2025-07,Israel,Syria-other,Syria,As Sweida,Walgha,32.7485,36.5239,1
2025-07,Israel,Syria-other,Syria,Lattakia,Zama,35.3456,36.088,2
2025-08,Israel,Lebanon,Lebanon,Al Nabatieh,Aabba,33.3617,35.4026,1
2025-08,Israel,Lebanon,Lebanon,Al Nabatieh,Aadchit,33.3477,35.4183,1
2025-08,Israel,Lebanon,Lebanon,South,Aadloun,33.4061,35.2741,1
2025-08,Israel,Lebanon,Lebanon,South,Aaychiyeh,33.4089,35.5567,2
2025-08,Israel,Lebanon,Lebanon,South,Ain Baal,33.2331,35.2697,1
2025-08,Israel,Lebanon,Lebanon,Al Nabatieh,Ainata,33.1297,35.4409,2
2025-08,Israel,Lebanon,Lebanon,Al Nabatieh,Aita ech Chaab,33.0971,35.3367,4
2025-08,Israel,Lebanon,Lebanon,Al Nabatieh,Aitaroun,33.1153,35.4714,5
2025-08,Israel,Lebanon,Lebanon,Al Nabatieh,Al Wazzani,33.2756,35.6228,1
2025-08,Israel,Lebanon,Lebanon,Al Nabatieh,Ansar,33.3784,35.3537,3
2025-08,Israel,Lebanon,Lebanon,Al Nabatieh,Beit Lif,33.1328,35.3356,1
2025-08,Israel,Lebanon,Lebanon,Al Nabatieh,Berghoz,33.4126,35.6244,2
2025-08,Israel,Lebanon,Lebanon,South,Berkat Jabbour,33.4735,35.6073,2
2025-08,Israel,Lebanon,Lebanon,Al Nabatieh,Blida,33.14,35.5147,2
2025-08,Israel,Lebanon,Lebanon,Baalbek-Hermel,Braytal,33.9342,36.1494,1
2025-08,Israel,Lebanon,Lebanon,Al Nabatieh,Chebaa,33.3475,35.7492,6
2025-08,Israel,Lebanon,Lebanon,South,Chihhine,33.1265,35.256,1
2025-08,Israel,Lebanon,Lebanon,South,Coast of Ras al Naqoura,33.127,35.1293,2
2025-08,Israel,Lebanon,Lebanon,South,Dayr Qanun An Nahr,33.2992,35.3112,1
2025-08,Israel,Lebanon,Lebanon,Al Nabatieh,Deir Ez Zahrani,33.4333,35.4617,1
2025-08,Israel,Lebanon,Lebanon,South,Deir Kifa,33.2572,35.3986,1
2025-08,Israel,Lebanon,Lebanon,Al Nabatieh,Deir Siriane,33.292,35.5002,3
2025-08,Israel,Lebanon,Lebanon,Bekaa,Deir Zenoun,33.7569,35.9117,1
2025-08,Israel,Lebanon,Lebanon,Al Nabatieh,Es Sedaneh,33.3393,35.7122,1
2025-08,Israel,Lebanon,Lebanon,South,Hamoul,33.1232,35.1657,1
2025-08,Israel,Lebanon,Lebanon,Al Nabatieh,Haris,33.1803,35.377,1
2025-08,Israel,Lebanon,Lebanon,South,Hosh,33.2434,35.2384,1
2025-08,Israel,Lebanon,Lebanon,Al Nabatieh,Houla,33.2092,35.515,1
2025-08,Israel,Lebanon,Lebanon,South,Jarmaq,33.3856,35.5347,2
2025-08,Israel,Lebanon,Lebanon,Al Nabatieh,Jbaa,33.4869,35.5188,2
2025-08,Israel,Lebanon,Lebanon,South,Jebbayn,33.1235,35.2358,1
2025-08,Israel,Lebanon,Lebanon,Al Nabatieh,Kfar Chouba,33.3278,35.6925,7
2025-08,Israel,Lebanon,Lebanon,Baalbek-Hermel,Kfar Dan,34.0127,36.037,1
2025-08,Israel,Lebanon,Lebanon,Al Nabatieh,Kfar Kila,33.2772,35.5517,8
2025-08,Israel,Lebanon,Lebanon,Al Nabatieh,Kfar Tebnit,33.3533,35.5128,2
2025-08,Israel,Lebanon,Lebanon,Al Nabatieh,Khiyam,33.3278,35.6128,3
2025-08,Israel,Lebanon,Lebanon,Al Nabatieh,Kounine,33.1487,35.433,1
2025-08,Israel,Lebanon,Lebanon,South,Mahmoudiya,33.3868,35.5523,3
2025-08,Israel,Lebanon,Lebanon,Al Nabatieh,Markaba,33.2333,35.513,1
2025-08,Israel,Lebanon,Lebanon,Al Nabatieh,Maroun er Ras,33.1038,35.4444,1
2025-08,Israel,Lebanon,Lebanon,Al Nabatieh,Mayfadoun,33.3472,35.4764,3
2025-08,Israel,Lebanon,Lebanon,Al Nabatieh,Nabatiyeh El Faouqa,33.3618,35.4987,3
2025-08,Israel,Lebanon,Lebanon,Al Nabatieh,Nmairiyeh,33.425,35.4016,1
2025-08,Israel,Lebanon,Lebanon,Al Nabatieh,Qantara,33.2716,35.4649,1
2025-08,Israel,Lebanon,Lebanon,Al Nabatieh,Qatmoun Valley,33.066,35.3604,1
2025-08,Israel,Lebanon,Lebanon,South,Qatrani,33.4402,35.6036,1
2025-08,Israel,Lebanon,Lebanon,Al Nabatieh,Ramieh,33.1108,35.3103,6
2025-08,Israel,Lebanon,Lebanon,South,Ras al Naqoura,33.1181,35.1397,1
2025-08,Israel,Lebanon,Lebanon,South,Rihan,33.4445,35.567,1
2025-08,Israel,Lebanon,Lebanon,Al Nabatieh,Rmaysh,33.0783,35.3661,2
2025-08,Israel,Lebanon,Lebanon,South,Sinai,33.3821,35.3675,1
2025-08,Israel,Lebanon,Lebanon,Al Nabatieh,Sir el Gharbiye,33.3204,35.3632,1
2025-08,Israel,Lebanon,Lebanon,Al Nabatieh,Srebbine,33.1542,35.3586,1
2025-08,Israel,Lebanon,Lebanon,Al Nabatieh,Tebnine,33.194,35.4097,1
2025-08,Israel,Lebanon,Lebanon,South,Teffahta,33.4381,35.3711,1
2025-08,Israel,Lebanon,Lebanon,Al Nabatieh,Touline,33.2477,35.4482,1
2025-08,Israel,Lebanon,Lebanon,Al Nabatieh,Yaroun,33.0803,35.4225,6
2025-08,Israel,Lebanon,Lebanon,Al Nabatieh,Yohmor,33.3114,35.5163,1
2025-08,Israel,Lebanon,Lebanon,South,Zaghrine Valley,33.4355,35.5258,1
2025-08,Israel,Lebanon,Lebanon,South,Zebqine,33.1656,35.2669,1
2025-08,Israel,Lebanon,Lebanon,Bekaa,Zillaya,33.4587,35.6707,1
2025-08,Israel,Lebanon,Lebanon,South,Zrariyeh,33.3438,35.3346,2
2025-08,Israel,Quneitra/Golan,Syria,Quneitra,Al Salam,33.1709,35.8706,1
2025-08,Israel,Quneitra/Golan,Syria,Quneitra,Rweheineh,33.0862,35.8726,1
2025-08,Israel,Quneitra/Golan,Syria,Quneitra,Tarnaja,33.2329,35.8445,1
2025-08,Israel,Syria-other,Syria,Rural Damascus,10th Armored Division,33.4846,36.1598,1
2025-08,Israel,Syria-other,Syria,Rural Damascus,Al-Harjala,33.3722,36.3125,1
2025-08,Israel,Syria-other,Syria,Rural Damascus,Jabal Al Mani,33.3503,36.478,2
2025-08,Israel,Syria-other,Syria,Rural Damascus,Kisweh,33.3579,36.2455,1
2025-08,Israel,Syria-other,Syria,Hama,Ma'damiyah,34.9964,37.5165,1
2025-08,Israel,Syria-other,Syria,Lattakia,Zama,35.3456,36.088,1
2025-09,Israel,Lebanon,Lebanon,Al Nabatieh,Aayta Ej Jabal,33.1748,35.4044,1
2025-09,Israel,Lebanon,Lebanon,South,Ain Baal,33.2331,35.2697,1
2025-09,Israel,Lebanon,Lebanon,Al Nabatieh,Aita ech Chaab,33.0971,35.3367,3
2025-09,Israel,Lebanon,Lebanon,Al Nabatieh,Aitaroun,33.1153,35.4714,4
2025-09,Israel,Lebanon,Lebanon,Baalbek-Hermel,Al Hermel,34.3972,36.3874,1
2025-09,Israel,Lebanon,Lebanon,Al Nabatieh,Al Wazzani,33.2756,35.6228,1
2025-09,Israel,Lebanon,Lebanon,Al Nabatieh,Ansar,33.3784,35.3537,1
2025-09,Israel,Lebanon,Lebanon,South,Ansariyeh,33.4128,35.2792,1
2025-09,Israel,Lebanon,Lebanon,Al Nabatieh,Bani Haiyan,33.2431,35.489,1
2025-09,Israel,Lebanon,Lebanon,Al Nabatieh,Borj Qalaouiye,33.2592,35.4227,1
2025-09,Israel,Lebanon,Lebanon,Al Nabatieh,Bustra,33.2866,35.6688,1
2025-09,Israel,Lebanon,Lebanon,Al Nabatieh,Chebaa,33.3475,35.7492,6
2025-09,Israel,Lebanon,Lebanon,South,Coast of Ras al Naqoura,33.127,35.1293,2
2025-09,Israel,Lebanon,Lebanon,South,Ed Dhayra,33.1053,35.2248,3
2025-09,Israel,Lebanon,Lebanon,South,El Kharayeb,33.2428,35.3398,1
2025-09,Israel,Lebanon,Lebanon,Baalbek-Hermel,El Qasr,34.4805,36.4402,1
2025-09,Israel,Lebanon,Lebanon,Al Nabatieh,Es Sedaneh,33.3393,35.7122,1
2025-09,Israel,Lebanon,Lebanon,South,Ez Zahrani,33.4973,35.3401,1
2025-09,Israel,Lebanon,Lebanon,Baalbek-Hermel,Harabta,34.2081,36.2663,1
2025-09,Israel,Lebanon,Lebanon,Baalbek-Hermel,Hlabta,34.2557,36.288,1
2025-09,Israel,Lebanon,Lebanon,Al Nabatieh,Houla,33.2092,35.515,3
2025-09,Israel,Lebanon,Lebanon,South,Jebbayn,33.1235,35.2358,1
2025-09,Israel,Lebanon,Lebanon,Baalbek-Hermel,Jenta,33.8575,36.1075,2
2025-09,Israel,Lebanon,Lebanon,Mount Lebanon,Jiyeh,33.6701,35.4253,1
2025-09,Israel,Lebanon,Lebanon,Al Nabatieh,Kfar Chouba,33.3278,35.6925,3
2025-09,Israel,Lebanon,Lebanon,Al Nabatieh,Kfar Dounin,33.2393,35.3927,1
2025-09,Israel,Lebanon,Lebanon,Al Nabatieh,Kfar Kila,33.2772,35.5517,1
2025-09,Israel,Lebanon,Lebanon,Al Nabatieh,Khiyam,33.3278,35.6128,3
2025-09,Israel,Lebanon,Lebanon,Baalbek-Hermel,Khraibeh,33.8723,36.1632,1
2025-09,Israel,Lebanon,Lebanon,Baalbek-Hermel,Laboue,34.1953,36.3561,1
2025-09,Israel,Lebanon,Lebanon,South,Maaliyeh,33.2037,35.2416,1
2025-09,Israel,Lebanon,Lebanon,Al Nabatieh,Marjayoun,33.3603,35.5911,1
2025-09,Israel,Lebanon,Lebanon,Al Nabatieh,Markaba,33.2333,35.513,3
2025-09,Israel,Lebanon,Lebanon,South,Marwahin,33.1086,35.2754,1
2025-09,Israel,Lebanon,Lebanon,Al Nabatieh,Mays el Jabal,33.1691,35.5234,3
2025-09,Israel,Lebanon,Lebanon,South,Mazraat Kaoutariyet Er Riz,33.3712,35.3,1
2025-09,Israel,Lebanon,Lebanon,Bekaa,Qusaya,33.8122,36.025,1
2025-09,Israel,Lebanon,Lebanon,Al Nabatieh,Rab el Thalathine,33.2482,35.5194,1
2025-09,Israel,Lebanon,Lebanon,South,Ras al Naqoura,33.1181,35.1397,1
2025-09,Israel,Lebanon,Lebanon,Al Nabatieh,Rmaysh,33.0783,35.3661,1
2025-09,Israel,Lebanon,Lebanon,Baalbek-Hermel,Sharbine,34.4583,36.3595,1
2025-09,Israel,Lebanon,Lebanon,Al Nabatieh,Taybeh,33.2755,35.5179,2
2025-09,Israel,Lebanon,Lebanon,Al Nabatieh,Yaroun,33.0803,35.4225,2
2025-09,Israel,Lebanon,Lebanon,Al Nabatieh,Yater,33.1541,35.3302,1
2025-09,Israel,Lebanon,Lebanon,Baalbek-Hermel,Zabboud,34.2414,36.319,1
2025-09,Israel,Lebanon,Lebanon,Baalbek-Hermel,Zighrine Et Tahta,34.4263,36.3611,1
2025-09,Israel,Lebanon,Lebanon,South,Zrariyeh,33.3438,35.3346,2
2025-09,Israel,Quneitra/Golan,Syria,Quneitra,Breiqa,33.0425,35.8704,1
2025-09,Israel,Quneitra/Golan,Syria,Quneitra,Rafid,32.9564,35.9014,1
2025-09,Israel,Syria-other,Syria,Homs,Homs - Oras,34.6907,36.7461,1
2025-09,Israel,Syria-other,Syria,Homs,Shinshar,34.6043,36.7214,1
2025-09,Israel,Syria-other,Syria,Lattakia,Squbin,35.5577,35.8235,1
2025-09,Israel,Syria-other,Syria,Homs,Tadmor,34.5656,38.2877,1
