event_date,actor_origin,scope,events
2023-10-08,Israel,CNN,9
2023-10-08,Israel,Ampliat,10
2023-10-08,Hezbollah,CNN,0
2023-10-08,Hezbollah,Ampliat,3
2023-10-09,Israel,CNN,12
2023-10-09,Israel,Ampliat,12
2023-10-09,Hezbollah,CNN,3
2023-10-09,Hezbollah,Ampliat,3
2023-10-10,Israel,CNN,20
2023-10-10,Israel,Ampliat,23
2023-10-10,Hezbollah,CNN,1
2023-10-10,Hezbollah,Ampliat,1
2023-10-11,Israel,CNN,8
2023-10-11,Israel,Ampliat,8
2023-10-11,Hezbollah,CNN,1
2023-10-11,Hezbollah,Ampliat,1
2023-10-12,Israel,CNN,1
2023-10-12,Israel,Ampliat,3
2023-10-12,Hezbollah,CNN,0
2023-10-12,Hezbollah,Ampliat,0
2023-10-13,Israel,CNN,8
2023-10-13,Israel,Ampliat,8
2023-10-13,Hezbollah,CNN,4
2023-10-13,Hezbollah,Ampliat,4
2023-10-14,Israel,CNN,11
2023-10-14,Israel,Ampliat,15
2023-10-14,Hezbollah,CNN,0
2023-10-14,Hezbollah,Ampliat,6
2023-10-15,Israel,CNN,15
2023-10-15,Israel,Ampliat,15
2023-10-15,Hezbollah,CNN,11
2023-10-15,Hezbollah,Ampliat,12
2023-10-16,Israel,CNN,9
2023-10-16,Israel,Ampliat,10
2023-10-16,Hezbollah,CNN,6
2023-10-16,Hezbollah,Ampliat,6
2023-10-17,Israel,CNN,23
2023-10-17,Israel,Ampliat,23
2023-10-17,Hezbollah,CNN,10
2023-10-17,Hezbollah,Ampliat,10
2023-10-18,Israel,CNN,20
2023-10-18,Israel,Ampliat,22
2023-10-18,Hezbollah,CNN,10
2023-10-18,Hezbollah,Ampliat,10
2023-10-19,Israel,CNN,15
2023-10-19,Israel,Ampliat,15
2023-10-19,Hezbollah,CNN,7
2023-10-19,Hezbollah,Ampliat,7
2023-10-20,Israel,CNN,23
2023-10-20,Israel,Ampliat,23
2023-10-20,Hezbollah,CNN,10
2023-10-20,Hezbollah,Ampliat,15
2023-10-21,Israel,CNN,25
2023-10-21,Israel,Ampliat,26
2023-10-21,Hezbollah,CNN,5
2023-10-21,Hezbollah,Ampliat,6
2023-10-22,Israel,CNN,23
2023-10-22,Israel,Ampliat,26
2023-10-22,Hezbollah,CNN,5
2023-10-22,Hezbollah,Ampliat,6
2023-10-23,Israel,CNN,15
2023-10-23,Israel,Ampliat,15
2023-10-23,Hezbollah,CNN,1
2023-10-23,Hezbollah,Ampliat,1
2023-10-24,Israel,CNN,17
2023-10-24,Israel,Ampliat,18
2023-10-24,Hezbollah,CNN,4
2023-10-24,Hezbollah,Ampliat,4
2023-10-25,Israel,CNN,17
2023-10-25,Israel,Ampliat,21
2023-10-25,Hezbollah,CNN,4
2023-10-25,Hezbollah,Ampliat,4
2023-10-26,Israel,CNN,6
2023-10-26,Israel,Ampliat,6
2023-10-26,Hezbollah,CNN,0
2023-10-26,Hezbollah,Ampliat,0
2023-10-27,Israel,CNN,15
2023-10-27,Israel,Ampliat,15
2023-10-27,Hezbollah,CNN,2
2023-10-27,Hezbollah,Ampliat,5
2023-10-28,Israel,CNN,21
2023-10-28,Israel,Ampliat,21
2023-10-28,Hezbollah,CNN,9
2023-10-28,Hezbollah,Ampliat,9
2023-10-29,Israel,CNN,37
2023-10-29,Israel,Ampliat,40
2023-10-29,Hezbollah,CNN,9
2023-10-29,Hezbollah,Ampliat,10
2023-10-30,Israel,CNN,27
2023-10-30,Israel,Ampliat,28
2023-10-30,Hezbollah,CNN,7
2023-10-30,Hezbollah,Ampliat,7
2023-10-31,Israel,CNN,15
2023-10-31,Israel,Ampliat,15
2023-10-31,Hezbollah,CNN,5
2023-10-31,Hezbollah,Ampliat,5
2023-11-01,Israel,CNN,10
2023-11-01,Israel,Ampliat,10
2023-11-01,Hezbollah,CNN,5
2023-11-01,Hezbollah,Ampliat,5
2023-11-02,Israel,CNN,35
2023-11-02,Israel,Ampliat,35
2023-11-02,Hezbollah,CNN,12
2023-11-02,Hezbollah,Ampliat,13
2023-11-03,Israel,CNN,14
2023-11-03,Israel,Ampliat,14
2023-11-03,Hezbollah,CNN,1
2023-11-03,Hezbollah,Ampliat,1
2023-11-04,Israel,CNN,36
2023-11-04,Israel,Ampliat,36
2023-11-04,Hezbollah,CNN,8
2023-11-04,Hezbollah,Ampliat,8
2023-11-05,Israel,CNN,13
2023-11-05,Israel,Ampliat,13
2023-11-05,Hezbollah,CNN,7
2023-11-05,Hezbollah,Ampliat,7
2023-11-06,Israel,CNN,16
2023-11-06,Israel,Ampliat,16
2023-11-06,Hezbollah,CNN,3
2023-11-06,Hezbollah,Ampliat,3
2023-11-07,Israel,CNN,16
2023-11-07,Israel,Ampliat,16
2023-11-07,Hezbollah,CNN,2
2023-11-07,Hezbollah,Ampliat,2
2023-11-08,Israel,CNN,23
2023-11-08,Israel,Ampliat,27
2023-11-08,Hezbollah,CNN,2
2023-11-08,Hezbollah,Ampliat,2
2023-11-09,Israel,CNN,36
2023-11-09,Israel,Ampliat,36
2023-11-09,Hezbollah,CNN,3
2023-11-09,Hezbollah,Ampliat,3
2023-11-10,Israel,CNN,24
2023-11-10,Israel,Ampliat,25
2023-11-10,Hezbollah,CNN,6
2023-11-10,Hezbollah,Ampliat,6
2023-11-11,Israel,CNN,30
2023-11-11,Israel,Ampliat,32
2023-11-11,Hezbollah,CNN,9
2023-11-11,Hezbollah,Ampliat,11
2023-11-12,Israel,CNN,27
2023-11-12,Israel,Ampliat,28
2023-11-12,Hezbollah,CNN,5
2023-11-12,Hezbollah,Ampliat,5
2023-11-13,Israel,CNN,35
2023-11-13,Israel,Ampliat,35
2023-11-13,Hezbollah,CNN,5
2023-11-13,Hezbollah,Ampliat,6
2023-11-14,Israel,CNN,24
2023-11-14,Israel,Ampliat,24
2023-11-14,Hezbollah,CNN,4
2023-11-14,Hezbollah,Ampliat,5
2023-11-15,Israel,CNN,27
2023-11-15,Israel,Ampliat,27
2023-11-15,Hezbollah,CNN,8
2023-11-15,Hezbollah,Ampliat,9
2023-11-16,Israel,CNN,21
2023-11-16,Israel,Ampliat,21
2023-11-16,Hezbollah,CNN,9
2023-11-16,Hezbollah,Ampliat,9
2023-11-17,Israel,CNN,30
2023-11-17,Israel,Ampliat,33
2023-11-17,Hezbollah,CNN,12
2023-11-17,Hezbollah,Ampliat,13
2023-11-18,Israel,CNN,34
2023-11-18,Israel,Ampliat,34
2023-11-18,Hezbollah,CNN,7
2023-11-18,Hezbollah,Ampliat,7
2023-11-19,Israel,CNN,32
2023-11-19,Israel,Ampliat,32
2023-11-19,Hezbollah,CNN,16
2023-11-19,Hezbollah,Ampliat,16
2023-11-20,Israel,CNN,29
2023-11-20,Israel,Ampliat,29
2023-11-20,Hezbollah,CNN,7
2023-11-20,Hezbollah,Ampliat,8
2023-11-21,Israel,CNN,31
2023-11-21,Israel,Ampliat,31
2023-11-21,Hezbollah,CNN,12
2023-11-21,Hezbollah,Ampliat,12
2023-11-22,Israel,CNN,39
2023-11-22,Israel,Ampliat,42
2023-11-22,Hezbollah,CNN,14
2023-11-22,Hezbollah,Ampliat,14
2023-11-23,Israel,CNN,43
2023-11-23,Israel,Ampliat,43
2023-11-23,Hezbollah,CNN,21
2023-11-23,Hezbollah,Ampliat,23
2023-11-24,Israel,CNN,1
2023-11-24,Israel,Ampliat,1
2023-11-24,Hezbollah,CNN,0
2023-11-24,Hezbollah,Ampliat,0
2023-11-25,Israel,CNN,1
2023-11-25,Israel,Ampliat,1
2023-11-25,Hezbollah,CNN,0
2023-11-25,Hezbollah,Ampliat,0
2023-11-26,Israel,CNN,4
2023-11-26,Israel,Ampliat,6
2023-11-26,Hezbollah,CNN,0
2023-11-26,Hezbollah,Ampliat,0
2023-11-27,Israel,CNN,2
2023-11-27,Israel,Ampliat,2
2023-11-27,Hezbollah,CNN,0
2023-11-27,Hezbollah,Ampliat,0
2023-11-28,Israel,CNN,1
2023-11-28,Israel,Ampliat,1
2023-11-28,Hezbollah,CNN,0
2023-11-28,Hezbollah,Ampliat,0
2023-11-29,Israel,CNN,0
2023-11-29,Israel,Ampliat,0
2023-11-29,Hezbollah,CNN,0
2023-11-29,Hezbollah,Ampliat,0
2023-11-30,Israel,CNN,2
2023-11-30,Israel,Ampliat,2
2023-11-30,Hezbollah,CNN,0
2023-11-30,Hezbollah,Ampliat,0
2023-12-01,Israel,CNN,18
2023-12-01,Israel,Ampliat,18
2023-12-01,Hezbollah,CNN,6
2023-12-01,Hezbollah,Ampliat,6
2023-12-02,Israel,CNN,29
2023-12-02,Israel,Ampliat,32
2023-12-02,Hezbollah,CNN,10
2023-12-02,Hezbollah,Ampliat,11
2023-12-03,Israel,CNN,34
2023-12-03,Israel,Ampliat,35
2023-12-03,Hezbollah,CNN,6
2023-12-03,Hezbollah,Ampliat,10
2023-12-04,Israel,CNN,31
2023-12-04,Israel,Ampliat,31
2023-12-04,Hezbollah,CNN,11
2023-12-04,Hezbollah,Ampliat,12
2023-12-05,Israel,CNN,47
2023-12-05,Israel,Ampliat,48
2023-12-05,Hezbollah,CNN,12
2023-12-05,Hezbollah,Ampliat,13
2023-12-06,Israel,CNN,29
2023-12-06,Israel,Ampliat,29
2023-12-06,Hezbollah,CNN,10
2023-12-06,Hezbollah,Ampliat,12
2023-12-07,Israel,CNN,34
2023-12-07,Israel,Ampliat,36
2023-12-07,Hezbollah,CNN,12
2023-12-07,Hezbollah,Ampliat,12
2023-12-08,Israel,CNN,40
2023-12-08,Israel,Ampliat,41
2023-12-08,Hezbollah,CNN,7
2023-12-08,Hezbollah,Ampliat,9
2023-12-09,Israel,CNN,29
2023-12-09,Israel,Ampliat,29
2023-12-09,Hezbollah,CNN,10
2023-12-09,Hezbollah,Ampliat,12
2023-12-10,Israel,CNN,30
2023-12-10,Israel,Ampliat,34
2023-12-10,Hezbollah,CNN,7
2023-12-10,Hezbollah,Ampliat,10
2023-12-11,Israel,CNN,27
2023-12-11,Israel,Ampliat,27
2023-12-11,Hezbollah,CNN,7
2023-12-11,Hezbollah,Ampliat,8
2023-12-12,Israel,CNN,10
2023-12-12,Israel,Ampliat,13
2023-12-12,Hezbollah,CNN,9
2023-12-12,Hezbollah,Ampliat,9
2023-12-13,Israel,CNN,27
2023-12-13,Israel,Ampliat,27
2023-12-13,Hezbollah,CNN,9
2023-12-13,Hezbollah,Ampliat,9
2023-12-14,Israel,CNN,25
2023-12-14,Israel,Ampliat,25
2023-12-14,Hezbollah,CNN,3
2023-12-14,Hezbollah,Ampliat,3
2023-12-15,Israel,CNN,35
2023-12-15,Israel,Ampliat,35
2023-12-15,Hezbollah,CNN,8
2023-12-15,Hezbollah,Ampliat,8
2023-12-16,Israel,CNN,30
2023-12-16,Israel,Ampliat,30
2023-12-16,Hezbollah,CNN,4
2023-12-16,Hezbollah,Ampliat,4
2023-12-17,Israel,CNN,26
2023-12-17,Israel,Ampliat,29
2023-12-17,Hezbollah,CNN,11
2023-12-17,Hezbollah,Ampliat,11
2023-12-18,Israel,CNN,16
2023-12-18,Israel,Ampliat,19
2023-12-18,Hezbollah,CNN,4
2023-12-18,Hezbollah,Ampliat,4
2023-12-19,Israel,CNN,35
2023-12-19,Israel,Ampliat,35
2023-12-19,Hezbollah,CNN,3
2023-12-19,Hezbollah,Ampliat,3
2023-12-20,Israel,CNN,32
2023-12-20,Israel,Ampliat,34
2023-12-20,Hezbollah,CNN,5
2023-12-20,Hezbollah,Ampliat,5
2023-12-21,Israel,CNN,23
2023-12-21,Israel,Ampliat,23
2023-12-21,Hezbollah,CNN,8
2023-12-21,Hezbollah,Ampliat,10
2023-12-22,Israel,CNN,19
2023-12-22,Israel,Ampliat,19
2023-12-22,Hezbollah,CNN,5
2023-12-22,Hezbollah,Ampliat,5
2023-12-23,Israel,CNN,17
2023-12-23,Israel,Ampliat,17
2023-12-23,Hezbollah,CNN,7
2023-12-23,Hezbollah,Ampliat,7
2023-12-24,Israel,CNN,19
2023-12-24,Israel,Ampliat,19
2023-12-24,Hezbollah,CNN,6
2023-12-24,Hezbollah,Ampliat,6
2023-12-25,Israel,CNN,24
2023-12-25,Israel,Ampliat,25
2023-12-25,Hezbollah,CNN,11
2023-12-25,Hezbollah,Ampliat,11
2023-12-26,Israel,CNN,30
2023-12-26,Israel,Ampliat,33
2023-12-26,Hezbollah,CNN,9
2023-12-26,Hezbollah,Ampliat,10
2023-12-27,Israel,CNN,20
2023-12-27,Israel,Ampliat,21
2023-12-27,Hezbollah,CNN,6
2023-12-27,Hezbollah,Ampliat,7
2023-12-28,Israel,CNN,18
2023-12-28,Israel,Ampliat,20
2023-12-28,Hezbollah,CNN,5
2023-12-28,Hezbollah,Ampliat,6
2023-12-29,Israel,CNN,24
2023-12-29,Israel,Ampliat,27
2023-12-29,Hezbollah,CNN,6
2023-12-29,Hezbollah,Ampliat,7
2023-12-30,Israel,CNN,21
2023-12-30,Israel,Ampliat,28
2023-12-30,Hezbollah,CNN,3
2023-12-30,Hezbollah,Ampliat,4
2023-12-31,Israel,CNN,17
2023-12-31,Israel,Ampliat,17
2023-12-31,Hezbollah,CNN,2
2023-12-31,Hezbollah,Ampliat,2
2024-01-01,Israel,CNN,19
2024-01-01,Israel,Ampliat,22
2024-01-01,Hezbollah,CNN,4
2024-01-01,Hezbollah,Ampliat,4
2024-01-02,Israel,CNN,20
2024-01-02,Israel,Ampliat,21
2024-01-02,Hezbollah,CNN,9
2024-01-02,Hezbollah,Ampliat,10
2024-01-03,Israel,CNN,8
2024-01-03,Israel,Ampliat,8
2024-01-03,Hezbollah,CNN,9
2024-01-03,Hezbollah,Ampliat,11
2024-01-04,Israel,CNN,25
2024-01-04,Israel,Ampliat,25
2024-01-04,Hezbollah,CNN,8
2024-01-04,Hezbollah,Ampliat,8
2024-01-05,Israel,CNN,27
2024-01-05,Israel,Ampliat,27
2024-01-05,Hezbollah,CNN,3
2024-01-05,Hezbollah,Ampliat,3
2024-01-06,Israel,CNN,43
2024-01-06,Israel,Ampliat,43
2024-01-06,Hezbollah,CNN,7
2024-01-06,Hezbollah,Ampliat,7
2024-01-07,Israel,CNN,22
2024-01-07,Israel,Ampliat,22
2024-01-07,Hezbollah,CNN,10
2024-01-07,Hezbollah,Ampliat,11
2024-01-08,Israel,CNN,25
2024-01-08,Israel,Ampliat,26
2024-01-08,Hezbollah,CNN,5
2024-01-08,Hezbollah,Ampliat,6
2024-01-09,Israel,CNN,21
2024-01-09,Israel,Ampliat,21
2024-01-09,Hezbollah,CNN,8
2024-01-09,Hezbollah,Ampliat,9
2024-01-10,Israel,CNN,19
2024-01-10,Israel,Ampliat,19
2024-01-10,Hezbollah,CNN,2
2024-01-10,Hezbollah,Ampliat,2
2024-01-11,Israel,CNN,18
2024-01-11,Israel,Ampliat,18
2024-01-11,Hezbollah,CNN,9
2024-01-11,Hezbollah,Ampliat,10
2024-01-12,Israel,CNN,17
2024-01-12,Israel,Ampliat,17
2024-01-12,Hezbollah,CNN,5
2024-01-12,Hezbollah,Ampliat,5
2024-01-13,Israel,CNN,19
2024-01-13,Israel,Ampliat,19
2024-01-13,Hezbollah,CNN,7
2024-01-13,Hezbollah,Ampliat,8
2024-01-14,Israel,CNN,34
2024-01-14,Israel,Ampliat,34
2024-01-14,Hezbollah,CNN,12
2024-01-14,Hezbollah,Ampliat,12
2024-01-15,Israel,CNN,19
2024-01-15,Israel,Ampliat,19
2024-01-15,Hezbollah,CNN,6
2024-01-15,Hezbollah,Ampliat,7
2024-01-16,Israel,CNN,18
2024-01-16,Israel,Ampliat,18
2024-01-16,Hezbollah,CNN,5
2024-01-16,Hezbollah,Ampliat,6
2024-01-17,Israel,CNN,28
2024-01-17,Israel,Ampliat,28
2024-01-17,Hezbollah,CNN,6
2024-01-17,Hezbollah,Ampliat,6
2024-01-18,Israel,CNN,29
2024-01-18,Israel,Ampliat,32
2024-01-18,Hezbollah,CNN,6
2024-01-18,Hezbollah,Ampliat,7
2024-01-19,Israel,CNN,23
2024-01-19,Israel,Ampliat,23
2024-01-19,Hezbollah,CNN,2
2024-01-19,Hezbollah,Ampliat,3
2024-01-20,Israel,CNN,17
2024-01-20,Israel,Ampliat,18
2024-01-20,Hezbollah,CNN,3
2024-01-20,Hezbollah,Ampliat,3
2024-01-21,Israel,CNN,30
2024-01-21,Israel,Ampliat,30
2024-01-21,Hezbollah,CNN,3
2024-01-21,Hezbollah,Ampliat,4
2024-01-22,Israel,CNN,36
2024-01-22,Israel,Ampliat,36
2024-01-22,Hezbollah,CNN,6
2024-01-22,Hezbollah,Ampliat,7
2024-01-23,Israel,CNN,21
2024-01-23,Israel,Ampliat,21
2024-01-23,Hezbollah,CNN,4
2024-01-23,Hezbollah,Ampliat,4
2024-01-24,Israel,CNN,16
2024-01-24,Israel,Ampliat,16
2024-01-24,Hezbollah,CNN,2
2024-01-24,Hezbollah,Ampliat,3
2024-01-25,Israel,CNN,22
2024-01-25,Israel,Ampliat,22
2024-01-25,Hezbollah,CNN,2
2024-01-25,Hezbollah,Ampliat,3
2024-01-26,Israel,CNN,33
2024-01-26,Israel,Ampliat,33
2024-01-26,Hezbollah,CNN,7
2024-01-26,Hezbollah,Ampliat,10
2024-01-27,Israel,CNN,28
2024-01-27,Israel,Ampliat,28
2024-01-27,Hezbollah,CNN,6
2024-01-27,Hezbollah,Ampliat,7
2024-01-28,Israel,CNN,27
2024-01-28,Israel,Ampliat,27
2024-01-28,Hezbollah,CNN,7
2024-01-28,Hezbollah,Ampliat,7
2024-01-29,Israel,CNN,32
2024-01-29,Israel,Ampliat,33
2024-01-29,Hezbollah,CNN,11
2024-01-29,Hezbollah,Ampliat,12
2024-01-30,Israel,CNN,17
2024-01-30,Israel,Ampliat,19
2024-01-30,Hezbollah,CNN,5
2024-01-30,Hezbollah,Ampliat,6
2024-01-31,Israel,CNN,27
2024-01-31,Israel,Ampliat,28
2024-01-31,Hezbollah,CNN,8
2024-01-31,Hezbollah,Ampliat,8
2024-02-01,Israel,CNN,30
2024-02-01,Israel,Ampliat,30
2024-02-01,Hezbollah,CNN,4
2024-02-01,Hezbollah,Ampliat,7
2024-02-02,Israel,CNN,27
2024-02-02,Israel,Ampliat,29
2024-02-02,Hezbollah,CNN,2
2024-02-02,Hezbollah,Ampliat,3
2024-02-03,Israel,CNN,31
2024-02-03,Israel,Ampliat,31
2024-02-03,Hezbollah,CNN,8
2024-02-03,Hezbollah,Ampliat,10
2024-02-04,Israel,CNN,31
2024-02-04,Israel,Ampliat,31
2024-02-04,Hezbollah,CNN,7
2024-02-04,Hezbollah,Ampliat,9
2024-02-05,Israel,CNN,29
2024-02-05,Israel,Ampliat,29
2024-02-05,Hezbollah,CNN,4
2024-02-05,Hezbollah,Ampliat,6
2024-02-06,Israel,CNN,21
2024-02-06,Israel,Ampliat,21
2024-02-06,Hezbollah,CNN,6
2024-02-06,Hezbollah,Ampliat,9
2024-02-07,Israel,CNN,31
2024-02-07,Israel,Ampliat,38
2024-02-07,Hezbollah,CNN,5
2024-02-07,Hezbollah,Ampliat,7
2024-02-08,Israel,CNN,33
2024-02-08,Israel,Ampliat,33
2024-02-08,Hezbollah,CNN,8
2024-02-08,Hezbollah,Ampliat,11
2024-02-09,Israel,CNN,39
2024-02-09,Israel,Ampliat,40
2024-02-09,Hezbollah,CNN,7
2024-02-09,Hezbollah,Ampliat,11
2024-02-10,Israel,CNN,36
2024-02-10,Israel,Ampliat,37
2024-02-10,Hezbollah,CNN,9
2024-02-10,Hezbollah,Ampliat,10
2024-02-11,Israel,CNN,23
2024-02-11,Israel,Ampliat,23
2024-02-11,Hezbollah,CNN,4
2024-02-11,Hezbollah,Ampliat,5
2024-02-12,Israel,CNN,41
2024-02-12,Israel,Ampliat,42
2024-02-12,Hezbollah,CNN,5
2024-02-12,Hezbollah,Ampliat,8
2024-02-13,Israel,CNN,31
2024-02-13,Israel,Ampliat,31
2024-02-13,Hezbollah,CNN,6
2024-02-13,Hezbollah,Ampliat,8
2024-02-14,Israel,CNN,33
2024-02-14,Israel,Ampliat,33
2024-02-14,Hezbollah,CNN,4
2024-02-14,Hezbollah,Ampliat,4
2024-02-15,Israel,CNN,44
2024-02-15,Israel,Ampliat,44
2024-02-15,Hezbollah,CNN,8
2024-02-15,Hezbollah,Ampliat,12
2024-02-16,Israel,CNN,30
2024-02-16,Israel,Ampliat,31
2024-02-16,Hezbollah,CNN,3
2024-02-16,Hezbollah,Ampliat,5
2024-02-17,Israel,CNN,27
2024-02-17,Israel,Ampliat,28
2024-02-17,Hezbollah,CNN,4
2024-02-17,Hezbollah,Ampliat,6
2024-02-18,Israel,CNN,18
2024-02-18,Israel,Ampliat,18
2024-02-18,Hezbollah,CNN,8
2024-02-18,Hezbollah,Ampliat,10
2024-02-19,Israel,CNN,17
2024-02-19,Israel,Ampliat,17
2024-02-19,Hezbollah,CNN,2
2024-02-19,Hezbollah,Ampliat,4
2024-02-20,Israel,CNN,28
2024-02-20,Israel,Ampliat,28
2024-02-20,Hezbollah,CNN,3
2024-02-20,Hezbollah,Ampliat,5
2024-02-21,Israel,CNN,33
2024-02-21,Israel,Ampliat,38
2024-02-21,Hezbollah,CNN,8
2024-02-21,Hezbollah,Ampliat,10
2024-02-22,Israel,CNN,32
2024-02-22,Israel,Ampliat,33
2024-02-22,Hezbollah,CNN,6
2024-02-22,Hezbollah,Ampliat,11
2024-02-23,Israel,CNN,22
2024-02-23,Israel,Ampliat,22
2024-02-23,Hezbollah,CNN,3
2024-02-23,Hezbollah,Ampliat,5
2024-02-24,Israel,CNN,30
2024-02-24,Israel,Ampliat,30
2024-02-24,Hezbollah,CNN,8
2024-02-24,Hezbollah,Ampliat,10
2024-02-25,Israel,CNN,22
2024-02-25,Israel,Ampliat,23
2024-02-25,Hezbollah,CNN,7
2024-02-25,Hezbollah,Ampliat,8
2024-02-26,Israel,CNN,26
2024-02-26,Israel,Ampliat,26
2024-02-26,Hezbollah,CNN,7
2024-02-26,Hezbollah,Ampliat,10
2024-02-27,Israel,CNN,43
2024-02-27,Israel,Ampliat,43
2024-02-27,Hezbollah,CNN,5
2024-02-27,Hezbollah,Ampliat,7
2024-02-28,Israel,CNN,30
2024-02-28,Israel,Ampliat,33
2024-02-28,Hezbollah,CNN,4
2024-02-28,Hezbollah,Ampliat,6
2024-02-29,Israel,CNN,33
2024-02-29,Israel,Ampliat,35
2024-02-29,Hezbollah,CNN,6
2024-02-29,Hezbollah,Ampliat,8
2024-03-01,Israel,CNN,19
2024-03-01,Israel,Ampliat,20
2024-03-01,Hezbollah,CNN,5
2024-03-01,Hezbollah,Ampliat,6
2024-03-02,Israel,CNN,32
2024-03-02,Israel,Ampliat,32
2024-03-02,Hezbollah,CNN,4
2024-03-02,Hezbollah,Ampliat,6
2024-03-03,Israel,CNN,18
2024-03-03,Israel,Ampliat,18
2024-03-03,Hezbollah,CNN,5
2024-03-03,Hezbollah,Ampliat,7
2024-03-04,Israel,CNN,23
2024-03-04,Israel,Ampliat,23
2024-03-04,Hezbollah,CNN,7
2024-03-04,Hezbollah,Ampliat,10
2024-03-05,Israel,CNN,34
2024-03-05,Israel,Ampliat,34
2024-03-05,Hezbollah,CNN,9
2024-03-05,Hezbollah,Ampliat,10
2024-03-06,Israel,CNN,21
2024-03-06,Israel,Ampliat,22
2024-03-06,Hezbollah,CNN,0
2024-03-06,Hezbollah,Ampliat,3
2024-03-07,Israel,CNN,32
2024-03-07,Israel,Ampliat,32
2024-03-07,Hezbollah,CNN,6
2024-03-07,Hezbollah,Ampliat,11
2024-03-08,Israel,CNN,28
2024-03-08,Israel,Ampliat,28
2024-03-08,Hezbollah,CNN,7
2024-03-08,Hezbollah,Ampliat,10
2024-03-09,Israel,CNN,22
2024-03-09,Israel,Ampliat,22
2024-03-09,Hezbollah,CNN,7
2024-03-09,Hezbollah,Ampliat,9
2024-03-10,Israel,CNN,20
2024-03-10,Israel,Ampliat,20
2024-03-10,Hezbollah,CNN,7
2024-03-10,Hezbollah,Ampliat,12
2024-03-11,Israel,CNN,19
2024-03-11,Israel,Ampliat,19
2024-03-11,Hezbollah,CNN,9
2024-03-11,Hezbollah,Ampliat,11
2024-03-12,Israel,CNN,22
2024-03-12,Israel,Ampliat,24
2024-03-12,Hezbollah,CNN,14
2024-03-12,Hezbollah,Ampliat,20
2024-03-13,Israel,CNN,29
2024-03-13,Israel,Ampliat,29
2024-03-13,Hezbollah,CNN,4
2024-03-13,Hezbollah,Ampliat,7
2024-03-14,Israel,CNN,18
2024-03-14,Israel,Ampliat,18
2024-03-14,Hezbollah,CNN,4
2024-03-14,Hezbollah,Ampliat,7
2024-03-15,Israel,CNN,25
2024-03-15,Israel,Ampliat,25
2024-03-15,Hezbollah,CNN,7
2024-03-15,Hezbollah,Ampliat,9
2024-03-16,Israel,CNN,33
2024-03-16,Israel,Ampliat,35
2024-03-16,Hezbollah,CNN,5
2024-03-16,Hezbollah,Ampliat,7
2024-03-17,Israel,CNN,27
2024-03-17,Israel,Ampliat,29
2024-03-17,Hezbollah,CNN,7
2024-03-17,Hezbollah,Ampliat,9
2024-03-18,Israel,CNN,18
2024-03-18,Israel,Ampliat,18
2024-03-18,Hezbollah,CNN,5
2024-03-18,Hezbollah,Ampliat,7
2024-03-19,Israel,CNN,25
2024-03-19,Israel,Ampliat,26
2024-03-19,Hezbollah,CNN,8
2024-03-19,Hezbollah,Ampliat,11
2024-03-20,Israel,CNN,17
2024-03-20,Israel,Ampliat,17
2024-03-20,Hezbollah,CNN,6
2024-03-20,Hezbollah,Ampliat,8
2024-03-21,Israel,CNN,33
2024-03-21,Israel,Ampliat,33
2024-03-21,Hezbollah,CNN,11
2024-03-21,Hezbollah,Ampliat,11
2024-03-22,Israel,CNN,18
2024-03-22,Israel,Ampliat,18
2024-03-22,Hezbollah,CNN,5
2024-03-22,Hezbollah,Ampliat,6
2024-03-23,Israel,CNN,14
2024-03-23,Israel,Ampliat,14
2024-03-23,Hezbollah,CNN,4
2024-03-23,Hezbollah,Ampliat,6
2024-03-24,Israel,CNN,29
2024-03-24,Israel,Ampliat,30
2024-03-24,Hezbollah,CNN,7
2024-03-24,Hezbollah,Ampliat,8
2024-03-25,Israel,CNN,12
2024-03-25,Israel,Ampliat,12
2024-03-25,Hezbollah,CNN,7
2024-03-25,Hezbollah,Ampliat,8
2024-03-26,Israel,CNN,39
2024-03-26,Israel,Ampliat,46
2024-03-26,Hezbollah,CNN,8
2024-03-26,Hezbollah,Ampliat,11
2024-03-27,Israel,CNN,16
2024-03-27,Israel,Ampliat,16
2024-03-27,Hezbollah,CNN,6
2024-03-27,Hezbollah,Ampliat,7
2024-03-28,Israel,CNN,19
2024-03-28,Israel,Ampliat,20
2024-03-28,Hezbollah,CNN,5
2024-03-28,Hezbollah,Ampliat,8
2024-03-29,Israel,CNN,28
2024-03-29,Israel,Ampliat,30
2024-03-29,Hezbollah,CNN,8
2024-03-29,Hezbollah,Ampliat,10
2024-03-30,Israel,CNN,26
2024-03-30,Israel,Ampliat,27
2024-03-30,Hezbollah,CNN,8
2024-03-30,Hezbollah,Ampliat,10
2024-03-31,Israel,CNN,19
2024-03-31,Israel,Ampliat,20
2024-03-31,Hezbollah,CNN,5
2024-03-31,Hezbollah,Ampliat,8
2024-04-01,Israel,CNN,25
2024-04-01,Israel,Ampliat,27
2024-04-01,Hezbollah,CNN,2
2024-04-01,Hezbollah,Ampliat,3
2024-04-02,Israel,CNN,15
2024-04-02,Israel,Ampliat,15
2024-04-02,Hezbollah,CNN,5
2024-04-02,Hezbollah,Ampliat,7
2024-04-03,Israel,CNN,23
2024-04-03,Israel,Ampliat,24
2024-04-03,Hezbollah,CNN,6
2024-04-03,Hezbollah,Ampliat,7
2024-04-04,Israel,CNN,9
2024-04-04,Israel,Ampliat,11
2024-04-04,Hezbollah,CNN,4
2024-04-04,Hezbollah,Ampliat,6
2024-04-05,Israel,CNN,17
2024-04-05,Israel,Ampliat,17
2024-04-05,Hezbollah,CNN,6
2024-04-05,Hezbollah,Ampliat,7
2024-04-06,Israel,CNN,34
2024-04-06,Israel,Ampliat,34
2024-04-06,Hezbollah,CNN,12
2024-04-06,Hezbollah,Ampliat,15
2024-04-07,Israel,CNN,21
2024-04-07,Israel,Ampliat,21
2024-04-07,Hezbollah,CNN,1
2024-04-07,Hezbollah,Ampliat,5
2024-04-08,Israel,CNN,21
2024-04-08,Israel,Ampliat,22
2024-04-08,Hezbollah,CNN,6
2024-04-08,Hezbollah,Ampliat,8
2024-04-09,Israel,CNN,13
2024-04-09,Israel,Ampliat,14
2024-04-09,Hezbollah,CNN,5
2024-04-09,Hezbollah,Ampliat,8
2024-04-10,Israel,CNN,14
2024-04-10,Israel,Ampliat,14
2024-04-10,Hezbollah,CNN,1
2024-04-10,Hezbollah,Ampliat,3
2024-04-11,Israel,CNN,17
2024-04-11,Israel,Ampliat,17
2024-04-11,Hezbollah,CNN,1
2024-04-11,Hezbollah,Ampliat,4
2024-04-12,Israel,CNN,18
2024-04-12,Israel,Ampliat,18
2024-04-12,Hezbollah,CNN,4
2024-04-12,Hezbollah,Ampliat,7
2024-04-13,Israel,CNN,48
2024-04-13,Israel,Ampliat,48
2024-04-13,Hezbollah,CNN,8
2024-04-13,Hezbollah,Ampliat,9
2024-04-14,Israel,CNN,25
2024-04-14,Israel,Ampliat,25
2024-04-14,Hezbollah,CNN,1
2024-04-14,Hezbollah,Ampliat,4
2024-04-15,Israel,CNN,27
2024-04-15,Israel,Ampliat,27
2024-04-15,Hezbollah,CNN,3
2024-04-15,Hezbollah,Ampliat,5
2024-04-16,Israel,CNN,27
2024-04-16,Israel,Ampliat,27
2024-04-16,Hezbollah,CNN,9
2024-04-16,Hezbollah,Ampliat,11
2024-04-17,Israel,CNN,34
2024-04-17,Israel,Ampliat,34
2024-04-17,Hezbollah,CNN,6
2024-04-17,Hezbollah,Ampliat,8
2024-04-18,Israel,CNN,20
2024-04-18,Israel,Ampliat,20
2024-04-18,Hezbollah,CNN,12
2024-04-18,Hezbollah,Ampliat,14
2024-04-19,Israel,CNN,13
2024-04-19,Israel,Ampliat,15
2024-04-19,Hezbollah,CNN,3
2024-04-19,Hezbollah,Ampliat,5
2024-04-20,Israel,CNN,16
2024-04-20,Israel,Ampliat,16
2024-04-20,Hezbollah,CNN,9
2024-04-20,Hezbollah,Ampliat,10
2024-04-21,Israel,CNN,20
2024-04-21,Israel,Ampliat,20
2024-04-21,Hezbollah,CNN,7
2024-04-21,Hezbollah,Ampliat,8
2024-04-22,Israel,CNN,25
2024-04-22,Israel,Ampliat,25
2024-04-22,Hezbollah,CNN,4
2024-04-22,Hezbollah,Ampliat,6
2024-04-23,Israel,CNN,25
2024-04-23,Israel,Ampliat,25
2024-04-23,Hezbollah,CNN,9
2024-04-23,Hezbollah,Ampliat,11
2024-04-24,Israel,CNN,25
2024-04-24,Israel,Ampliat,25
2024-04-24,Hezbollah,CNN,6
2024-04-24,Hezbollah,Ampliat,7
2024-04-25,Israel,CNN,21
2024-04-25,Israel,Ampliat,21
2024-04-25,Hezbollah,CNN,5
2024-04-25,Hezbollah,Ampliat,7
2024-04-26,Israel,CNN,27
2024-04-26,Israel,Ampliat,27
2024-04-26,Hezbollah,CNN,1
2024-04-26,Hezbollah,Ampliat,4
2024-04-27,Israel,CNN,22
2024-04-27,Israel,Ampliat,22
2024-04-27,Hezbollah,CNN,5
2024-04-27,Hezbollah,Ampliat,7
2024-04-28,Israel,CNN,22
2024-04-28,Israel,Ampliat,22
2024-04-28,Hezbollah,CNN,4
2024-04-28,Hezbollah,Ampliat,6
2024-04-29,Israel,CNN,32
2024-04-29,Israel,Ampliat,32
2024-04-29,Hezbollah,CNN,4
2024-04-29,Hezbollah,Ampliat,5
2024-04-30,Israel,CNN,22
2024-04-30,Israel,Ampliat,22
2024-04-30,Hezbollah,CNN,6
2024-04-30,Hezbollah,Ampliat,7
2024-05-01,Israel,CNN,17
2024-05-01,Israel,Ampliat,17
2024-05-01,Hezbollah,CNN,3
2024-05-01,Hezbollah,Ampliat,4
2024-05-02,Israel,CNN,12
2024-05-02,Israel,Ampliat,13
2024-05-02,Hezbollah,CNN,1
2024-05-02,Hezbollah,Ampliat,3
2024-05-03,Israel,CNN,24
2024-05-03,Israel,Ampliat,24
2024-05-03,Hezbollah,CNN,4
2024-05-03,Hezbollah,Ampliat,5
2024-05-04,Israel,CNN,18
2024-05-04,Israel,Ampliat,18
2024-05-04,Hezbollah,CNN,3
2024-05-04,Hezbollah,Ampliat,4
2024-05-05,Israel,CNN,26
2024-05-05,Israel,Ampliat,29
2024-05-05,Hezbollah,CNN,9
2024-05-05,Hezbollah,Ampliat,12
2024-05-06,Israel,CNN,32
2024-05-06,Israel,Ampliat,32
2024-05-06,Hezbollah,CNN,2
2024-05-06,Hezbollah,Ampliat,5
2024-05-07,Israel,CNN,21
2024-05-07,Israel,Ampliat,21
2024-05-07,Hezbollah,CNN,9
2024-05-07,Hezbollah,Ampliat,11
2024-05-08,Israel,CNN,37
2024-05-08,Israel,Ampliat,37
2024-05-08,Hezbollah,CNN,11
2024-05-08,Hezbollah,Ampliat,12
2024-05-09,Israel,CNN,13
2024-05-09,Israel,Ampliat,14
2024-05-09,Hezbollah,CNN,7
2024-05-09,Hezbollah,Ampliat,8
2024-05-10,Israel,CNN,34
2024-05-10,Israel,Ampliat,34
2024-05-10,Hezbollah,CNN,8
2024-05-10,Hezbollah,Ampliat,9
2024-05-11,Israel,CNN,11
2024-05-11,Israel,Ampliat,11
2024-05-11,Hezbollah,CNN,6
2024-05-11,Hezbollah,Ampliat,8
2024-05-12,Israel,CNN,14
2024-05-12,Israel,Ampliat,14
2024-05-12,Hezbollah,CNN,3
2024-05-12,Hezbollah,Ampliat,4
2024-05-13,Israel,CNN,9
2024-05-13,Israel,Ampliat,9
2024-05-13,Hezbollah,CNN,7
2024-05-13,Hezbollah,Ampliat,9
2024-05-14,Israel,CNN,22
2024-05-14,Israel,Ampliat,22
2024-05-14,Hezbollah,CNN,3
2024-05-14,Hezbollah,Ampliat,6
2024-05-15,Israel,CNN,17
2024-05-15,Israel,Ampliat,17
2024-05-15,Hezbollah,CNN,7
2024-05-15,Hezbollah,Ampliat,9
2024-05-16,Israel,CNN,33
2024-05-16,Israel,Ampliat,33
2024-05-16,Hezbollah,CNN,12
2024-05-16,Hezbollah,Ampliat,13
2024-05-17,Israel,CNN,15
2024-05-17,Israel,Ampliat,15
2024-05-17,Hezbollah,CNN,12
2024-05-17,Hezbollah,Ampliat,16
2024-05-18,Israel,CNN,20
2024-05-18,Israel,Ampliat,22
2024-05-18,Hezbollah,CNN,10
2024-05-18,Hezbollah,Ampliat,12
2024-05-19,Israel,CNN,20
2024-05-19,Israel,Ampliat,20
2024-05-19,Hezbollah,CNN,7
2024-05-19,Hezbollah,Ampliat,9
2024-05-20,Israel,CNN,21
2024-05-20,Israel,Ampliat,24
2024-05-20,Hezbollah,CNN,10
2024-05-20,Hezbollah,Ampliat,12
2024-05-21,Israel,CNN,21
2024-05-21,Israel,Ampliat,21
2024-05-21,Hezbollah,CNN,4
2024-05-21,Hezbollah,Ampliat,6
2024-05-22,Israel,CNN,23
2024-05-22,Israel,Ampliat,23
2024-05-22,Hezbollah,CNN,9
2024-05-22,Hezbollah,Ampliat,10
2024-05-23,Israel,CNN,22
2024-05-23,Israel,Ampliat,22
2024-05-23,Hezbollah,CNN,12
2024-05-23,Hezbollah,Ampliat,14
2024-05-24,Israel,CNN,18
2024-05-24,Israel,Ampliat,18
2024-05-24,Hezbollah,CNN,8
2024-05-24,Hezbollah,Ampliat,10
2024-05-25,Israel,CNN,27
2024-05-25,Israel,Ampliat,28
2024-05-25,Hezbollah,CNN,6
2024-05-25,Hezbollah,Ampliat,8
2024-05-26,Israel,CNN,31
2024-05-26,Israel,Ampliat,31
2024-05-26,Hezbollah,CNN,11
2024-05-26,Hezbollah,Ampliat,15
2024-05-27,Israel,CNN,21
2024-05-27,Israel,Ampliat,21
2024-05-27,Hezbollah,CNN,13
2024-05-27,Hezbollah,Ampliat,15
2024-05-28,Israel,CNN,22
2024-05-28,Israel,Ampliat,22
2024-05-28,Hezbollah,CNN,4
2024-05-28,Hezbollah,Ampliat,6
2024-05-29,Israel,CNN,21
2024-05-29,Israel,Ampliat,23
2024-05-29,Hezbollah,CNN,4
2024-05-29,Hezbollah,Ampliat,6
2024-05-30,Israel,CNN,12
2024-05-30,Israel,Ampliat,12
2024-05-30,Hezbollah,CNN,4
2024-05-30,Hezbollah,Ampliat,6
2024-05-31,Israel,CNN,18
2024-05-31,Israel,Ampliat,18
2024-05-31,Hezbollah,CNN,11
2024-05-31,Hezbollah,Ampliat,13
2024-06-01,Israel,CNN,33
2024-06-01,Israel,Ampliat,33
2024-06-01,Hezbollah,CNN,12
2024-06-01,Hezbollah,Ampliat,12
2024-06-02,Israel,CNN,23
2024-06-02,Israel,Ampliat,23
2024-06-02,Hezbollah,CNN,11
2024-06-02,Hezbollah,Ampliat,16
2024-06-03,Israel,CNN,33
2024-06-03,Israel,Ampliat,36
2024-06-03,Hezbollah,CNN,18
2024-06-03,Hezbollah,Ampliat,21
2024-06-04,Israel,CNN,32
2024-06-04,Israel,Ampliat,32
2024-06-04,Hezbollah,CNN,7
2024-06-04,Hezbollah,Ampliat,11
2024-06-05,Israel,CNN,30
2024-06-05,Israel,Ampliat,30
2024-06-05,Hezbollah,CNN,5
2024-06-05,Hezbollah,Ampliat,7
2024-06-06,Israel,CNN,22
2024-06-06,Israel,Ampliat,22
2024-06-06,Hezbollah,CNN,6
2024-06-06,Hezbollah,Ampliat,8
2024-06-07,Israel,CNN,15
2024-06-07,Israel,Ampliat,15
2024-06-07,Hezbollah,CNN,7
2024-06-07,Hezbollah,Ampliat,9
2024-06-08,Israel,CNN,23
2024-06-08,Israel,Ampliat,23
2024-06-08,Hezbollah,CNN,9
2024-06-08,Hezbollah,Ampliat,11
2024-06-09,Israel,CNN,22
2024-06-09,Israel,Ampliat,22
2024-06-09,Hezbollah,CNN,4
2024-06-09,Hezbollah,Ampliat,9
2024-06-10,Israel,CNN,13
2024-06-10,Israel,Ampliat,13
2024-06-10,Hezbollah,CNN,10
2024-06-10,Hezbollah,Ampliat,12
2024-06-11,Israel,CNN,19
2024-06-11,Israel,Ampliat,19
2024-06-11,Hezbollah,CNN,8
2024-06-11,Hezbollah,Ampliat,10
2024-06-12,Israel,CNN,33
2024-06-12,Israel,Ampliat,33
2024-06-12,Hezbollah,CNN,21
2024-06-12,Hezbollah,Ampliat,26
2024-06-13,Israel,CNN,20
2024-06-13,Israel,Ampliat,20
2024-06-13,Hezbollah,CNN,14
2024-06-13,Hezbollah,Ampliat,22
2024-06-14,Israel,CNN,29
2024-06-14,Israel,Ampliat,29
2024-06-14,Hezbollah,CNN,13
2024-06-14,Hezbollah,Ampliat,15
2024-06-15,Israel,CNN,18
2024-06-15,Israel,Ampliat,18
2024-06-15,Hezbollah,CNN,3
2024-06-15,Hezbollah,Ampliat,3
2024-06-16,Israel,CNN,26
2024-06-16,Israel,Ampliat,26
2024-06-16,Hezbollah,CNN,0
2024-06-16,Hezbollah,Ampliat,0
2024-06-17,Israel,CNN,28
2024-06-17,Israel,Ampliat,28
2024-06-17,Hezbollah,CNN,0
2024-06-17,Hezbollah,Ampliat,2
2024-06-18,Israel,CNN,18
2024-06-18,Israel,Ampliat,18
2024-06-18,Hezbollah,CNN,6
2024-06-18,Hezbollah,Ampliat,8
2024-06-19,Israel,CNN,23
2024-06-19,Israel,Ampliat,26
2024-06-19,Hezbollah,CNN,6
2024-06-19,Hezbollah,Ampliat,9
2024-06-20,Israel,CNN,15
2024-06-20,Israel,Ampliat,15
2024-06-20,Hezbollah,CNN,5
2024-06-20,Hezbollah,Ampliat,8
2024-06-21,Israel,CNN,18
2024-06-21,Israel,Ampliat,18
2024-06-21,Hezbollah,CNN,1
2024-06-21,Hezbollah,Ampliat,6
2024-06-22,Israel,CNN,23
2024-06-22,Israel,Ampliat,23
2024-06-22,Hezbollah,CNN,2
2024-06-22,Hezbollah,Ampliat,4
2024-06-23,Israel,CNN,19
2024-06-23,Israel,Ampliat,19
2024-06-23,Hezbollah,CNN,3
2024-06-23,Hezbollah,Ampliat,6
2024-06-24,Israel,CNN,19
2024-06-24,Israel,Ampliat,20
2024-06-24,Hezbollah,CNN,3
2024-06-24,Hezbollah,Ampliat,4
2024-06-25,Israel,CNN,20
2024-06-25,Israel,Ampliat,20
2024-06-25,Hezbollah,CNN,3
2024-06-25,Hezbollah,Ampliat,5
2024-06-26,Israel,CNN,39
2024-06-26,Israel,Ampliat,40
2024-06-26,Hezbollah,CNN,5
2024-06-26,Hezbollah,Ampliat,6
2024-06-27,Israel,CNN,18
2024-06-27,Israel,Ampliat,19
2024-06-27,Hezbollah,CNN,5
2024-06-27,Hezbollah,Ampliat,7
2024-06-28,Israel,CNN,19
2024-06-28,Israel,Ampliat,19
2024-06-28,Hezbollah,CNN,10
2024-06-28,Hezbollah,Ampliat,12
2024-06-29,Israel,CNN,20
2024-06-29,Israel,Ampliat,20
2024-06-29,Hezbollah,CNN,3
2024-06-29,Hezbollah,Ampliat,4
2024-06-30,Israel,CNN,12
2024-06-30,Israel,Ampliat,12
2024-06-30,Hezbollah,CNN,7
2024-06-30,Hezbollah,Ampliat,10
2024-07-01,Israel,CNN,18
2024-07-01,Israel,Ampliat,18
2024-07-01,Hezbollah,CNN,6
2024-07-01,Hezbollah,Ampliat,7
2024-07-02,Israel,CNN,15
2024-07-02,Israel,Ampliat,15
2024-07-02,Hezbollah,CNN,2
2024-07-02,Hezbollah,Ampliat,2
2024-07-03,Israel,CNN,28
2024-07-03,Israel,Ampliat,28
2024-07-03,Hezbollah,CNN,8
2024-07-03,Hezbollah,Ampliat,12
2024-07-04,Israel,CNN,37
2024-07-04,Israel,Ampliat,37
2024-07-04,Hezbollah,CNN,36
2024-07-04,Hezbollah,Ampliat,42
2024-07-05,Israel,CNN,34
2024-07-05,Israel,Ampliat,34
2024-07-05,Hezbollah,CNN,7
2024-07-05,Hezbollah,Ampliat,9
2024-07-06,Israel,CNN,20
2024-07-06,Israel,Ampliat,20
2024-07-06,Hezbollah,CNN,1
2024-07-06,Hezbollah,Ampliat,3
2024-07-07,Israel,CNN,35
2024-07-07,Israel,Ampliat,35
2024-07-07,Hezbollah,CNN,16
2024-07-07,Hezbollah,Ampliat,17
2024-07-08,Israel,CNN,24
2024-07-08,Israel,Ampliat,24
2024-07-08,Hezbollah,CNN,9
2024-07-08,Hezbollah,Ampliat,10
2024-07-09,Israel,CNN,31
2024-07-09,Israel,Ampliat,34
2024-07-09,Hezbollah,CNN,4
2024-07-09,Hezbollah,Ampliat,5
2024-07-10,Israel,CNN,20
2024-07-10,Israel,Ampliat,22
2024-07-10,Hezbollah,CNN,4
2024-07-10,Hezbollah,Ampliat,7
2024-07-11,Israel,CNN,33
2024-07-11,Israel,Ampliat,36
2024-07-11,Hezbollah,CNN,8
2024-07-11,Hezbollah,Ampliat,12
2024-07-12,Israel,CNN,25
2024-07-12,Israel,Ampliat,25
2024-07-12,Hezbollah,CNN,7
2024-07-12,Hezbollah,Ampliat,7
2024-07-13,Israel,CNN,22
2024-07-13,Israel,Ampliat,22
2024-07-13,Hezbollah,CNN,10
2024-07-13,Hezbollah,Ampliat,11
2024-07-14,Israel,CNN,18
2024-07-14,Israel,Ampliat,21
2024-07-14,Hezbollah,CNN,2
2024-07-14,Hezbollah,Ampliat,4
2024-07-15,Israel,CNN,17
2024-07-15,Israel,Ampliat,18
2024-07-15,Hezbollah,CNN,4
2024-07-15,Hezbollah,Ampliat,5
2024-07-16,Israel,CNN,32
2024-07-16,Israel,Ampliat,32
2024-07-16,Hezbollah,CNN,9
2024-07-16,Hezbollah,Ampliat,9
2024-07-17,Israel,CNN,11
2024-07-17,Israel,Ampliat,11
2024-07-17,Hezbollah,CNN,4
2024-07-17,Hezbollah,Ampliat,4
2024-07-18,Israel,CNN,31
2024-07-18,Israel,Ampliat,31
2024-07-18,Hezbollah,CNN,7
2024-07-18,Hezbollah,Ampliat,8
2024-07-19,Israel,CNN,26
2024-07-19,Israel,Ampliat,26
2024-07-19,Hezbollah,CNN,14
2024-07-19,Hezbollah,Ampliat,17
2024-07-20,Israel,CNN,23
2024-07-20,Israel,Ampliat,24
2024-07-20,Hezbollah,CNN,4
2024-07-20,Hezbollah,Ampliat,7
2024-07-21,Israel,CNN,20
2024-07-21,Israel,Ampliat,20
2024-07-21,Hezbollah,CNN,9
2024-07-21,Hezbollah,Ampliat,11
2024-07-22,Israel,CNN,21
2024-07-22,Israel,Ampliat,21
2024-07-22,Hezbollah,CNN,5
2024-07-22,Hezbollah,Ampliat,6
2024-07-23,Israel,CNN,21
2024-07-23,Israel,Ampliat,21
2024-07-23,Hezbollah,CNN,8
2024-07-23,Hezbollah,Ampliat,9
2024-07-24,Israel,CNN,18
2024-07-24,Israel,Ampliat,19
2024-07-24,Hezbollah,CNN,2
2024-07-24,Hezbollah,Ampliat,3
2024-07-25,Israel,CNN,24
2024-07-25,Israel,Ampliat,24
2024-07-25,Hezbollah,CNN,9
2024-07-25,Hezbollah,Ampliat,11
2024-07-26,Israel,CNN,9
2024-07-26,Israel,Ampliat,9
2024-07-26,Hezbollah,CNN,6
2024-07-26,Hezbollah,Ampliat,8
2024-07-27,Israel,CNN,18
2024-07-27,Israel,Ampliat,19
2024-07-27,Hezbollah,CNN,8
2024-07-27,Hezbollah,Ampliat,14
2024-07-28,Israel,CNN,23
2024-07-28,Israel,Ampliat,23
2024-07-28,Hezbollah,CNN,2
2024-07-28,Hezbollah,Ampliat,2
2024-07-29,Israel,CNN,24
2024-07-29,Israel,Ampliat,24
2024-07-29,Hezbollah,CNN,7
2024-07-29,Hezbollah,Ampliat,7
2024-07-30,Israel,CNN,22
2024-07-30,Israel,Ampliat,24
2024-07-30,Hezbollah,CNN,12
2024-07-30,Hezbollah,Ampliat,15
2024-07-31,Israel,CNN,13
2024-07-31,Israel,Ampliat,13
2024-07-31,Hezbollah,CNN,0
2024-07-31,Hezbollah,Ampliat,0
2024-08-01,Israel,CNN,14
2024-08-01,Israel,Ampliat,14
2024-08-01,Hezbollah,CNN,1
2024-08-01,Hezbollah,Ampliat,1
2024-08-02,Israel,CNN,19
2024-08-02,Israel,Ampliat,23
2024-08-02,Hezbollah,CNN,6
2024-08-02,Hezbollah,Ampliat,8
2024-08-03,Israel,CNN,21
2024-08-03,Israel,Ampliat,22
2024-08-03,Hezbollah,CNN,7
2024-08-03,Hezbollah,Ampliat,10
2024-08-04,Israel,CNN,23
2024-08-04,Israel,Ampliat,23
2024-08-04,Hezbollah,CNN,9
2024-08-04,Hezbollah,Ampliat,9
2024-08-05,Israel,CNN,27
2024-08-05,Israel,Ampliat,27
2024-08-05,Hezbollah,CNN,10
2024-08-05,Hezbollah,Ampliat,10
2024-08-06,Israel,CNN,24
2024-08-06,Israel,Ampliat,24
2024-08-06,Hezbollah,CNN,14
2024-08-06,Hezbollah,Ampliat,18
2024-08-07,Israel,CNN,22
2024-08-07,Israel,Ampliat,22
2024-08-07,Hezbollah,CNN,7
2024-08-07,Hezbollah,Ampliat,10
2024-08-08,Israel,CNN,25
2024-08-08,Israel,Ampliat,26
2024-08-08,Hezbollah,CNN,9
2024-08-08,Hezbollah,Ampliat,11
2024-08-09,Israel,CNN,22
2024-08-09,Israel,Ampliat,22
2024-08-09,Hezbollah,CNN,7
2024-08-09,Hezbollah,Ampliat,9
2024-08-10,Israel,CNN,22
2024-08-10,Israel,Ampliat,22
2024-08-10,Hezbollah,CNN,12
2024-08-10,Hezbollah,Ampliat,14
2024-08-11,Israel,CNN,21
2024-08-11,Israel,Ampliat,22
2024-08-11,Hezbollah,CNN,8
2024-08-11,Hezbollah,Ampliat,9
2024-08-12,Israel,CNN,20
2024-08-12,Israel,Ampliat,20
2024-08-12,Hezbollah,CNN,10
2024-08-12,Hezbollah,Ampliat,13
2024-08-13,Israel,CNN,32
2024-08-13,Israel,Ampliat,32
2024-08-13,Hezbollah,CNN,5
2024-08-13,Hezbollah,Ampliat,7
2024-08-14,Israel,CNN,16
2024-08-14,Israel,Ampliat,16
2024-08-14,Hezbollah,CNN,7
2024-08-14,Hezbollah,Ampliat,9
2024-08-15,Israel,CNN,19
2024-08-15,Israel,Ampliat,19
2024-08-15,Hezbollah,CNN,9
2024-08-15,Hezbollah,Ampliat,14
2024-08-16,Israel,CNN,26
2024-08-16,Israel,Ampliat,26
2024-08-16,Hezbollah,CNN,8
2024-08-16,Hezbollah,Ampliat,10
2024-08-17,Israel,CNN,31
2024-08-17,Israel,Ampliat,31
2024-08-17,Hezbollah,CNN,11
2024-08-17,Hezbollah,Ampliat,13
2024-08-18,Israel,CNN,17
2024-08-18,Israel,Ampliat,17
2024-08-18,Hezbollah,CNN,11
2024-08-18,Hezbollah,Ampliat,14
2024-08-19,Israel,CNN,33
2024-08-19,Israel,Ampliat,33
2024-08-19,Hezbollah,CNN,9
2024-08-19,Hezbollah,Ampliat,11
2024-08-20,Israel,CNN,30
2024-08-20,Israel,Ampliat,30
2024-08-20,Hezbollah,CNN,17
2024-08-20,Hezbollah,Ampliat,21
2024-08-21,Israel,CNN,32
2024-08-21,Israel,Ampliat,32
2024-08-21,Hezbollah,CNN,11
2024-08-21,Hezbollah,Ampliat,15
2024-08-22,Israel,CNN,26
2024-08-22,Israel,Ampliat,26
2024-08-22,Hezbollah,CNN,10
2024-08-22,Hezbollah,Ampliat,14
2024-08-23,Israel,CNN,27
2024-08-23,Israel,Ampliat,34
2024-08-23,Hezbollah,CNN,16
2024-08-23,Hezbollah,Ampliat,18
2024-08-24,Israel,CNN,22
2024-08-24,Israel,Ampliat,22
2024-08-24,Hezbollah,CNN,10
2024-08-24,Hezbollah,Ampliat,14
2024-08-25,Israel,CNN,74
2024-08-25,Israel,Ampliat,74
2024-08-25,Hezbollah,CNN,13
2024-08-25,Hezbollah,Ampliat,19
2024-08-26,Israel,CNN,35
2024-08-26,Israel,Ampliat,35
2024-08-26,Hezbollah,CNN,4
2024-08-26,Hezbollah,Ampliat,4
2024-08-27,Israel,CNN,19
2024-08-27,Israel,Ampliat,19
2024-08-27,Hezbollah,CNN,5
2024-08-27,Hezbollah,Ampliat,5
2024-08-28,Israel,CNN,15
2024-08-28,Israel,Ampliat,16
2024-08-28,Hezbollah,CNN,3
2024-08-28,Hezbollah,Ampliat,5
2024-08-29,Israel,CNN,21
2024-08-29,Israel,Ampliat,21
2024-08-29,Hezbollah,CNN,8
2024-08-29,Hezbollah,Ampliat,12
2024-08-30,Israel,CNN,28
2024-08-30,Israel,Ampliat,28
2024-08-30,Hezbollah,CNN,5
2024-08-30,Hezbollah,Ampliat,8
2024-08-31,Israel,CNN,22
2024-08-31,Israel,Ampliat,22
2024-08-31,Hezbollah,CNN,5
2024-08-31,Hezbollah,Ampliat,9
2024-09-01,Israel,CNN,20
2024-09-01,Israel,Ampliat,20
2024-09-01,Hezbollah,CNN,9
2024-09-01,Hezbollah,Ampliat,12
2024-09-02,Israel,CNN,25
2024-09-02,Israel,Ampliat,25
2024-09-02,Hezbollah,CNN,8
2024-09-02,Hezbollah,Ampliat,11
2024-09-03,Israel,CNN,13
2024-09-03,Israel,Ampliat,13
2024-09-03,Hezbollah,CNN,3
2024-09-03,Hezbollah,Ampliat,5
2024-09-04,Israel,CNN,39
2024-09-04,Israel,Ampliat,39
2024-09-04,Hezbollah,CNN,11
2024-09-04,Hezbollah,Ampliat,14
2024-09-05,Israel,CNN,18
2024-09-05,Israel,Ampliat,18
2024-09-05,Hezbollah,CNN,8
2024-09-05,Hezbollah,Ampliat,9
2024-09-06,Israel,CNN,28
2024-09-06,Israel,Ampliat,28
2024-09-06,Hezbollah,CNN,4
2024-09-06,Hezbollah,Ampliat,9
2024-09-07,Israel,CNN,24
2024-09-07,Israel,Ampliat,24
2024-09-07,Hezbollah,CNN,11
2024-09-07,Hezbollah,Ampliat,12
2024-09-08,Israel,CNN,16
2024-09-08,Israel,Ampliat,16
2024-09-08,Hezbollah,CNN,5
2024-09-08,Hezbollah,Ampliat,8
2024-09-09,Israel,CNN,18
2024-09-09,Israel,Ampliat,18
2024-09-09,Hezbollah,CNN,11
2024-09-09,Hezbollah,Ampliat,14
2024-09-10,Israel,CNN,31
2024-09-10,Israel,Ampliat,31
2024-09-10,Hezbollah,CNN,3
2024-09-10,Hezbollah,Ampliat,5
2024-09-11,Israel,CNN,43
2024-09-11,Israel,Ampliat,43
2024-09-11,Hezbollah,CNN,7
2024-09-11,Hezbollah,Ampliat,10
2024-09-12,Israel,CNN,24
2024-09-12,Israel,Ampliat,26
2024-09-12,Hezbollah,CNN,6
2024-09-12,Hezbollah,Ampliat,8
2024-09-13,Israel,CNN,32
2024-09-13,Israel,Ampliat,32
2024-09-13,Hezbollah,CNN,5
2024-09-13,Hezbollah,Ampliat,7
2024-09-14,Israel,CNN,22
2024-09-14,Israel,Ampliat,23
2024-09-14,Hezbollah,CNN,9
2024-09-14,Hezbollah,Ampliat,13
2024-09-15,Israel,CNN,24
2024-09-15,Israel,Ampliat,24
2024-09-15,Hezbollah,CNN,7
2024-09-15,Hezbollah,Ampliat,13
2024-09-16,Israel,CNN,23
2024-09-16,Israel,Ampliat,23
2024-09-16,Hezbollah,CNN,14
2024-09-16,Hezbollah,Ampliat,18
2024-09-17,Israel,CNN,21
2024-09-17,Israel,Ampliat,21
2024-09-17,Hezbollah,CNN,4
2024-09-17,Hezbollah,Ampliat,5
2024-09-18,Israel,CNN,28
2024-09-18,Israel,Ampliat,28
2024-09-18,Hezbollah,CNN,5
2024-09-18,Hezbollah,Ampliat,6
2024-09-19,Israel,CNN,58
2024-09-19,Israel,Ampliat,58
2024-09-19,Hezbollah,CNN,15
2024-09-19,Hezbollah,Ampliat,16
2024-09-20,Israel,CNN,21
2024-09-20,Israel,Ampliat,22
2024-09-20,Hezbollah,CNN,13
2024-09-20,Hezbollah,Ampliat,24
2024-09-21,Israel,CNN,79
2024-09-21,Israel,Ampliat,79
2024-09-21,Hezbollah,CNN,12
2024-09-21,Hezbollah,Ampliat,15
2024-09-22,Israel,CNN,64
2024-09-22,Israel,Ampliat,64
2024-09-22,Hezbollah,CNN,18
2024-09-22,Hezbollah,Ampliat,19
2024-09-23,Israel,CNN,202
2024-09-23,Israel,Ampliat,202
2024-09-23,Hezbollah,CNN,28
2024-09-23,Hezbollah,Ampliat,31
2024-09-24,Israel,CNN,127
2024-09-24,Israel,Ampliat,127
2024-09-24,Hezbollah,CNN,35
2024-09-24,Hezbollah,Ampliat,36
2024-09-25,Israel,CNN,141
2024-09-25,Israel,Ampliat,141
2024-09-25,Hezbollah,CNN,16
2024-09-25,Hezbollah,Ampliat,17
2024-09-26,Israel,CNN,116
2024-09-26,Israel,Ampliat,118
2024-09-26,Hezbollah,CNN,19
2024-09-26,Hezbollah,Ampliat,19
2024-09-27,Israel,CNN,105
2024-09-27,Israel,Ampliat,107
2024-09-27,Hezbollah,CNN,13
2024-09-27,Hezbollah,Ampliat,13
2024-09-28,Israel,CNN,107
2024-09-28,Israel,Ampliat,111
2024-09-28,Hezbollah,CNN,14
2024-09-28,Hezbollah,Ampliat,15
2024-09-29,Israel,CNN,136
2024-09-29,Israel,Ampliat,140
2024-09-29,Hezbollah,CNN,18
2024-09-29,Hezbollah,Ampliat,22
2024-09-30,Israel,CNN,117
2024-09-30,Israel,Ampliat,120
2024-09-30,Hezbollah,CNN,23
2024-09-30,Hezbollah,Ampliat,27
2024-10-01,Israel,CNN,89
2024-10-01,Israel,Ampliat,95
2024-10-01,Hezbollah,CNN,20
2024-10-01,Hezbollah,Ampliat,23
2024-10-02,Israel,CNN,99
2024-10-02,Israel,Ampliat,100
2024-10-02,Hezbollah,CNN,20
2024-10-02,Hezbollah,Ampliat,20
2024-10-03,Israel,CNN,96
2024-10-03,Israel,Ampliat,99
2024-10-03,Hezbollah,CNN,23
2024-10-03,Hezbollah,Ampliat,23
2024-10-04,Israel,CNN,112
2024-10-04,Israel,Ampliat,112
2024-10-04,Hezbollah,CNN,25
2024-10-04,Hezbollah,Ampliat,31
2024-10-05,Israel,CNN,100
2024-10-05,Israel,Ampliat,105
2024-10-05,Hezbollah,CNN,20
2024-10-05,Hezbollah,Ampliat,25
2024-10-06,Israel,CNN,71
2024-10-06,Israel,Ampliat,76
2024-10-06,Hezbollah,CNN,22
2024-10-06,Hezbollah,Ampliat,22
2024-10-07,Israel,CNN,119
2024-10-07,Israel,Ampliat,119
2024-10-07,Hezbollah,CNN,18
2024-10-07,Hezbollah,Ampliat,19
2024-10-08,Israel,CNN,96
2024-10-08,Israel,Ampliat,97
2024-10-08,Hezbollah,CNN,23
2024-10-08,Hezbollah,Ampliat,23
2024-10-09,Israel,CNN,58
2024-10-09,Israel,Ampliat,59
2024-10-09,Hezbollah,CNN,20
2024-10-09,Hezbollah,Ampliat,21
2024-10-10,Israel,CNN,71
2024-10-10,Israel,Ampliat,73
2024-10-10,Hezbollah,CNN,18
2024-10-10,Hezbollah,Ampliat,19
2024-10-11,Israel,CNN,84
2024-10-11,Israel,Ampliat,85
2024-10-11,Hezbollah,CNN,27
2024-10-11,Hezbollah,Ampliat,30
2024-10-12,Israel,CNN,109
2024-10-12,Israel,Ampliat,110
2024-10-12,Hezbollah,CNN,24
2024-10-12,Hezbollah,Ampliat,29
2024-10-13,Israel,CNN,87
2024-10-13,Israel,Ampliat,88
2024-10-13,Hezbollah,CNN,25
2024-10-13,Hezbollah,Ampliat,31
2024-10-14,Israel,CNN,86
2024-10-14,Israel,Ampliat,87
2024-10-14,Hezbollah,CNN,26
2024-10-14,Hezbollah,Ampliat,30
2024-10-15,Israel,CNN,93
2024-10-15,Israel,Ampliat,94
2024-10-15,Hezbollah,CNN,19
2024-10-15,Hezbollah,Ampliat,20
2024-10-16,Israel,CNN,94
2024-10-16,Israel,Ampliat,96
2024-10-16,Hezbollah,CNN,18
2024-10-16,Hezbollah,Ampliat,18
2024-10-17,Israel,CNN,97
2024-10-17,Israel,Ampliat,99
2024-10-17,Hezbollah,CNN,17
2024-10-17,Hezbollah,Ampliat,19
2024-10-18,Israel,CNN,89
2024-10-18,Israel,Ampliat,90
2024-10-18,Hezbollah,CNN,27
2024-10-18,Hezbollah,Ampliat,30
2024-10-19,Israel,CNN,81
2024-10-19,Israel,Ampliat,83
2024-10-19,Hezbollah,CNN,22
2024-10-19,Hezbollah,Ampliat,25
2024-10-20,Israel,CNN,93
2024-10-20,Israel,Ampliat,95
2024-10-20,Hezbollah,CNN,25
2024-10-20,Hezbollah,Ampliat,31
2024-10-21,Israel,CNN,126
2024-10-21,Israel,Ampliat,127
2024-10-21,Hezbollah,CNN,18
2024-10-21,Hezbollah,Ampliat,21
2024-10-22,Israel,CNN,88
2024-10-22,Israel,Ampliat,89
2024-10-22,Hezbollah,CNN,36
2024-10-22,Hezbollah,Ampliat,36
2024-10-23,Israel,CNN,93
2024-10-23,Israel,Ampliat,93
2024-10-23,Hezbollah,CNN,32
2024-10-23,Hezbollah,Ampliat,35
2024-10-24,Israel,CNN,94
2024-10-24,Israel,Ampliat,99
2024-10-24,Hezbollah,CNN,28
2024-10-24,Hezbollah,Ampliat,28
2024-10-25,Israel,CNN,78
2024-10-25,Israel,Ampliat,79
2024-10-25,Hezbollah,CNN,36
2024-10-25,Hezbollah,Ampliat,40
2024-10-26,Israel,CNN,82
2024-10-26,Israel,Ampliat,86
2024-10-26,Hezbollah,CNN,23
2024-10-26,Hezbollah,Ampliat,25
2024-10-27,Israel,CNN,99
2024-10-27,Israel,Ampliat,99
2024-10-27,Hezbollah,CNN,26
2024-10-27,Hezbollah,Ampliat,27
2024-10-28,Israel,CNN,95
2024-10-28,Israel,Ampliat,97
2024-10-28,Hezbollah,CNN,20
2024-10-28,Hezbollah,Ampliat,21
2024-10-29,Israel,CNN,90
2024-10-29,Israel,Ampliat,92
2024-10-29,Hezbollah,CNN,29
2024-10-29,Hezbollah,Ampliat,29
2024-10-30,Israel,CNN,90
2024-10-30,Israel,Ampliat,90
2024-10-30,Hezbollah,CNN,20
2024-10-30,Hezbollah,Ampliat,21
2024-10-31,Israel,CNN,78
2024-10-31,Israel,Ampliat,81
2024-10-31,Hezbollah,CNN,19
2024-10-31,Hezbollah,Ampliat,19
2024-11-01,Israel,CNN,92
2024-11-01,Israel,Ampliat,93
2024-11-01,Hezbollah,CNN,10
2024-11-01,Hezbollah,Ampliat,10
2024-11-02,Israel,CNN,83
2024-11-02,Israel,Ampliat,86
2024-11-02,Hezbollah,CNN,23
2024-11-02,Hezbollah,Ampliat,24
2024-11-03,Israel,CNN,71
2024-11-03,Israel,Ampliat,71
2024-11-03,Hezbollah,CNN,22
2024-11-03,Hezbollah,Ampliat,25
2024-11-04,Israel,CNN,84
2024-11-04,Israel,Ampliat,87
2024-11-04,Hezbollah,CNN,12
2024-11-04,Hezbollah,Ampliat,13
2024-11-05,Israel,CNN,76
2024-11-05,Israel,Ampliat,77
2024-11-05,Hezbollah,CNN,13
2024-11-05,Hezbollah,Ampliat,15
2024-11-06,Israel,CNN,100
2024-11-06,Israel,Ampliat,103
2024-11-06,Hezbollah,CNN,26
2024-11-06,Hezbollah,Ampliat,29
2024-11-07,Israel,CNN,64
2024-11-07,Israel,Ampliat,64
2024-11-07,Hezbollah,CNN,9
2024-11-07,Hezbollah,Ampliat,9
2024-11-08,Israel,CNN,68
2024-11-08,Israel,Ampliat,69
2024-11-08,Hezbollah,CNN,9
2024-11-08,Hezbollah,Ampliat,9
2024-11-09,Israel,CNN,68
2024-11-09,Israel,Ampliat,72
2024-11-09,Hezbollah,CNN,22
2024-11-09,Hezbollah,Ampliat,23
2024-11-10,Israel,CNN,75
2024-11-10,Israel,Ampliat,76
2024-11-10,Hezbollah,CNN,22
2024-11-10,Hezbollah,Ampliat,25
2024-11-11,Israel,CNN,64
2024-11-11,Israel,Ampliat,66
2024-11-11,Hezbollah,CNN,25
2024-11-11,Hezbollah,Ampliat,26
2024-11-12,Israel,CNN,91
2024-11-12,Israel,Ampliat,91
2024-11-12,Hezbollah,CNN,28
2024-11-12,Hezbollah,Ampliat,28
2024-11-13,Israel,CNN,58
2024-11-13,Israel,Ampliat,66
2024-11-13,Hezbollah,CNN,21
2024-11-13,Hezbollah,Ampliat,23
2024-11-14,Israel,CNN,105
2024-11-14,Israel,Ampliat,109
2024-11-14,Hezbollah,CNN,33
2024-11-14,Hezbollah,Ampliat,33
2024-11-15,Israel,CNN,87
2024-11-15,Israel,Ampliat,90
2024-11-15,Hezbollah,CNN,14
2024-11-15,Hezbollah,Ampliat,14
2024-11-16,Israel,CNN,82
2024-11-16,Israel,Ampliat,82
2024-11-16,Hezbollah,CNN,23
2024-11-16,Hezbollah,Ampliat,24
2024-11-17,Israel,CNN,98
2024-11-17,Israel,Ampliat,98
2024-11-17,Hezbollah,CNN,5
2024-11-17,Hezbollah,Ampliat,6
2024-11-18,Israel,CNN,93
2024-11-18,Israel,Ampliat,93
2024-11-18,Hezbollah,CNN,21
2024-11-18,Hezbollah,Ampliat,21
2024-11-19,Israel,CNN,85
2024-11-19,Israel,Ampliat,85
2024-11-19,Hezbollah,CNN,31
2024-11-19,Hezbollah,Ampliat,31
2024-11-20,Israel,CNN,73
2024-11-20,Israel,Ampliat,74
2024-11-20,Hezbollah,CNN,20
2024-11-20,Hezbollah,Ampliat,21
2024-11-21,Israel,CNN,90
2024-11-21,Israel,Ampliat,90
2024-11-21,Hezbollah,CNN,15
2024-11-21,Hezbollah,Ampliat,16
2024-11-22,Israel,CNN,95
2024-11-22,Israel,Ampliat,95
2024-11-22,Hezbollah,CNN,24
2024-11-22,Hezbollah,Ampliat,26
2024-11-23,Israel,CNN,122
2024-11-23,Israel,Ampliat,123
2024-11-23,Hezbollah,CNN,20
2024-11-23,Hezbollah,Ampliat,20
2024-11-24,Israel,CNN,69
2024-11-24,Israel,Ampliat,69
2024-11-24,Hezbollah,CNN,41
2024-11-24,Hezbollah,Ampliat,41
2024-11-25,Israel,CNN,106
2024-11-25,Israel,Ampliat,113
2024-11-25,Hezbollah,CNN,16
2024-11-25,Hezbollah,Ampliat,17
2024-11-26,Israel,CNN,159
2024-11-26,Israel,Ampliat,162
2024-11-26,Hezbollah,CNN,15
2024-11-26,Hezbollah,Ampliat,20
2024-11-27,Israel,CNN,12
2024-11-27,Israel,Ampliat,14
2024-11-27,Hezbollah,CNN,1
2024-11-27,Hezbollah,Ampliat,1
2024-11-28,Israel,CNN,17
2024-11-28,Israel,Ampliat,17
2024-11-28,Hezbollah,CNN,0
2024-11-28,Hezbollah,Ampliat,0
2024-11-29,Israel,CNN,16
2024-11-29,Israel,Ampliat,16
2024-11-29,Hezbollah,CNN,0
2024-11-29,Hezbollah,Ampliat,0
2024-11-30,Israel,CNN,16
2024-11-30,Israel,Ampliat,20
2024-11-30,Hezbollah,CNN,0
2024-11-30,Hezbollah,Ampliat,0
2024-12-01,Israel,CNN,11
2024-12-01,Israel,Ampliat,11
2024-12-01,Hezbollah,CNN,0
2024-12-01,Hezbollah,Ampliat,0
2024-12-02,Israel,CNN,34
2024-12-02,Israel,Ampliat,37
2024-12-02,Hezbollah,CNN,0
2024-12-02,Hezbollah,Ampliat,1
2024-12-03,Israel,CNN,11
2024-12-03,Israel,Ampliat,15
2024-12-03,Hezbollah,CNN,0
2024-12-03,Hezbollah,Ampliat,0
2024-12-04,Israel,CNN,12
2024-12-04,Israel,Ampliat,12
2024-12-04,Hezbollah,CNN,0
2024-12-04,Hezbollah,Ampliat,0
2024-12-05,Israel,CNN,10
2024-12-05,Israel,Ampliat,10
2024-12-05,Hezbollah,CNN,0
2024-12-05,Hezbollah,Ampliat,0
2024-12-06,Israel,CNN,10
2024-12-06,Israel,Ampliat,13
2024-12-06,Hezbollah,CNN,0
2024-12-06,Hezbollah,Ampliat,0
2024-12-07,Israel,CNN,11
2024-12-07,Israel,Ampliat,11
2024-12-07,Hezbollah,CNN,0
2024-12-07,Hezbollah,Ampliat,0
2024-12-08,Israel,CNN,3
2024-12-08,Israel,Ampliat,37
2024-12-08,Hezbollah,CNN,0
2024-12-08,Hezbollah,Ampliat,0
2024-12-09,Israel,CNN,8
2024-12-09,Israel,Ampliat,42
2024-12-09,Hezbollah,CNN,0
2024-12-09,Hezbollah,Ampliat,0
2024-12-10,Israel,CNN,11
2024-12-10,Israel,Ampliat,16
2024-12-10,Hezbollah,CNN,0
2024-12-10,Hezbollah,Ampliat,0
2024-12-11,Israel,CNN,6
2024-12-11,Israel,Ampliat,12
2024-12-11,Hezbollah,CNN,0
2024-12-11,Hezbollah,Ampliat,0
2024-12-12,Israel,CNN,3
2024-12-12,Israel,Ampliat,8
2024-12-12,Hezbollah,CNN,0
2024-12-12,Hezbollah,Ampliat,0
2024-12-13,Israel,CNN,5
2024-12-13,Israel,Ampliat,16
2024-12-13,Hezbollah,CNN,0
2024-12-13,Hezbollah,Ampliat,0
2024-12-14,Israel,CNN,3
2024-12-14,Israel,Ampliat,10
2024-12-14,Hezbollah,CNN,0
2024-12-14,Hezbollah,Ampliat,0
2024-12-15,Israel,CNN,1
2024-12-15,Israel,Ampliat,8
2024-12-15,Hezbollah,CNN,0
2024-12-15,Hezbollah,Ampliat,0
2024-12-16,Israel,CNN,5
2024-12-16,Israel,Ampliat,21
2024-12-16,Hezbollah,CNN,0
2024-12-16,Hezbollah,Ampliat,0
2024-12-17,Israel,CNN,7
2024-12-17,Israel,Ampliat,11
2024-12-17,Hezbollah,CNN,0
2024-12-17,Hezbollah,Ampliat,0
2024-12-18,Israel,CNN,1
2024-12-18,Israel,Ampliat,1
2024-12-18,Hezbollah,CNN,0
2024-12-18,Hezbollah,Ampliat,0
2024-12-19,Israel,CNN,0
2024-12-19,Israel,Ampliat,0
2024-12-19,Hezbollah,CNN,0
2024-12-19,Hezbollah,Ampliat,0
2024-12-20,Israel,CNN,2
2024-12-20,Israel,Ampliat,2
2024-12-20,Hezbollah,CNN,0
2024-12-20,Hezbollah,Ampliat,0
2024-12-21,Israel,CNN,1
2024-12-21,Israel,Ampliat,1
2024-12-21,Hezbollah,CNN,0
2024-12-21,Hezbollah,Ampliat,0
2024-12-22,Israel,CNN,0
2024-12-22,Israel,Ampliat,0
2024-12-22,Hezbollah,CNN,0
2024-12-22,Hezbollah,Ampliat,0
2024-12-23,Israel,CNN,3
2024-12-23,Israel,Ampliat,3
2024-12-23,Hezbollah,CNN,0
2024-12-23,Hezbollah,Ampliat,0
2024-12-24,Israel,CNN,2
2024-12-24,Israel,Ampliat,2
2024-12-24,Hezbollah,CNN,0
2024-12-24,Hezbollah,Ampliat,0
2024-12-25,Israel,CNN,3
2024-12-25,Israel,Ampliat,3
2024-12-25,Hezbollah,CNN,0
2024-12-25,Hezbollah,Ampliat,0
2024-12-26,Israel,CNN,1
2024-12-26,Israel,Ampliat,1
2024-12-26,Hezbollah,CNN,0
2024-12-26,Hezbollah,Ampliat,0
2024-12-27,Israel,CNN,4
2024-12-27,Israel,Ampliat,4
2024-12-27,Hezbollah,CNN,0
2024-12-27,Hezbollah,Ampliat,0
2024-12-28,Israel,CNN,6
2024-12-28,Israel,Ampliat,6
2024-12-28,Hezbollah,CNN,0
2024-12-28,Hezbollah,Ampliat,0
2024-12-29,Israel,CNN,1
2024-12-29,Israel,Ampliat,2
2024-12-29,Hezbollah,CNN,0
2024-12-29,Hezbollah,Ampliat,0
2024-12-30,Israel,CNN,0
2024-12-30,Israel,Ampliat,0
2024-12-30,Hezbollah,CNN,0
2024-12-30,Hezbollah,Ampliat,0
2024-12-31,Israel,CNN,3
2024-12-31,Israel,Ampliat,3
2024-12-31,Hezbollah,CNN,0
2024-12-31,Hezbollah,Ampliat,0
2025-01-01,Israel,CNN,1
2025-01-01,Israel,Ampliat,1
2025-01-01,Hezbollah,CNN,0
2025-01-01,Hezbollah,Ampliat,0
2025-01-02,Israel,CNN,8
2025-01-02,Israel,Ampliat,10
2025-01-02,Hezbollah,CNN,0
2025-01-02,Hezbollah,Ampliat,0
2025-01-03,Israel,CNN,2
2025-01-03,Israel,Ampliat,2
2025-01-03,Hezbollah,CNN,0
2025-01-03,Hezbollah,Ampliat,0
2025-01-04,Israel,CNN,4
2025-01-04,Israel,Ampliat,4
2025-01-04,Hezbollah,CNN,0
2025-01-04,Hezbollah,Ampliat,0
2025-01-05,Israel,CNN,5
2025-01-05,Israel,Ampliat,6
2025-01-05,Hezbollah,CNN,0
2025-01-05,Hezbollah,Ampliat,0
2025-01-06,Israel,CNN,2
2025-01-06,Israel,Ampliat,2
2025-01-06,Hezbollah,CNN,0
2025-01-06,Hezbollah,Ampliat,0
2025-01-07,Israel,CNN,2
2025-01-07,Israel,Ampliat,2
2025-01-07,Hezbollah,CNN,0
2025-01-07,Hezbollah,Ampliat,0
2025-01-08,Israel,CNN,7
2025-01-08,Israel,Ampliat,7
2025-01-08,Hezbollah,CNN,0
2025-01-08,Hezbollah,Ampliat,0
2025-01-09,Israel,CNN,1
2025-01-09,Israel,Ampliat,1
2025-01-09,Hezbollah,CNN,0
2025-01-09,Hezbollah,Ampliat,0
2025-01-10,Israel,CNN,4
2025-01-10,Israel,Ampliat,4
2025-01-10,Hezbollah,CNN,0
2025-01-10,Hezbollah,Ampliat,0
2025-01-11,Israel,CNN,2
2025-01-11,Israel,Ampliat,3
2025-01-11,Hezbollah,CNN,0
2025-01-11,Hezbollah,Ampliat,0
2025-01-12,Israel,CNN,13
2025-01-12,Israel,Ampliat,13
2025-01-12,Hezbollah,CNN,0
2025-01-12,Hezbollah,Ampliat,0
2025-01-13,Israel,CNN,6
2025-01-13,Israel,Ampliat,7
2025-01-13,Hezbollah,CNN,0
2025-01-13,Hezbollah,Ampliat,0
2025-01-14,Israel,CNN,3
2025-01-14,Israel,Ampliat,3
2025-01-14,Hezbollah,CNN,0
2025-01-14,Hezbollah,Ampliat,0
2025-01-15,Israel,CNN,7
2025-01-15,Israel,Ampliat,8
2025-01-15,Hezbollah,CNN,0
2025-01-15,Hezbollah,Ampliat,0
2025-01-16,Israel,CNN,5
2025-01-16,Israel,Ampliat,5
2025-01-16,Hezbollah,CNN,0
2025-01-16,Hezbollah,Ampliat,0
2025-01-17,Israel,CNN,0
2025-01-17,Israel,Ampliat,0
2025-01-17,Hezbollah,CNN,0
2025-01-17,Hezbollah,Ampliat,0
2025-01-18,Israel,CNN,1
2025-01-18,Israel,Ampliat,1
2025-01-18,Hezbollah,CNN,0
2025-01-18,Hezbollah,Ampliat,0
2025-01-19,Israel,CNN,3
2025-01-19,Israel,Ampliat,3
2025-01-19,Hezbollah,CNN,0
2025-01-19,Hezbollah,Ampliat,0
2025-01-20,Israel,CNN,7
2025-01-20,Israel,Ampliat,7
2025-01-20,Hezbollah,CNN,0
2025-01-20,Hezbollah,Ampliat,0
2025-01-21,Israel,CNN,3
2025-01-21,Israel,Ampliat,3
2025-01-21,Hezbollah,CNN,0
2025-01-21,Hezbollah,Ampliat,0
2025-01-22,Israel,CNN,2
2025-01-22,Israel,Ampliat,2
2025-01-22,Hezbollah,CNN,0
2025-01-22,Hezbollah,Ampliat,0
2025-01-23,Israel,CNN,3
2025-01-23,Israel,Ampliat,3
2025-01-23,Hezbollah,CNN,0
2025-01-23,Hezbollah,Ampliat,0
2025-01-24,Israel,CNN,7
2025-01-24,Israel,Ampliat,7
2025-01-24,Hezbollah,CNN,0
2025-01-24,Hezbollah,Ampliat,0
2025-01-25,Israel,CNN,3
2025-01-25,Israel,Ampliat,3
2025-01-25,Hezbollah,CNN,0
2025-01-25,Hezbollah,Ampliat,0
2025-01-26,Israel,CNN,3
2025-01-26,Israel,Ampliat,3
2025-01-26,Hezbollah,CNN,0
2025-01-26,Hezbollah,Ampliat,0
2025-01-27,Israel,CNN,4
2025-01-27,Israel,Ampliat,4
2025-01-27,Hezbollah,CNN,0
2025-01-27,Hezbollah,Ampliat,0
2025-01-28,Israel,CNN,6
2025-01-28,Israel,Ampliat,6
2025-01-28,Hezbollah,CNN,0
2025-01-28,Hezbollah,Ampliat,0
2025-01-29,Israel,CNN,7
2025-01-29,Israel,Ampliat,7
2025-01-29,Hezbollah,CNN,0
2025-01-29,Hezbollah,Ampliat,0
2025-01-30,Israel,CNN,8
2025-01-30,Israel,Ampliat,8
2025-01-30,Hezbollah,CNN,0
2025-01-30,Hezbollah,Ampliat,0
2025-01-31,Israel,CNN,6
2025-01-31,Israel,Ampliat,6
2025-01-31,Hezbollah,CNN,0
2025-01-31,Hezbollah,Ampliat,0
2025-02-01,Israel,CNN,1
2025-02-01,Israel,Ampliat,1
2025-02-01,Hezbollah,CNN,0
2025-02-01,Hezbollah,Ampliat,0
2025-02-02,Israel,CNN,0
2025-02-02,Israel,Ampliat,1
2025-02-02,Hezbollah,CNN,0
2025-02-02,Hezbollah,Ampliat,0
2025-02-03,Israel,CNN,0
2025-02-03,Israel,Ampliat,0
2025-02-03,Hezbollah,CNN,0
2025-02-03,Hezbollah,Ampliat,0
2025-02-04,Israel,CNN,2
2025-02-04,Israel,Ampliat,2
2025-02-04,Hezbollah,CNN,0
2025-02-04,Hezbollah,Ampliat,0
2025-02-05,Israel,CNN,0
2025-02-05,Israel,Ampliat,0
2025-02-05,Hezbollah,CNN,0
2025-02-05,Hezbollah,Ampliat,0
2025-02-06,Israel,CNN,9
2025-02-06,Israel,Ampliat,9
2025-02-06,Hezbollah,CNN,0
2025-02-06,Hezbollah,Ampliat,0
2025-02-07,Israel,CNN,2
2025-02-07,Israel,Ampliat,2
2025-02-07,Hezbollah,CNN,0
2025-02-07,Hezbollah,Ampliat,0
2025-02-08,Israel,CNN,2
2025-02-08,Israel,Ampliat,4
2025-02-08,Hezbollah,CNN,0
2025-02-08,Hezbollah,Ampliat,0
2025-02-09,Israel,CNN,15
2025-02-09,Israel,Ampliat,16
2025-02-09,Hezbollah,CNN,0
2025-02-09,Hezbollah,Ampliat,0
2025-02-10,Israel,CNN,3
2025-02-10,Israel,Ampliat,3
2025-02-10,Hezbollah,CNN,0
2025-02-10,Hezbollah,Ampliat,0
2025-02-11,Israel,CNN,1
2025-02-11,Israel,Ampliat,1
2025-02-11,Hezbollah,CNN,0
2025-02-11,Hezbollah,Ampliat,0
2025-02-12,Israel,CNN,2
2025-02-12,Israel,Ampliat,2
2025-02-12,Hezbollah,CNN,0
2025-02-12,Hezbollah,Ampliat,0
2025-02-13,Israel,CNN,3
2025-02-13,Israel,Ampliat,3
2025-02-13,Hezbollah,CNN,0
2025-02-13,Hezbollah,Ampliat,0
2025-02-14,Israel,CNN,2
2025-02-14,Israel,Ampliat,2
2025-02-14,Hezbollah,CNN,0
2025-02-14,Hezbollah,Ampliat,0
2025-02-15,Israel,CNN,3
2025-02-15,Israel,Ampliat,3
2025-02-15,Hezbollah,CNN,0
2025-02-15,Hezbollah,Ampliat,0
2025-02-16,Israel,CNN,6
2025-02-16,Israel,Ampliat,6
2025-02-16,Hezbollah,CNN,0
2025-02-16,Hezbollah,Ampliat,0
2025-02-17,Israel,CNN,6
2025-02-17,Israel,Ampliat,6
2025-02-17,Hezbollah,CNN,0
2025-02-17,Hezbollah,Ampliat,0
2025-02-18,Israel,CNN,3
2025-02-18,Israel,Ampliat,6
2025-02-18,Hezbollah,CNN,0
2025-02-18,Hezbollah,Ampliat,0
2025-02-19,Israel,CNN,2
2025-02-19,Israel,Ampliat,4
2025-02-19,Hezbollah,CNN,0
2025-02-19,Hezbollah,Ampliat,0
2025-02-20,Israel,CNN,1
2025-02-20,Israel,Ampliat,1
2025-02-20,Hezbollah,CNN,0
2025-02-20,Hezbollah,Ampliat,0
2025-02-21,Israel,CNN,0
2025-02-21,Israel,Ampliat,0
2025-02-21,Hezbollah,CNN,0
2025-02-21,Hezbollah,Ampliat,0
2025-02-22,Israel,CNN,3
2025-02-22,Israel,Ampliat,5
2025-02-22,Hezbollah,CNN,0
2025-02-22,Hezbollah,Ampliat,0
2025-02-23,Israel,CNN,18
2025-02-23,Israel,Ampliat,18
2025-02-23,Hezbollah,CNN,0
2025-02-23,Hezbollah,Ampliat,0
2025-02-24,Israel,CNN,0
2025-02-24,Israel,Ampliat,0
2025-02-24,Hezbollah,CNN,0
2025-02-24,Hezbollah,Ampliat,0
2025-02-25,Israel,CNN,3
2025-02-25,Israel,Ampliat,8
2025-02-25,Hezbollah,CNN,0
2025-02-25,Hezbollah,Ampliat,0
2025-02-26,Israel,CNN,3
2025-02-26,Israel,Ampliat,3
2025-02-26,Hezbollah,CNN,0
2025-02-26,Hezbollah,Ampliat,0
2025-02-27,Israel,CNN,2
2025-02-27,Israel,Ampliat,2
2025-02-27,Hezbollah,CNN,0
2025-02-27,Hezbollah,Ampliat,0
2025-02-28,Israel,CNN,2
2025-02-28,Israel,Ampliat,2
2025-02-28,Hezbollah,CNN,0
2025-02-28,Hezbollah,Ampliat,0
2025-03-01,Israel,CNN,0
2025-03-01,Israel,Ampliat,0
2025-03-01,Hezbollah,CNN,0
2025-03-01,Hezbollah,Ampliat,0
2025-03-02,Israel,CNN,2
2025-03-02,Israel,Ampliat,2
2025-03-02,Hezbollah,CNN,0
2025-03-02,Hezbollah,Ampliat,0
2025-03-03,Israel,CNN,2
2025-03-03,Israel,Ampliat,3
2025-03-03,Hezbollah,CNN,0
2025-03-03,Hezbollah,Ampliat,0
2025-03-04,Israel,CNN,3
2025-03-04,Israel,Ampliat,3
2025-03-04,Hezbollah,CNN,0
2025-03-04,Hezbollah,Ampliat,0
2025-03-05,Israel,CNN,2
2025-03-05,Israel,Ampliat,3
2025-03-05,Hezbollah,CNN,0
2025-03-05,Hezbollah,Ampliat,0
2025-03-06,Israel,CNN,1
2025-03-06,Israel,Ampliat,1
2025-03-06,Hezbollah,CNN,0
2025-03-06,Hezbollah,Ampliat,0
2025-03-07,Israel,CNN,16
2025-03-07,Israel,Ampliat,16
2025-03-07,Hezbollah,CNN,0
2025-03-07,Hezbollah,Ampliat,0
2025-03-08,Israel,CNN,4
2025-03-08,Israel,Ampliat,4
2025-03-08,Hezbollah,CNN,0
2025-03-08,Hezbollah,Ampliat,0
2025-03-09,Israel,CNN,2
2025-03-09,Israel,Ampliat,2
2025-03-09,Hezbollah,CNN,0
2025-03-09,Hezbollah,Ampliat,0
2025-03-10,Israel,CNN,0
2025-03-10,Israel,Ampliat,4
2025-03-10,Hezbollah,CNN,0
2025-03-10,Hezbollah,Ampliat,0
2025-03-11,Israel,CNN,3
2025-03-11,Israel,Ampliat,7
2025-03-11,Hezbollah,CNN,0
2025-03-11,Hezbollah,Ampliat,0
2025-03-12,Israel,CNN,1
2025-03-12,Israel,Ampliat,1
2025-03-12,Hezbollah,CNN,0
2025-03-12,Hezbollah,Ampliat,0
2025-03-13,Israel,CNN,8
2025-03-13,Israel,Ampliat,9
2025-03-13,Hezbollah,CNN,0
2025-03-13,Hezbollah,Ampliat,0
2025-03-14,Israel,CNN,1
2025-03-14,Israel,Ampliat,1
2025-03-14,Hezbollah,CNN,0
2025-03-14,Hezbollah,Ampliat,0
2025-03-15,Israel,CNN,2
2025-03-15,Israel,Ampliat,2
2025-03-15,Hezbollah,CNN,0
2025-03-15,Hezbollah,Ampliat,0
2025-03-16,Israel,CNN,10
2025-03-16,Israel,Ampliat,10
2025-03-16,Hezbollah,CNN,0
2025-03-16,Hezbollah,Ampliat,0
2025-03-17,Israel,CNN,7
2025-03-17,Israel,Ampliat,12
2025-03-17,Hezbollah,CNN,0
2025-03-17,Hezbollah,Ampliat,0
2025-03-18,Israel,CNN,4
2025-03-18,Israel,Ampliat,8
2025-03-18,Hezbollah,CNN,0
2025-03-18,Hezbollah,Ampliat,0
2025-03-19,Israel,CNN,2
2025-03-19,Israel,Ampliat,2
2025-03-19,Hezbollah,CNN,0
2025-03-19,Hezbollah,Ampliat,0
2025-03-20,Israel,CNN,5
2025-03-20,Israel,Ampliat,5
2025-03-20,Hezbollah,CNN,0
2025-03-20,Hezbollah,Ampliat,0
2025-03-21,Israel,CNN,1
2025-03-21,Israel,Ampliat,3
2025-03-21,Hezbollah,CNN,0
2025-03-21,Hezbollah,Ampliat,0
2025-03-22,Israel,CNN,44
2025-03-22,Israel,Ampliat,45
2025-03-22,Hezbollah,CNN,0
2025-03-22,Hezbollah,Ampliat,0
2025-03-23,Israel,CNN,5
2025-03-23,Israel,Ampliat,6
2025-03-23,Hezbollah,CNN,0
2025-03-23,Hezbollah,Ampliat,0
2025-03-24,Israel,CNN,2
2025-03-24,Israel,Ampliat,3
2025-03-24,Hezbollah,CNN,0
2025-03-24,Hezbollah,Ampliat,0
2025-03-25,Israel,CNN,3
2025-03-25,Israel,Ampliat,6
2025-03-25,Hezbollah,CNN,0
2025-03-25,Hezbollah,Ampliat,0
2025-03-26,Israel,CNN,2
2025-03-26,Israel,Ampliat,2
2025-03-26,Hezbollah,CNN,0
2025-03-26,Hezbollah,Ampliat,0
2025-03-27,Israel,CNN,8
2025-03-27,Israel,Ampliat,13
2025-03-27,Hezbollah,CNN,0
2025-03-27,Hezbollah,Ampliat,0
2025-03-28,Israel,CNN,44
2025-03-28,Israel,Ampliat,44
2025-03-28,Hezbollah,CNN,0
2025-03-28,Hezbollah,Ampliat,0
2025-03-29,Israel,CNN,2
2025-03-29,Israel,Ampliat,3
2025-03-29,Hezbollah,CNN,0
2025-03-29,Hezbollah,Ampliat,0
2025-03-30,Israel,CNN,5
2025-03-30,Israel,Ampliat,5
2025-03-30,Hezbollah,CNN,0
2025-03-30,Hezbollah,Ampliat,0
2025-03-31,Israel,CNN,1
2025-03-31,Israel,Ampliat,2
2025-03-31,Hezbollah,CNN,0
2025-03-31,Hezbollah,Ampliat,0
2025-04-01,Israel,CNN,8
2025-04-01,Israel,Ampliat,8
2025-04-01,Hezbollah,CNN,0
2025-04-01,Hezbollah,Ampliat,0
2025-04-02,Israel,CNN,2
2025-04-02,Israel,Ampliat,7
2025-04-02,Hezbollah,CNN,0
2025-04-02,Hezbollah,Ampliat,0
2025-04-03,Israel,CNN,5
2025-04-03,Israel,Ampliat,12
2025-04-03,Hezbollah,CNN,0
2025-04-03,Hezbollah,Ampliat,0
2025-04-04,Israel,CNN,2
2025-04-04,Israel,Ampliat,2
2025-04-04,Hezbollah,CNN,0
2025-04-04,Hezbollah,Ampliat,0
2025-04-05,Israel,CNN,1
2025-04-05,Israel,Ampliat,2
2025-04-05,Hezbollah,CNN,0
2025-04-05,Hezbollah,Ampliat,0
2025-04-06,Israel,CNN,6
2025-04-06,Israel,Ampliat,6
2025-04-06,Hezbollah,CNN,0
2025-04-06,Hezbollah,Ampliat,0
2025-04-07,Israel,CNN,3
2025-04-07,Israel,Ampliat,3
2025-04-07,Hezbollah,CNN,0
2025-04-07,Hezbollah,Ampliat,0
2025-04-08,Israel,CNN,3
2025-04-08,Israel,Ampliat,3
2025-04-08,Hezbollah,CNN,0
2025-04-08,Hezbollah,Ampliat,0
2025-04-09,Israel,CNN,2
2025-04-09,Israel,Ampliat,2
2025-04-09,Hezbollah,CNN,0
2025-04-09,Hezbollah,Ampliat,0
2025-04-10,Israel,CNN,3
2025-04-10,Israel,Ampliat,4
2025-04-10,Hezbollah,CNN,0
2025-04-10,Hezbollah,Ampliat,0
2025-04-11,Israel,CNN,2
2025-04-11,Israel,Ampliat,2
2025-04-11,Hezbollah,CNN,0
2025-04-11,Hezbollah,Ampliat,0
2025-04-12,Israel,CNN,0
2025-04-12,Israel,Ampliat,0
2025-04-12,Hezbollah,CNN,0
2025-04-12,Hezbollah,Ampliat,0
2025-04-13,Israel,CNN,1
2025-04-13,Israel,Ampliat,1
2025-04-13,Hezbollah,CNN,0
2025-04-13,Hezbollah,Ampliat,0
2025-04-14,Israel,CNN,3
2025-04-14,Israel,Ampliat,3
2025-04-14,Hezbollah,CNN,0
2025-04-14,Hezbollah,Ampliat,0
2025-04-15,Israel,CNN,3
2025-04-15,Israel,Ampliat,3
2025-04-15,Hezbollah,CNN,0
2025-04-15,Hezbollah,Ampliat,0
2025-04-16,Israel,CNN,9
2025-04-16,Israel,Ampliat,9
2025-04-16,Hezbollah,CNN,0
2025-04-16,Hezbollah,Ampliat,0
2025-04-17,Israel,CNN,7
2025-04-17,Israel,Ampliat,7
2025-04-17,Hezbollah,CNN,0
2025-04-17,Hezbollah,Ampliat,0
2025-04-18,Israel,CNN,4
2025-04-18,Israel,Ampliat,4
2025-04-18,Hezbollah,CNN,0
2025-04-18,Hezbollah,Ampliat,0
2025-04-19,Israel,CNN,2
2025-04-19,Israel,Ampliat,2
2025-04-19,Hezbollah,CNN,0
2025-04-19,Hezbollah,Ampliat,0
2025-04-20,Israel,CNN,13
2025-04-20,Israel,Ampliat,13
2025-04-20,Hezbollah,CNN,0
2025-04-20,Hezbollah,Ampliat,0
2025-04-21,Israel,CNN,0
2025-04-21,Israel,Ampliat,0
2025-04-21,Hezbollah,CNN,0
2025-04-21,Hezbollah,Ampliat,0
2025-04-22,Israel,CNN,3
2025-04-22,Israel,Ampliat,3
2025-04-22,Hezbollah,CNN,0
2025-04-22,Hezbollah,Ampliat,0
2025-04-23,Israel,CNN,4
2025-04-23,Israel,Ampliat,4
2025-04-23,Hezbollah,CNN,0
2025-04-23,Hezbollah,Ampliat,0
2025-04-24,Israel,CNN,2
2025-04-24,Israel,Ampliat,2
2025-04-24,Hezbollah,CNN,0
2025-04-24,Hezbollah,Ampliat,0
2025-04-25,Israel,CNN,3
2025-04-25,Israel,Ampliat,3
2025-04-25,Hezbollah,CNN,0
2025-04-25,Hezbollah,Ampliat,0
2025-04-26,Israel,CNN,0
2025-04-26,Israel,Ampliat,0
2025-04-26,Hezbollah,CNN,0
2025-04-26,Hezbollah,Ampliat,0
2025-04-27,Israel,CNN,5
2025-04-27,Israel,Ampliat,5
2025-04-27,Hezbollah,CNN,0
2025-04-27,Hezbollah,Ampliat,0
2025-04-28,Israel,CNN,2
2025-04-28,Israel,Ampliat,2
2025-04-28,Hezbollah,CNN,0
2025-04-28,Hezbollah,Ampliat,0
2025-04-29,Israel,CNN,0
2025-04-29,Israel,Ampliat,0
2025-04-29,Hezbollah,CNN,0
2025-04-29,Hezbollah,Ampliat,0
2025-04-30,Israel,CNN,1
2025-04-30,Israel,Ampliat,2
2025-04-30,Hezbollah,CNN,0
2025-04-30,Hezbollah,Ampliat,0
2025-05-01,Israel,CNN,3
2025-05-01,Israel,Ampliat,3
2025-05-01,Hezbollah,CNN,0
2025-05-01,Hezbollah,Ampliat,0
2025-05-02,Israel,CNN,1
2025-05-02,Israel,Ampliat,13
2025-05-02,Hezbollah,CNN,0
2025-05-02,Hezbollah,Ampliat,0
2025-05-03,Israel,CNN,5
2025-05-03,Israel,Ampliat,5
2025-05-03,Hezbollah,CNN,0
2025-05-03,Hezbollah,Ampliat,0
2025-05-04,Israel,CNN,1
2025-05-04,Israel,Ampliat,1
2025-05-04,Hezbollah,CNN,0
2025-05-04,Hezbollah,Ampliat,0
2025-05-05,Israel,CNN,7
2025-05-05,Israel,Ampliat,7
2025-05-05,Hezbollah,CNN,0
2025-05-05,Hezbollah,Ampliat,0
2025-05-06,Israel,CNN,2
2025-05-06,Israel,Ampliat,2
2025-05-06,Hezbollah,CNN,0
2025-05-06,Hezbollah,Ampliat,0
2025-05-07,Israel,CNN,3
2025-05-07,Israel,Ampliat,3
2025-05-07,Hezbollah,CNN,0
2025-05-07,Hezbollah,Ampliat,0
2025-05-08,Israel,CNN,7
2025-05-08,Israel,Ampliat,7
2025-05-08,Hezbollah,CNN,0
2025-05-08,Hezbollah,Ampliat,0
2025-05-09,Israel,CNN,2
2025-05-09,Israel,Ampliat,2
2025-05-09,Hezbollah,CNN,0
2025-05-09,Hezbollah,Ampliat,0
2025-05-10,Israel,CNN,0
2025-05-10,Israel,Ampliat,0
2025-05-10,Hezbollah,CNN,0
2025-05-10,Hezbollah,Ampliat,0
2025-05-11,Israel,CNN,2
2025-05-11,Israel,Ampliat,2
2025-05-11,Hezbollah,CNN,0
2025-05-11,Hezbollah,Ampliat,0
2025-05-12,Israel,CNN,0
2025-05-12,Israel,Ampliat,0
2025-05-12,Hezbollah,CNN,0
2025-05-12,Hezbollah,Ampliat,0
2025-05-13,Israel,CNN,7
2025-05-13,Israel,Ampliat,7
2025-05-13,Hezbollah,CNN,0
2025-05-13,Hezbollah,Ampliat,0
2025-05-14,Israel,CNN,3
2025-05-14,Israel,Ampliat,3
2025-05-14,Hezbollah,CNN,0
2025-05-14,Hezbollah,Ampliat,0
2025-05-15,Israel,CNN,8
2025-05-15,Israel,Ampliat,8
2025-05-15,Hezbollah,CNN,0
2025-05-15,Hezbollah,Ampliat,0
2025-05-16,Israel,CNN,2
2025-05-16,Israel,Ampliat,2
2025-05-16,Hezbollah,CNN,0
2025-05-16,Hezbollah,Ampliat,0
2025-05-17,Israel,CNN,7
2025-05-17,Israel,Ampliat,7
2025-05-17,Hezbollah,CNN,0
2025-05-17,Hezbollah,Ampliat,0
2025-05-18,Israel,CNN,4
2025-05-18,Israel,Ampliat,4
2025-05-18,Hezbollah,CNN,0
2025-05-18,Hezbollah,Ampliat,0
2025-05-19,Israel,CNN,4
2025-05-19,Israel,Ampliat,4
2025-05-19,Hezbollah,CNN,0
2025-05-19,Hezbollah,Ampliat,0
2025-05-20,Israel,CNN,4
2025-05-20,Israel,Ampliat,4
2025-05-20,Hezbollah,CNN,0
2025-05-20,Hezbollah,Ampliat,0
2025-05-21,Israel,CNN,4
2025-05-21,Israel,Ampliat,4
2025-05-21,Hezbollah,CNN,0
2025-05-21,Hezbollah,Ampliat,0
2025-05-22,Israel,CNN,22
2025-05-22,Israel,Ampliat,22
2025-05-22,Hezbollah,CNN,0
2025-05-22,Hezbollah,Ampliat,0
2025-05-23,Israel,CNN,6
2025-05-23,Israel,Ampliat,6
2025-05-23,Hezbollah,CNN,0
2025-05-23,Hezbollah,Ampliat,0
2025-05-24,Israel,CNN,0
2025-05-24,Israel,Ampliat,0
2025-05-24,Hezbollah,CNN,0
2025-05-24,Hezbollah,Ampliat,0
2025-05-25,Israel,CNN,2
2025-05-25,Israel,Ampliat,2
2025-05-25,Hezbollah,CNN,0
2025-05-25,Hezbollah,Ampliat,0
2025-05-26,Israel,CNN,4
2025-05-26,Israel,Ampliat,4
2025-05-26,Hezbollah,CNN,0
2025-05-26,Hezbollah,Ampliat,0
2025-05-27,Israel,CNN,2
2025-05-27,Israel,Ampliat,2
2025-05-27,Hezbollah,CNN,0
2025-05-27,Hezbollah,Ampliat,0
2025-05-28,Israel,CNN,4
2025-05-28,Israel,Ampliat,4
2025-05-28,Hezbollah,CNN,0
2025-05-28,Hezbollah,Ampliat,0
2025-05-29,Israel,CNN,28
2025-05-29,Israel,Ampliat,28
2025-05-29,Hezbollah,CNN,0
2025-05-29,Hezbollah,Ampliat,0
2025-05-30,Israel,CNN,3
2025-05-30,Israel,Ampliat,6
2025-05-30,Hezbollah,CNN,0
2025-05-30,Hezbollah,Ampliat,0
2025-05-31,Israel,CNN,1
2025-05-31,Israel,Ampliat,1
2025-05-31,Hezbollah,CNN,0
2025-05-31,Hezbollah,Ampliat,0
2025-06-01,Israel,CNN,3
2025-06-01,Israel,Ampliat,3
2025-06-01,Hezbollah,CNN,0
2025-06-01,Hezbollah,Ampliat,0
2025-06-02,Israel,CNN,1
2025-06-02,Israel,Ampliat,1
2025-06-02,Hezbollah,CNN,0
2025-06-02,Hezbollah,Ampliat,0
2025-06-03,Israel,CNN,2
2025-06-03,Israel,Ampliat,16
2025-06-03,Hezbollah,CNN,0
2025-06-03,Hezbollah,Ampliat,0
2025-06-04,Israel,CNN,1
2025-06-04,Israel,Ampliat,4
2025-06-04,Hezbollah,CNN,0
2025-06-04,Hezbollah,Ampliat,0
2025-06-05,Israel,CNN,8
2025-06-05,Israel,Ampliat,8
2025-06-05,Hezbollah,CNN,0
2025-06-05,Hezbollah,Ampliat,0
2025-06-06,Israel,CNN,2
2025-06-06,Israel,Ampliat,2
2025-06-06,Hezbollah,CNN,0
2025-06-06,Hezbollah,Ampliat,0
2025-06-07,Israel,CNN,2
2025-06-07,Israel,Ampliat,2
2025-06-07,Hezbollah,CNN,0
2025-06-07,Hezbollah,Ampliat,0
2025-06-08,Israel,CNN,4
2025-06-08,Israel,Ampliat,5
2025-06-08,Hezbollah,CNN,0
2025-06-08,Hezbollah,Ampliat,0
2025-06-09,Israel,CNN,6
2025-06-09,Israel,Ampliat,6
2025-06-09,Hezbollah,CNN,0
2025-06-09,Hezbollah,Ampliat,0
2025-06-10,Israel,CNN,2
2025-06-10,Israel,Ampliat,2
2025-06-10,Hezbollah,CNN,0
2025-06-10,Hezbollah,Ampliat,0
2025-06-11,Israel,CNN,3
2025-06-11,Israel,Ampliat,3
2025-06-11,Hezbollah,CNN,0
2025-06-11,Hezbollah,Ampliat,0
2025-06-12,Israel,CNN,11
2025-06-12,Israel,Ampliat,11
2025-06-12,Hezbollah,CNN,0
2025-06-12,Hezbollah,Ampliat,0
2025-06-13,Israel,CNN,1
2025-06-13,Israel,Ampliat,1
2025-06-13,Hezbollah,CNN,0
2025-06-13,Hezbollah,Ampliat,0
2025-06-14,Israel,CNN,3
2025-06-14,Israel,Ampliat,4
2025-06-14,Hezbollah,CNN,0
2025-06-14,Hezbollah,Ampliat,0
2025-06-15,Israel,CNN,3
2025-06-15,Israel,Ampliat,3
2025-06-15,Hezbollah,CNN,0
2025-06-15,Hezbollah,Ampliat,0
2025-06-16,Israel,CNN,6
2025-06-16,Israel,Ampliat,6
2025-06-16,Hezbollah,CNN,0
2025-06-16,Hezbollah,Ampliat,0
2025-06-17,Israel,CNN,1
2025-06-17,Israel,Ampliat,1
2025-06-17,Hezbollah,CNN,0
2025-06-17,Hezbollah,Ampliat,0
2025-06-18,Israel,CNN,4
2025-06-18,Israel,Ampliat,4
2025-06-18,Hezbollah,CNN,0
2025-06-18,Hezbollah,Ampliat,0
2025-06-19,Israel,CNN,6
2025-06-19,Israel,Ampliat,6
2025-06-19,Hezbollah,CNN,0
2025-06-19,Hezbollah,Ampliat,0
2025-06-20,Israel,CNN,14
2025-06-20,Israel,Ampliat,15
2025-06-20,Hezbollah,CNN,0
2025-06-20,Hezbollah,Ampliat,0
2025-06-21,Israel,CNN,1
2025-06-21,Israel,Ampliat,1
2025-06-21,Hezbollah,CNN,0
2025-06-21,Hezbollah,Ampliat,0
2025-06-22,Israel,CNN,2
2025-06-22,Israel,Ampliat,2
2025-06-22,Hezbollah,CNN,0
2025-06-22,Hezbollah,Ampliat,0
2025-06-23,Israel,CNN,20
2025-06-23,Israel,Ampliat,20
2025-06-23,Hezbollah,CNN,0
2025-06-23,Hezbollah,Ampliat,0
2025-06-24,Israel,CNN,1
2025-06-24,Israel,Ampliat,1
2025-06-24,Hezbollah,CNN,0
2025-06-24,Hezbollah,Ampliat,0
2025-06-25,Israel,CNN,3
2025-06-25,Israel,Ampliat,3
2025-06-25,Hezbollah,CNN,0
2025-06-25,Hezbollah,Ampliat,0
2025-06-26,Israel,CNN,3
2025-06-26,Israel,Ampliat,3
2025-06-26,Hezbollah,CNN,0
2025-06-26,Hezbollah,Ampliat,0
2025-06-27,Israel,CNN,12
2025-06-27,Israel,Ampliat,12
2025-06-27,Hezbollah,CNN,0
2025-06-27,Hezbollah,Ampliat,0
2025-06-28,Israel,CNN,3
2025-06-28,Israel,Ampliat,3
2025-06-28,Hezbollah,CNN,0
2025-06-28,Hezbollah,Ampliat,0
2025-06-29,Israel,CNN,3
2025-06-29,Israel,Ampliat,3
2025-06-29,Hezbollah,CNN,0
2025-06-29,Hezbollah,Ampliat,0
2025-06-30,Israel,CNN,1
2025-06-30,Israel,Ampliat,1
2025-06-30,Hezbollah,CNN,0
2025-06-30,Hezbollah,Ampliat,0
2025-07-01,Israel,CNN,5
2025-07-01,Israel,Ampliat,6
2025-07-01,Hezbollah,CNN,0
2025-07-01,Hezbollah,Ampliat,0
2025-07-02,Israel,CNN,2
2025-07-02,Israel,Ampliat,2
2025-07-02,Hezbollah,CNN,0
2025-07-02,Hezbollah,Ampliat,0
2025-07-03,Israel,CNN,14
2025-07-03,Israel,Ampliat,14
2025-07-03,Hezbollah,CNN,0
2025-07-03,Hezbollah,Ampliat,0
2025-07-04,Israel,CNN,2
2025-07-04,Israel,Ampliat,2
2025-07-04,Hezbollah,CNN,0
2025-07-04,Hezbollah,Ampliat,0
2025-07-05,Israel,CNN,3
2025-07-05,Israel,Ampliat,3
2025-07-05,Hezbollah,CNN,0
2025-07-05,Hezbollah,Ampliat,0
2025-07-06,Israel,CNN,15
2025-07-06,Israel,Ampliat,15
2025-07-06,Hezbollah,CNN,0
2025-07-06,Hezbollah,Ampliat,0
2025-07-07,Israel,CNN,4
2025-07-07,Israel,Ampliat,4
2025-07-07,Hezbollah,CNN,0
2025-07-07,Hezbollah,Ampliat,0
2025-07-08,Israel,CNN,3
2025-07-08,Israel,Ampliat,3
2025-07-08,Hezbollah,CNN,0
2025-07-08,Hezbollah,Ampliat,0
2025-07-09,Israel,CNN,5
2025-07-09,Israel,Ampliat,5
2025-07-09,Hezbollah,CNN,0
2025-07-09,Hezbollah,Ampliat,0
2025-07-10,Israel,CNN,6
2025-07-10,Israel,Ampliat,6
2025-07-10,Hezbollah,CNN,0
2025-07-10,Hezbollah,Ampliat,0
2025-07-11,Israel,CNN,4
2025-07-11,Israel,Ampliat,4
2025-07-11,Hezbollah,CNN,0
2025-07-11,Hezbollah,Ampliat,0
2025-07-12,Israel,CNN,1
2025-07-12,Israel,Ampliat,1
2025-07-12,Hezbollah,CNN,0
2025-07-12,Hezbollah,Ampliat,0
2025-07-13,Israel,CNN,1
2025-07-13,Israel,Ampliat,1
2025-07-13,Hezbollah,CNN,0
2025-07-13,Hezbollah,Ampliat,0
2025-07-14,Israel,CNN,4
2025-07-14,Israel,Ampliat,4
2025-07-14,Hezbollah,CNN,0
2025-07-14,Hezbollah,Ampliat,0
2025-07-15,Israel,CNN,12
2025-07-15,Israel,Ampliat,15
2025-07-15,Hezbollah,CNN,0
2025-07-15,Hezbollah,Ampliat,0
2025-07-16,Israel,CNN,1
2025-07-16,Israel,Ampliat,18
2025-07-16,Hezbollah,CNN,0
2025-07-16,Hezbollah,Ampliat,0
2025-07-17,Israel,CNN,4
2025-07-17,Israel,Ampliat,5
2025-07-17,Hezbollah,CNN,0
2025-07-17,Hezbollah,Ampliat,0
2025-07-18,Israel,CNN,2
2025-07-18,Israel,Ampliat,3
2025-07-18,Hezbollah,CNN,0
2025-07-18,Hezbollah,Ampliat,0
2025-07-19,Israel,CNN,7
2025-07-19,Israel,Ampliat,7
2025-07-19,Hezbollah,CNN,0
2025-07-19,Hezbollah,Ampliat,0
2025-07-20,Israel,CNN,3
2025-07-20,Israel,Ampliat,8
2025-07-20,Hezbollah,CNN,0
2025-07-20,Hezbollah,Ampliat,0
2025-07-21,Israel,CNN,1
2025-07-21,Israel,Ampliat,1
2025-07-21,Hezbollah,CNN,0
2025-07-21,Hezbollah,Ampliat,0
2025-07-22,Israel,CNN,2
2025-07-22,Israel,Ampliat,3
2025-07-22,Hezbollah,CNN,0
2025-07-22,Hezbollah,Ampliat,0
2025-07-23,Israel,CNN,0
2025-07-23,Israel,Ampliat,0
2025-07-23,Hezbollah,CNN,0
2025-07-23,Hezbollah,Ampliat,0
2025-07-24,Israel,CNN,19
2025-07-24,Israel,Ampliat,19
2025-07-24,Hezbollah,CNN,0
2025-07-24,Hezbollah,Ampliat,0
2025-07-25,Israel,CNN,1
2025-07-25,Israel,Ampliat,1
2025-07-25,Hezbollah,CNN,0
2025-07-25,Hezbollah,Ampliat,0
2025-07-26,Israel,CNN,4
2025-07-26,Israel,Ampliat,4
2025-07-26,Hezbollah,CNN,0
2025-07-26,Hezbollah,Ampliat,0
2025-07-27,Israel,CNN,2
2025-07-27,Israel,Ampliat,2
2025-07-27,Hezbollah,CNN,0
2025-07-27,Hezbollah,Ampliat,0
2025-07-28,Israel,CNN,3
2025-07-28,Israel,Ampliat,3
2025-07-28,Hezbollah,CNN,0
2025-07-28,Hezbollah,Ampliat,0
2025-07-29,Israel,CNN,1
2025-07-29,Israel,Ampliat,3
2025-07-29,Hezbollah,CNN,0
2025-07-29,Hezbollah,Ampliat,0
2025-07-30,Israel,CNN,4
2025-07-30,Israel,Ampliat,5
2025-07-30,Hezbollah,CNN,0
2025-07-30,Hezbollah,Ampliat,0
2025-07-31,Israel,CNN,19
2025-07-31,Israel,Ampliat,20
2025-07-31,Hezbollah,CNN,0
2025-07-31,Hezbollah,Ampliat,0
2025-08-01,Israel,CNN,0
2025-08-01,Israel,Ampliat,0
2025-08-01,Hezbollah,CNN,0
2025-08-01,Hezbollah,Ampliat,0
2025-08-02,Israel,CNN,4
2025-08-02,Israel,Ampliat,4
2025-08-02,Hezbollah,CNN,0
2025-08-02,Hezbollah,Ampliat,0
2025-08-03,Israel,CNN,6
2025-08-03,Israel,Ampliat,6
2025-08-03,Hezbollah,CNN,0
2025-08-03,Hezbollah,Ampliat,0
2025-08-04,Israel,CNN,4
2025-08-04,Israel,Ampliat,4
2025-08-04,Hezbollah,CNN,0
2025-08-04,Hezbollah,Ampliat,0
2025-08-05,Israel,CNN,2
2025-08-05,Israel,Ampliat,2
2025-08-05,Hezbollah,CNN,0
2025-08-05,Hezbollah,Ampliat,0
2025-08-06,Israel,CNN,14
2025-08-06,Israel,Ampliat,15
2025-08-06,Hezbollah,CNN,0
2025-08-06,Hezbollah,Ampliat,0
2025-08-07,Israel,CNN,2
2025-08-07,Israel,Ampliat,2
2025-08-07,Hezbollah,CNN,0
2025-08-07,Hezbollah,Ampliat,0
2025-08-08,Israel,CNN,3
2025-08-08,Israel,Ampliat,4
2025-08-08,Hezbollah,CNN,0
2025-08-08,Hezbollah,Ampliat,0
2025-08-09,Israel,CNN,3
2025-08-09,Israel,Ampliat,3
2025-08-09,Hezbollah,CNN,0
2025-08-09,Hezbollah,Ampliat,0
2025-08-10,Israel,CNN,6
2025-08-10,Israel,Ampliat,6
2025-08-10,Hezbollah,CNN,0
2025-08-10,Hezbollah,Ampliat,0
2025-08-11,Israel,CNN,2
2025-08-11,Israel,Ampliat,2
2025-08-11,Hezbollah,CNN,0
2025-08-11,Hezbollah,Ampliat,0
2025-08-12,Israel,CNN,3
2025-08-12,Israel,Ampliat,3
2025-08-12,Hezbollah,CNN,0
2025-08-12,Hezbollah,Ampliat,0
2025-08-13,Israel,CNN,3
2025-08-13,Israel,Ampliat,3
2025-08-13,Hezbollah,CNN,0
2025-08-13,Hezbollah,Ampliat,0
2025-08-14,Israel,CNN,13
2025-08-14,Israel,Ampliat,13
2025-08-14,Hezbollah,CNN,0
2025-08-14,Hezbollah,Ampliat,0
2025-08-15,Israel,CNN,3
2025-08-15,Israel,Ampliat,3
2025-08-15,Hezbollah,CNN,0
2025-08-15,Hezbollah,Ampliat,0
2025-08-16,Israel,CNN,2
2025-08-16,Israel,Ampliat,2
2025-08-16,Hezbollah,CNN,0
2025-08-16,Hezbollah,Ampliat,0
2025-08-17,Israel,CNN,1
2025-08-17,Israel,Ampliat,1
2025-08-17,Hezbollah,CNN,0
2025-08-17,Hezbollah,Ampliat,0
2025-08-18,Israel,CNN,2
2025-08-18,Israel,Ampliat,2
2025-08-18,Hezbollah,CNN,0
2025-08-18,Hezbollah,Ampliat,0
2025-08-19,Israel,CNN,3
2025-08-19,Israel,Ampliat,3
2025-08-19,Hezbollah,CNN,0
2025-08-19,Hezbollah,Ampliat,0
2025-08-20,Israel,CNN,10
2025-08-20,Israel,Ampliat,10
2025-08-20,Hezbollah,CNN,0
2025-08-20,Hezbollah,Ampliat,0
2025-08-21,Israel,CNN,4
2025-08-21,Israel,Ampliat,4
2025-08-21,Hezbollah,CNN,0
2025-08-21,Hezbollah,Ampliat,0
2025-08-22,Israel,CNN,4
2025-08-22,Israel,Ampliat,4
2025-08-22,Hezbollah,CNN,0
2025-08-22,Hezbollah,Ampliat,0
2025-08-23,Israel,CNN,3
2025-08-23,Israel,Ampliat,3
2025-08-23,Hezbollah,CNN,0
2025-08-23,Hezbollah,Ampliat,0
2025-08-24,Israel,CNN,0
2025-08-24,Israel,Ampliat,0
2025-08-24,Hezbollah,CNN,0
2025-08-24,Hezbollah,Ampliat,0
2025-08-25,Israel,CNN,3
2025-08-25,Israel,Ampliat,4
2025-08-25,Hezbollah,CNN,0
2025-08-25,Hezbollah,Ampliat,0
2025-08-26,Israel,CNN,1
2025-08-26,Israel,Ampliat,4
2025-08-26,Hezbollah,CNN,0
2025-08-26,Hezbollah,Ampliat,0
2025-08-27,Israel,CNN,0
2025-08-27,Israel,Ampliat,2
2025-08-27,Hezbollah,CNN,0
2025-08-27,Hezbollah,Ampliat,0
2025-08-28,Israel,CNN,10
2025-08-28,Israel,Ampliat,12
2025-08-28,Hezbollah,CNN,0
2025-08-28,Hezbollah,Ampliat,0
2025-08-29,Israel,CNN,2
2025-08-29,Israel,Ampliat,2
2025-08-29,Hezbollah,CNN,0
2025-08-29,Hezbollah,Ampliat,0
2025-08-30,Israel,CNN,0
2025-08-30,Israel,Ampliat,0
2025-08-30,Hezbollah,CNN,0
2025-08-30,Hezbollah,Ampliat,0
2025-08-31,Israel,CNN,7
2025-08-31,Israel,Ampliat,7
2025-08-31,Hezbollah,CNN,0
2025-08-31,Hezbollah,Ampliat,0
2025-09-01,Israel,CNN,3
2025-09-01,Israel,Ampliat,3
2025-09-01,Hezbollah,CNN,0
2025-09-01,Hezbollah,Ampliat,0
2025-09-02,Israel,CNN,6
2025-09-02,Israel,Ampliat,8
2025-09-02,Hezbollah,CNN,0
2025-09-02,Hezbollah,Ampliat,0
2025-09-03,Israel,CNN,13
2025-09-03,Israel,Ampliat,13
2025-09-03,Hezbollah,CNN,0
2025-09-03,Hezbollah,Ampliat,0
2025-09-04,Israel,CNN,6
2025-09-04,Israel,Ampliat,6
2025-09-04,Hezbollah,CNN,0
2025-09-04,Hezbollah,Ampliat,0
2025-09-05,Israel,CNN,2
2025-09-05,Israel,Ampliat,2
2025-09-05,Hezbollah,CNN,0
2025-09-05,Hezbollah,Ampliat,0
2025-09-06,Israel,CNN,3
2025-09-06,Israel,Ampliat,3
2025-09-06,Hezbollah,CNN,0
2025-09-06,Hezbollah,Ampliat,0
2025-09-07,Israel,CNN,1
2025-09-07,Israel,Ampliat,1
2025-09-07,Hezbollah,CNN,0
2025-09-07,Hezbollah,Ampliat,0
2025-09-08,Israel,CNN,10
2025-09-08,Israel,Ampliat,14
2025-09-08,Hezbollah,CNN,0
2025-09-08,Hezbollah,Ampliat,0
2025-09-09,Israel,CNN,2
2025-09-09,Israel,Ampliat,2
2025-09-09,Hezbollah,CNN,0
2025-09-09,Hezbollah,Ampliat,0
2025-09-10,Israel,CNN,0
2025-09-10,Israel,Ampliat,0
2025-09-10,Hezbollah,CNN,0
2025-09-10,Hezbollah,Ampliat,0
2025-09-11,Israel,CNN,12
2025-09-11,Israel,Ampliat,12
2025-09-11,Hezbollah,CNN,0
2025-09-11,Hezbollah,Ampliat,0
2025-09-12,Israel,CNN,7
2025-09-12,Israel,Ampliat,7
2025-09-12,Hezbollah,CNN,0
2025-09-12,Hezbollah,Ampliat,0
2025-09-13,Israel,CNN,3
2025-09-13,Israel,Ampliat,3
2025-09-13,Hezbollah,CNN,0
2025-09-13,Hezbollah,Ampliat,0
2025-09-14,Israel,CNN,6
2025-09-14,Israel,Ampliat,6
2025-09-14,Hezbollah,CNN,0
2025-09-14,Hezbollah,Ampliat,0
2025-09-15,Israel,CNN,0
2025-09-15,Israel,Ampliat,0
2025-09-15,Hezbollah,CNN,0
2025-09-15,Hezbollah,Ampliat,0
2025-09-16,Israel,CNN,0
2025-09-16,Israel,Ampliat,0
2025-09-16,Hezbollah,CNN,0
2025-09-16,Hezbollah,Ampliat,0
2025-09-17,Israel,CNN,0
2025-09-17,Israel,Ampliat,0
2025-09-17,Hezbollah,CNN,0
2025-09-17,Hezbollah,Ampliat,0
2025-09-18,Israel,CNN,0
2025-09-18,Israel,Ampliat,0
2025-09-18,Hezbollah,CNN,0
2025-09-18,Hezbollah,Ampliat,0
2025-09-19,Israel,CNN,0
2025-09-19,Israel,Ampliat,0
2025-09-19,Hezbollah,CNN,0
2025-09-19,Hezbollah,Ampliat,0
2025-09-20,Israel,CNN,0
2025-09-20,Israel,Ampliat,0
2025-09-20,Hezbollah,CNN,0
2025-09-20,Hezbollah,Ampliat,0
2025-09-21,Israel,CNN,0
2025-09-21,Israel,Ampliat,0
2025-09-21,Hezbollah,CNN,0
2025-09-21,Hezbollah,Ampliat,0
2025-09-22,Israel,CNN,0
2025-09-22,Israel,Ampliat,0
2025-09-22,Hezbollah,CNN,0
2025-09-22,Hezbollah,Ampliat,0
2025-09-23,Israel,CNN,0
2025-09-23,Israel,Ampliat,0
2025-09-23,Hezbollah,CNN,0
2025-09-23,Hezbollah,Ampliat,0
2025-09-24,Israel,CNN,0
2025-09-24,Israel,Ampliat,0
2025-09-24,Hezbollah,CNN,0
2025-09-24,Hezbollah,Ampliat,0
2025-09-25,Israel,CNN,0
2025-09-25,Israel,Ampliat,0
2025-09-25,Hezbollah,CNN,0
2025-09-25,Hezbollah,Ampliat,0
2025-09-26,Israel,CNN,0
2025-09-26,Israel,Ampliat,0
2025-09-26,Hezbollah,CNN,0
2025-09-26,Hezbollah,Ampliat,0
2025-09-27,Israel,CNN,0
2025-09-27,Israel,Ampliat,0
2025-09-27,Hezbollah,CNN,0
2025-09-27,Hezbollah,Ampliat,0
2025-09-28,Israel,CNN,0
2025-09-28,Israel,Ampliat,0
2025-09-28,Hezbollah,CNN,0
2025-09-28,Hezbollah,Ampliat,0
2025-09-29,Israel,CNN,0
2025-09-29,Israel,Ampliat,0
2025-09-29,Hezbollah,CNN,0
2025-09-29,Hezbollah,Ampliat,0
2025-09-30,Israel,CNN,0
2025-09-30,Israel,Ampliat,0
2025-09-30,Hezbollah,CNN,0
2025-09-30,Hezbollah,Ampliat,0
2025-10-01,Israel,CNN,0
2025-10-01,Israel,Ampliat,0
2025-10-01,Hezbollah,CNN,0
2025-10-01,Hezbollah,Ampliat,0
2025-10-02,Israel,CNN,0
2025-10-02,Israel,Ampliat,0
2025-10-02,Hezbollah,CNN,0
2025-10-02,Hezbollah,Ampliat,0
2025-10-03,Israel,CNN,0
2025-10-03,Israel,Ampliat,0
2025-10-03,Hezbollah,CNN,0
2025-10-03,Hezbollah,Ampliat,0
2025-10-04,Israel,CNN,0
2025-10-04,Israel,Ampliat,0
2025-10-04,Hezbollah,CNN,0
2025-10-04,Hezbollah,Ampliat,0
2025-10-05,Israel,CNN,0
2025-10-05,Israel,Ampliat,0
2025-10-05,Hezbollah,CNN,0
2025-10-05,Hezbollah,Ampliat,0
2025-10-06,Israel,CNN,0
2025-10-06,Israel,Ampliat,0
2025-10-06,Hezbollah,CNN,0
2025-10-06,Hezbollah,Ampliat,0
2025-10-07,Israel,CNN,0
2025-10-07,Israel,Ampliat,0
2025-10-07,Hezbollah,CNN,0
2025-10-07,Hezbollah,Ampliat,0
2025-10-08,Israel,CNN,0
2025-10-08,Israel,Ampliat,0
2025-10-08,Hezbollah,CNN,0
2025-10-08,Hezbollah,Ampliat,0
2025-10-09,Israel,CNN,0
2025-10-09,Israel,Ampliat,0
2025-10-09,Hezbollah,CNN,0
2025-10-09,Hezbollah,Ampliat,0
2025-10-10,Israel,CNN,0
2025-10-10,Israel,Ampliat,0
2025-10-10,Hezbollah,CNN,0
2025-10-10,Hezbollah,Ampliat,0
2025-10-11,Israel,CNN,0
2025-10-11,Israel,Ampliat,0
2025-10-11,Hezbollah,CNN,0
2025-10-11,Hezbollah,Ampliat,0
2025-10-12,Israel,CNN,0
2025-10-12,Israel,Ampliat,0
2025-10-12,Hezbollah,CNN,0
2025-10-12,Hezbollah,Ampliat,0
2025-10-13,Israel,CNN,0
2025-10-13,Israel,Ampliat,0
2025-10-13,Hezbollah,CNN,0
2025-10-13,Hezbollah,Ampliat,0
2025-10-14,Israel,CNN,0
2025-10-14,Israel,Ampliat,0
2025-10-14,Hezbollah,CNN,0
2025-10-14,Hezbollah,Ampliat,0
2025-10-15,Israel,CNN,0
2025-10-15,Israel,Ampliat,0
2025-10-15,Hezbollah,CNN,0
2025-10-15,Hezbollah,Ampliat,0
2025-10-16,Israel,CNN,0
2025-10-16,Israel,Ampliat,0
2025-10-16,Hezbollah,CNN,0
2025-10-16,Hezbollah,Ampliat,0
2025-10-17,Israel,CNN,0
2025-10-17,Israel,Ampliat,0
2025-10-17,Hezbollah,CNN,0
2025-10-17,Hezbollah,Ampliat,0
2025-10-18,Israel,CNN,0
2025-10-18,Israel,Ampliat,0
2025-10-18,Hezbollah,CNN,0
2025-10-18,Hezbollah,Ampliat,0
2025-10-19,Israel,CNN,0
2025-10-19,Israel,Ampliat,0
2025-10-19,Hezbollah,CNN,0
2025-10-19,Hezbollah,Ampliat,0
2025-10-20,Israel,CNN,0
2025-10-20,Israel,Ampliat,0
2025-10-20,Hezbollah,CNN,0
2025-10-20,Hezbollah,Ampliat,0
2025-10-21,Israel,CNN,0
2025-10-21,Israel,Ampliat,0
2025-10-21,Hezbollah,CNN,0
2025-10-21,Hezbollah,Ampliat,0
2025-10-22,Israel,CNN,0
2025-10-22,Israel,Ampliat,0
2025-10-22,Hezbollah,CNN,0
2025-10-22,Hezbollah,Ampliat,0
2025-10-23,Israel,CNN,0
2025-10-23,Israel,Ampliat,0
2025-10-23,Hezbollah,CNN,0
2025-10-23,Hezbollah,Ampliat,0
2025-10-24,Israel,CNN,0
2025-10-24,Israel,Ampliat,0
2025-10-24,Hezbollah,CNN,0
2025-10-24,Hezbollah,Ampliat,0
2025-10-25,Israel,CNN,0
2025-10-25,Israel,Ampliat,0
2025-10-25,Hezbollah,CNN,0
2025-10-25,Hezbollah,Ampliat,0
2025-10-26,Israel,CNN,0
2025-10-26,Israel,Ampliat,0
2025-10-26,Hezbollah,CNN,0
2025-10-26,Hezbollah,Ampliat,0
2025-10-27,Israel,CNN,0
2025-10-27,Israel,Ampliat,0
2025-10-27,Hezbollah,CNN,0
2025-10-27,Hezbollah,Ampliat,0
2025-10-28,Israel,CNN,0
2025-10-28,Israel,Ampliat,0
2025-10-28,Hezbollah,CNN,0
2025-10-28,Hezbollah,Ampliat,0
2025-10-29,Israel,CNN,0
2025-10-29,Israel,Ampliat,0
2025-10-29,Hezbollah,CNN,0
2025-10-29,Hezbollah,Ampliat,0
2025-10-30,Israel,CNN,0
2025-10-30,Israel,Ampliat,0
2025-10-30,Hezbollah,CNN,0
2025-10-30,Hezbollah,Ampliat,0
2025-10-31,Israel,CNN,0
2025-10-31,Israel,Ampliat,0
2025-10-31,Hezbollah,CNN,0
2025-10-31,Hezbollah,Ampliat,0
2025-11-01,Israel,CNN,0
2025-11-01,Israel,Ampliat,0
2025-11-01,Hezbollah,CNN,0
2025-11-01,Hezbollah,Ampliat,0
2025-11-02,Israel,CNN,0
2025-11-02,Israel,Ampliat,0
2025-11-02,Hezbollah,CNN,0
2025-11-02,Hezbollah,Ampliat,0
2025-11-03,Israel,CNN,0
2025-11-03,Israel,Ampliat,0
2025-11-03,Hezbollah,CNN,0
2025-11-03,Hezbollah,Ampliat,0
2025-11-04,Israel,CNN,0
2025-11-04,Israel,Ampliat,0
2025-11-04,Hezbollah,CNN,0
2025-11-04,Hezbollah,Ampliat,0
2025-11-05,Israel,CNN,0
2025-11-05,Israel,Ampliat,0
2025-11-05,Hezbollah,CNN,0
2025-11-05,Hezbollah,Ampliat,0
2025-11-06,Israel,CNN,0
2025-11-06,Israel,Ampliat,0
2025-11-06,Hezbollah,CNN,0
2025-11-06,Hezbollah,Ampliat,0
2025-11-07,Israel,CNN,0
2025-11-07,Israel,Ampliat,0
2025-11-07,Hezbollah,CNN,0
2025-11-07,Hezbollah,Ampliat,0
2025-11-08,Israel,CNN,0
2025-11-08,Israel,Ampliat,0
2025-11-08,Hezbollah,CNN,0
2025-11-08,Hezbollah,Ampliat,0
2025-11-09,Israel,CNN,0
2025-11-09,Israel,Ampliat,0
2025-11-09,Hezbollah,CNN,0
2025-11-09,Hezbollah,Ampliat,0
2025-11-10,Israel,CNN,0
2025-11-10,Israel,Ampliat,0
2025-11-10,Hezbollah,CNN,0
2025-11-10,Hezbollah,Ampliat,0
2025-11-11,Israel,CNN,0
2025-11-11,Israel,Ampliat,0
2025-11-11,Hezbollah,CNN,0
2025-11-11,Hezbollah,Ampliat,0
2025-11-12,Israel,CNN,0
2025-11-12,Israel,Ampliat,0
2025-11-12,Hezbollah,CNN,0
2025-11-12,Hezbollah,Ampliat,0
2025-11-13,Israel,CNN,0
2025-11-13,Israel,Ampliat,0
2025-11-13,Hezbollah,CNN,0
2025-11-13,Hezbollah,Ampliat,0
2025-11-14,Israel,CNN,0
2025-11-14,Israel,Ampliat,0
2025-11-14,Hezbollah,CNN,0
2025-11-14,Hezbollah,Ampliat,0
2025-11-15,Israel,CNN,0
2025-11-15,Israel,Ampliat,0
2025-11-15,Hezbollah,CNN,0
2025-11-15,Hezbollah,Ampliat,0
2025-11-16,Israel,CNN,0
2025-11-16,Israel,Ampliat,0
2025-11-16,Hezbollah,CNN,0
2025-11-16,Hezbollah,Ampliat,0
2025-11-17,Israel,CNN,0
2025-11-17,Israel,Ampliat,0
2025-11-17,Hezbollah,CNN,0
2025-11-17,Hezbollah,Ampliat,0
2025-11-18,Israel,CNN,0
2025-11-18,Israel,Ampliat,0
2025-11-18,Hezbollah,CNN,0
2025-11-18,Hezbollah,Ampliat,0
2025-11-19,Israel,CNN,0
2025-11-19,Israel,Ampliat,0
2025-11-19,Hezbollah,CNN,0
2025-11-19,Hezbollah,Ampliat,0
2025-11-20,Israel,CNN,0
2025-11-20,Israel,Ampliat,0
2025-11-20,Hezbollah,CNN,0
2025-11-20,Hezbollah,Ampliat,0
2025-11-21,Israel,CNN,0
2025-11-21,Israel,Ampliat,0
2025-11-21,Hezbollah,CNN,0
2025-11-21,Hezbollah,Ampliat,0
2025-11-22,Israel,CNN,0
2025-11-22,Israel,Ampliat,0
2025-11-22,Hezbollah,CNN,0
2025-11-22,Hezbollah,Ampliat,0
2025-11-23,Israel,CNN,0
2025-11-23,Israel,Ampliat,0
2025-11-23,Hezbollah,CNN,0
2025-11-23,Hezbollah,Ampliat,0
2025-11-24,Israel,CNN,0
2025-11-24,Israel,Ampliat,0
2025-11-24,Hezbollah,CNN,0
2025-11-24,Hezbollah,Ampliat,0
2025-11-25,Israel,CNN,0
2025-11-25,Israel,Ampliat,0
2025-11-25,Hezbollah,CNN,0
2025-11-25,Hezbollah,Ampliat,0
2025-11-26,Israel,CNN,0
2025-11-26,Israel,Ampliat,0
2025-11-26,Hezbollah,CNN,0
2025-11-26,Hezbollah,Ampliat,0
2025-11-27,Israel,CNN,0
2025-11-27,Israel,Ampliat,0
2025-11-27,Hezbollah,CNN,0
2025-11-27,Hezbollah,Ampliat,0
2025-11-28,Israel,CNN,0
2025-11-28,Israel,Ampliat,0
2025-11-28,Hezbollah,CNN,0
2025-11-28,Hezbollah,Ampliat,0
2025-11-29,Israel,CNN,0
2025-11-29,Israel,Ampliat,0
2025-11-29,Hezbollah,CNN,0
2025-11-29,Hezbollah,Ampliat,0
2025-11-30,Israel,CNN,0
2025-11-30,Israel,Ampliat,0
2025-11-30,Hezbollah,CNN,0
2025-11-30,Hezbollah,Ampliat,0
2025-12-01,Israel,CNN,0
2025-12-01,Israel,Ampliat,0
2025-12-01,Hezbollah,CNN,0
2025-12-01,Hezbollah,Ampliat,0
2025-12-02,Israel,CNN,0
2025-12-02,Israel,Ampliat,0
2025-12-02,Hezbollah,CNN,0
2025-12-02,Hezbollah,Ampliat,0
2025-12-03,Israel,CNN,0
2025-12-03,Israel,Ampliat,0
2025-12-03,Hezbollah,CNN,0
2025-12-03,Hezbollah,Ampliat,0
2025-12-04,Israel,CNN,0
2025-12-04,Israel,Ampliat,0
2025-12-04,Hezbollah,CNN,0
2025-12-04,Hezbollah,Ampliat,0
2025-12-05,Israel,CNN,0
2025-12-05,Israel,Ampliat,0
2025-12-05,Hezbollah,CNN,0
2025-12-05,Hezbollah,Ampliat,0
2025-12-06,Israel,CNN,0
2025-12-06,Israel,Ampliat,0
2025-12-06,Hezbollah,CNN,0
2025-12-06,Hezbollah,Ampliat,0
2025-12-07,Israel,CNN,0
2025-12-07,Israel,Ampliat,0
2025-12-07,Hezbollah,CNN,0
2025-12-07,Hezbollah,Ampliat,0
2025-12-08,Israel,CNN,0
2025-12-08,Israel,Ampliat,0
2025-12-08,Hezbollah,CNN,0
2025-12-08,Hezbollah,Ampliat,0
2025-12-09,Israel,CNN,0
2025-12-09,Israel,Ampliat,0
2025-12-09,Hezbollah,CNN,0
2025-12-09,Hezbollah,Ampliat,0
2025-12-10,Israel,CNN,0
2025-12-10,Israel,Ampliat,0
2025-12-10,Hezbollah,CNN,0
2025-12-10,Hezbollah,Ampliat,0
2025-12-11,Israel,CNN,0
2025-12-11,Israel,Ampliat,0
2025-12-11,Hezbollah,CNN,0
2025-12-11,Hezbollah,Ampliat,0
2025-12-12,Israel,CNN,0
2025-12-12,Israel,Ampliat,0
2025-12-12,Hezbollah,CNN,0
2025-12-12,Hezbollah,Ampliat,0
2025-12-13,Israel,CNN,0
2025-12-13,Israel,Ampliat,0
2025-12-13,Hezbollah,CNN,0
2025-12-13,Hezbollah,Ampliat,0
2025-12-14,Israel,CNN,0
2025-12-14,Israel,Ampliat,0
2025-12-14,Hezbollah,CNN,0
2025-12-14,Hezbollah,Ampliat,0
2025-12-15,Israel,CNN,0
2025-12-15,Israel,Ampliat,0
2025-12-15,Hezbollah,CNN,0
2025-12-15,Hezbollah,Ampliat,0
2025-12-16,Israel,CNN,0
2025-12-16,Israel,Ampliat,0
2025-12-16,Hezbollah,CNN,0
2025-12-16,Hezbollah,Ampliat,0
2025-12-17,Israel,CNN,0
2025-12-17,Israel,Ampliat,0
2025-12-17,Hezbollah,CNN,0
2025-12-17,Hezbollah,Ampliat,0
2025-12-18,Israel,CNN,0
2025-12-18,Israel,Ampliat,0
2025-12-18,Hezbollah,CNN,0
2025-12-18,Hezbollah,Ampliat,0
2025-12-19,Israel,CNN,0
2025-12-19,Israel,Ampliat,0
2025-12-19,Hezbollah,CNN,0
2025-12-19,Hezbollah,Ampliat,0
2025-12-20,Israel,CNN,0
2025-12-20,Israel,Ampliat,0
2025-12-20,Hezbollah,CNN,0
2025-12-20,Hezbollah,Ampliat,0
2025-12-21,Israel,CNN,0
2025-12-21,Israel,Ampliat,0
2025-12-21,Hezbollah,CNN,0
2025-12-21,Hezbollah,Ampliat,0
2025-12-22,Israel,CNN,0
2025-12-22,Israel,Ampliat,0
2025-12-22,Hezbollah,CNN,0
2025-12-22,Hezbollah,Ampliat,0
2025-12-23,Israel,CNN,0
2025-12-23,Israel,Ampliat,0
2025-12-23,Hezbollah,CNN,0
2025-12-23,Hezbollah,Ampliat,0
2025-12-24,Israel,CNN,0
2025-12-24,Israel,Ampliat,0
2025-12-24,Hezbollah,CNN,0
2025-12-24,Hezbollah,Ampliat,0
2025-12-25,Israel,CNN,0
2025-12-25,Israel,Ampliat,0
2025-12-25,Hezbollah,CNN,0
2025-12-25,Hezbollah,Ampliat,0
2025-12-26,Israel,CNN,0
2025-12-26,Israel,Ampliat,0
2025-12-26,Hezbollah,CNN,0
2025-12-26,Hezbollah,Ampliat,0
2025-12-27,Israel,CNN,0
2025-12-27,Israel,Ampliat,0
2025-12-27,Hezbollah,CNN,0
2025-12-27,Hezbollah,Ampliat,0
2025-12-28,Israel,CNN,0
2025-12-28,Israel,Ampliat,0
2025-12-28,Hezbollah,CNN,0
2025-12-28,Hezbollah,Ampliat,0
2025-12-29,Israel,CNN,0
2025-12-29,Israel,Ampliat,0
2025-12-29,Hezbollah,CNN,0
2025-12-29,Hezbollah,Ampliat,0
2025-12-30,Israel,CNN,0
2025-12-30,Israel,Ampliat,0
2025-12-30,Hezbollah,CNN,0
2025-12-30,Hezbollah,Ampliat,0
2025-12-31,Israel,CNN,0
2025-12-31,Israel,Ampliat,0
2025-12-31,Hezbollah,CNN,0
2025-12-31,Hezbollah,Ampliat,0
2026-01-01,Israel,CNN,0
2026-01-01,Israel,Ampliat,0
2026-01-01,Hezbollah,CNN,0
2026-01-01,Hezbollah,Ampliat,0
2026-01-02,Israel,CNN,0
2026-01-02,Israel,Ampliat,0
2026-01-02,Hezbollah,CNN,0
2026-01-02,Hezbollah,Ampliat,0
2026-01-03,Israel,CNN,0
2026-01-03,Israel,Ampliat,0
2026-01-03,Hezbollah,CNN,0
2026-01-03,Hezbollah,Ampliat,0
2026-01-04,Israel,CNN,0
2026-01-04,Israel,Ampliat,0
2026-01-04,Hezbollah,CNN,0
2026-01-04,Hezbollah,Ampliat,0
2026-01-05,Israel,CNN,0
2026-01-05,Israel,Ampliat,0
2026-01-05,Hezbollah,CNN,0
2026-01-05,Hezbollah,Ampliat,0
2026-01-06,Israel,CNN,0
2026-01-06,Israel,Ampliat,0
2026-01-06,Hezbollah,CNN,0
2026-01-06,Hezbollah,Ampliat,0
2026-01-07,Israel,CNN,0
2026-01-07,Israel,Ampliat,0
2026-01-07,Hezbollah,CNN,0
2026-01-07,Hezbollah,Ampliat,0
2026-01-08,Israel,CNN,0
2026-01-08,Israel,Ampliat,0
2026-01-08,Hezbollah,CNN,0
2026-01-08,Hezbollah,Ampliat,0
2026-01-09,Israel,CNN,0
2026-01-09,Israel,Ampliat,0
2026-01-09,Hezbollah,CNN,0
2026-01-09,Hezbollah,Ampliat,0
2026-01-10,Israel,CNN,0
2026-01-10,Israel,Ampliat,0
2026-01-10,Hezbollah,CNN,0
2026-01-10,Hezbollah,Ampliat,0
2026-01-11,Israel,CNN,0
2026-01-11,Israel,Ampliat,0
2026-01-11,Hezbollah,CNN,0
2026-01-11,Hezbollah,Ampliat,0
2026-01-12,Israel,CNN,0
2026-01-12,Israel,Ampliat,0
2026-01-12,Hezbollah,CNN,0
2026-01-12,Hezbollah,Ampliat,0
2026-01-13,Israel,CNN,0
2026-01-13,Israel,Ampliat,0
2026-01-13,Hezbollah,CNN,0
2026-01-13,Hezbollah,Ampliat,0
2026-01-14,Israel,CNN,0
2026-01-14,Israel,Ampliat,0
2026-01-14,Hezbollah,CNN,0
2026-01-14,Hezbollah,Ampliat,0
2026-01-15,Israel,CNN,0
2026-01-15,Israel,Ampliat,0
2026-01-15,Hezbollah,CNN,0
2026-01-15,Hezbollah,Ampliat,0
2026-01-16,Israel,CNN,0
2026-01-16,Israel,Ampliat,0
2026-01-16,Hezbollah,CNN,0
2026-01-16,Hezbollah,Ampliat,0
2026-01-17,Israel,CNN,0
2026-01-17,Israel,Ampliat,0
2026-01-17,Hezbollah,CNN,0
2026-01-17,Hezbollah,Ampliat,0
2026-01-18,Israel,CNN,0
2026-01-18,Israel,Ampliat,0
2026-01-18,Hezbollah,CNN,0
2026-01-18,Hezbollah,Ampliat,0
2026-01-19,Israel,CNN,0
2026-01-19,Israel,Ampliat,0
2026-01-19,Hezbollah,CNN,0
2026-01-19,Hezbollah,Ampliat,0
2026-01-20,Israel,CNN,0
2026-01-20,Israel,Ampliat,0
2026-01-20,Hezbollah,CNN,0
2026-01-20,Hezbollah,Ampliat,0
2026-01-21,Israel,CNN,0
2026-01-21,Israel,Ampliat,0
2026-01-21,Hezbollah,CNN,0
2026-01-21,Hezbollah,Ampliat,0
2026-01-22,Israel,CNN,0
2026-01-22,Israel,Ampliat,0
2026-01-22,Hezbollah,CNN,0
2026-01-22,Hezbollah,Ampliat,0
2026-01-23,Israel,CNN,0
2026-01-23,Israel,Ampliat,0
2026-01-23,Hezbollah,CNN,0
2026-01-23,Hezbollah,Ampliat,0
2026-01-24,Israel,CNN,0
2026-01-24,Israel,Ampliat,0
2026-01-24,Hezbollah,CNN,0
2026-01-24,Hezbollah,Ampliat,0
2026-01-25,Israel,CNN,0
2026-01-25,Israel,Ampliat,0
2026-01-25,Hezbollah,CNN,0
2026-01-25,Hezbollah,Ampliat,0
2026-01-26,Israel,CNN,0
2026-01-26,Israel,Ampliat,0
2026-01-26,Hezbollah,CNN,0
2026-01-26,Hezbollah,Ampliat,0
2026-01-27,Israel,CNN,0
2026-01-27,Israel,Ampliat,0
2026-01-27,Hezbollah,CNN,0
2026-01-27,Hezbollah,Ampliat,0
2026-01-28,Israel,CNN,0
2026-01-28,Israel,Ampliat,0
2026-01-28,Hezbollah,CNN,0
2026-01-28,Hezbollah,Ampliat,0
2026-01-29,Israel,CNN,0
2026-01-29,Israel,Ampliat,0
2026-01-29,Hezbollah,CNN,0
2026-01-29,Hezbollah,Ampliat,0
2026-01-30,Israel,CNN,0
2026-01-30,Israel,Ampliat,0
2026-01-30,Hezbollah,CNN,0
2026-01-30,Hezbollah,Ampliat,0
2026-01-31,Israel,CNN,0
2026-01-31,Israel,Ampliat,0
2026-01-31,Hezbollah,CNN,0
2026-01-31,Hezbollah,Ampliat,0
2026-02-01,Israel,CNN,0
2026-02-01,Israel,Ampliat,0
2026-02-01,Hezbollah,CNN,0
2026-02-01,Hezbollah,Ampliat,0
2026-02-02,Israel,CNN,0
2026-02-02,Israel,Ampliat,0
2026-02-02,Hezbollah,CNN,0
2026-02-02,Hezbollah,Ampliat,0
2026-02-03,Israel,CNN,0
2026-02-03,Israel,Ampliat,0
2026-02-03,Hezbollah,CNN,0
2026-02-03,Hezbollah,Ampliat,0
2026-02-04,Israel,CNN,0
2026-02-04,Israel,Ampliat,0
2026-02-04,Hezbollah,CNN,0
2026-02-04,Hezbollah,Ampliat,0
2026-02-05,Israel,CNN,0
2026-02-05,Israel,Ampliat,0
2026-02-05,Hezbollah,CNN,0
2026-02-05,Hezbollah,Ampliat,0
2026-02-06,Israel,CNN,0
2026-02-06,Israel,Ampliat,0
2026-02-06,Hezbollah,CNN,0
2026-02-06,Hezbollah,Ampliat,0
2026-02-07,Israel,CNN,0
2026-02-07,Israel,Ampliat,0
2026-02-07,Hezbollah,CNN,0
2026-02-07,Hezbollah,Ampliat,0
2026-02-08,Israel,CNN,0
2026-02-08,Israel,Ampliat,0
2026-02-08,Hezbollah,CNN,0
2026-02-08,Hezbollah,Ampliat,0
2026-02-09,Israel,CNN,0
2026-02-09,Israel,Ampliat,0
2026-02-09,Hezbollah,CNN,0
2026-02-09,Hezbollah,Ampliat,0
2026-02-10,Israel,CNN,0
2026-02-10,Israel,Ampliat,0
2026-02-10,Hezbollah,CNN,0
2026-02-10,Hezbollah,Ampliat,0
2026-02-11,Israel,CNN,0
2026-02-11,Israel,Ampliat,0
2026-02-11,Hezbollah,CNN,0
2026-02-11,Hezbollah,Ampliat,0
2026-02-12,Israel,CNN,0
2026-02-12,Israel,Ampliat,0
2026-02-12,Hezbollah,CNN,0
2026-02-12,Hezbollah,Ampliat,0
2026-02-13,Israel,CNN,0
2026-02-13,Israel,Ampliat,0
2026-02-13,Hezbollah,CNN,0
2026-02-13,Hezbollah,Ampliat,0
2026-02-14,Israel,CNN,0
2026-02-14,Israel,Ampliat,0
2026-02-14,Hezbollah,CNN,0
2026-02-14,Hezbollah,Ampliat,0
2026-02-15,Israel,CNN,0
2026-02-15,Israel,Ampliat,0
2026-02-15,Hezbollah,CNN,0
2026-02-15,Hezbollah,Ampliat,0
2026-02-16,Israel,CNN,0
2026-02-16,Israel,Ampliat,0
2026-02-16,Hezbollah,CNN,0
2026-02-16,Hezbollah,Ampliat,0
2026-02-17,Israel,CNN,0
2026-02-17,Israel,Ampliat,0
2026-02-17,Hezbollah,CNN,0
2026-02-17,Hezbollah,Ampliat,0
2026-02-18,Israel,CNN,0
2026-02-18,Israel,Ampliat,0
2026-02-18,Hezbollah,CNN,0
2026-02-18,Hezbollah,Ampliat,0
2026-02-19,Israel,CNN,0
2026-02-19,Israel,Ampliat,0
2026-02-19,Hezbollah,CNN,0
2026-02-19,Hezbollah,Ampliat,0
2026-02-20,Israel,CNN,0
2026-02-20,Israel,Ampliat,0
2026-02-20,Hezbollah,CNN,0
2026-02-20,Hezbollah,Ampliat,0
2026-02-21,Israel,CNN,0
2026-02-21,Israel,Ampliat,0
2026-02-21,Hezbollah,CNN,0
2026-02-21,Hezbollah,Ampliat,0
2026-02-22,Israel,CNN,0
2026-02-22,Israel,Ampliat,0
2026-02-22,Hezbollah,CNN,0
2026-02-22,Hezbollah,Ampliat,0
2026-02-23,Israel,CNN,0
2026-02-23,Israel,Ampliat,0
2026-02-23,Hezbollah,CNN,0
2026-02-23,Hezbollah,Ampliat,0
2026-02-24,Israel,CNN,0
2026-02-24,Israel,Ampliat,0
2026-02-24,Hezbollah,CNN,0
2026-02-24,Hezbollah,Ampliat,0
2026-02-25,Israel,CNN,0
2026-02-25,Israel,Ampliat,0
2026-02-25,Hezbollah,CNN,0
2026-02-25,Hezbollah,Ampliat,0
2026-02-26,Israel,CNN,0
2026-02-26,Israel,Ampliat,0
2026-02-26,Hezbollah,CNN,0
2026-02-26,Hezbollah,Ampliat,0
2026-02-27,Israel,CNN,0
2026-02-27,Israel,Ampliat,0
2026-02-27,Hezbollah,CNN,0
2026-02-27,Hezbollah,Ampliat,0
2026-02-28,Israel,CNN,0
2026-02-28,Israel,Ampliat,0
2026-02-28,Hezbollah,CNN,0
2026-02-28,Hezbollah,Ampliat,0
2026-03-01,Israel,CNN,0
2026-03-01,Israel,Ampliat,0
2026-03-01,Hezbollah,CNN,0
2026-03-01,Hezbollah,Ampliat,0
2026-03-02,Israel,CNN,0
2026-03-02,Israel,Ampliat,0
2026-03-02,Hezbollah,CNN,0
2026-03-02,Hezbollah,Ampliat,0
2026-03-03,Israel,CNN,0
2026-03-03,Israel,Ampliat,0
2026-03-03,Hezbollah,CNN,0
2026-03-03,Hezbollah,Ampliat,0
2026-03-04,Israel,CNN,0
2026-03-04,Israel,Ampliat,0
2026-03-04,Hezbollah,CNN,0
2026-03-04,Hezbollah,Ampliat,0
2026-03-05,Israel,CNN,0
2026-03-05,Israel,Ampliat,0
2026-03-05,Hezbollah,CNN,0
2026-03-05,Hezbollah,Ampliat,0
2026-03-06,Israel,CNN,0
2026-03-06,Israel,Ampliat,0
2026-03-06,Hezbollah,CNN,0
2026-03-06,Hezbollah,Ampliat,0
2026-03-07,Israel,CNN,0
2026-03-07,Israel,Ampliat,0
2026-03-07,Hezbollah,CNN,0
2026-03-07,Hezbollah,Ampliat,0
2026-03-08,Israel,CNN,0
2026-03-08,Israel,Ampliat,0
2026-03-08,Hezbollah,CNN,0
2026-03-08,Hezbollah,Ampliat,0
2026-03-09,Israel,CNN,0
2026-03-09,Israel,Ampliat,0
2026-03-09,Hezbollah,CNN,0
2026-03-09,Hezbollah,Ampliat,0
2026-03-10,Israel,CNN,0
2026-03-10,Israel,Ampliat,0
2026-03-10,Hezbollah,CNN,0
2026-03-10,Hezbollah,Ampliat,0
2026-03-11,Israel,CNN,0
2026-03-11,Israel,Ampliat,0
2026-03-11,Hezbollah,CNN,0
2026-03-11,Hezbollah,Ampliat,0
2026-03-12,Israel,CNN,0
2026-03-12,Israel,Ampliat,0
2026-03-12,Hezbollah,CNN,0
2026-03-12,Hezbollah,Ampliat,0
2026-03-13,Israel,CNN,0
2026-03-13,Israel,Ampliat,0
2026-03-13,Hezbollah,CNN,0
2026-03-13,Hezbollah,Ampliat,0
2026-03-14,Israel,CNN,0
2026-03-14,Israel,Ampliat,0
2026-03-14,Hezbollah,CNN,0
2026-03-14,Hezbollah,Ampliat,0
2026-03-15,Israel,CNN,0
2026-03-15,Israel,Ampliat,0
2026-03-15,Hezbollah,CNN,0
2026-03-15,Hezbollah,Ampliat,0
2026-03-16,Israel,CNN,0
2026-03-16,Israel,Ampliat,0
2026-03-16,Hezbollah,CNN,0
2026-03-16,Hezbollah,Ampliat,0
2026-03-17,Israel,CNN,0
2026-03-17,Israel,Ampliat,0
2026-03-17,Hezbollah,CNN,0
2026-03-17,Hezbollah,Ampliat,0
2026-03-18,Israel,CNN,0
2026-03-18,Israel,Ampliat,0
2026-03-18,Hezbollah,CNN,0
2026-03-18,Hezbollah,Ampliat,0
2026-03-19,Israel,CNN,0
2026-03-19,Israel,Ampliat,0
2026-03-19,Hezbollah,CNN,0
2026-03-19,Hezbollah,Ampliat,0
2026-03-20,Israel,CNN,0
2026-03-20,Israel,Ampliat,0
2026-03-20,Hezbollah,CNN,0
2026-03-20,Hezbollah,Ampliat,0
2026-03-21,Israel,CNN,0
2026-03-21,Israel,Ampliat,0
2026-03-21,Hezbollah,CNN,0
2026-03-21,Hezbollah,Ampliat,0
2026-03-22,Israel,CNN,0
2026-03-22,Israel,Ampliat,0
2026-03-22,Hezbollah,CNN,0
2026-03-22,Hezbollah,Ampliat,0
2026-03-23,Israel,CNN,0
2026-03-23,Israel,Ampliat,0
2026-03-23,Hezbollah,CNN,0
2026-03-23,Hezbollah,Ampliat,0
2026-03-24,Israel,CNN,0
2026-03-24,Israel,Ampliat,0
2026-03-24,Hezbollah,CNN,0
2026-03-24,Hezbollah,Ampliat,0
2026-03-25,Israel,CNN,0
2026-03-25,Israel,Ampliat,0
2026-03-25,Hezbollah,CNN,0
2026-03-25,Hezbollah,Ampliat,0
2026-03-26,Israel,CNN,0
2026-03-26,Israel,Ampliat,0
2026-03-26,Hezbollah,CNN,0
2026-03-26,Hezbollah,Ampliat,0
2026-03-27,Israel,CNN,0
2026-03-27,Israel,Ampliat,0
2026-03-27,Hezbollah,CNN,0
2026-03-27,Hezbollah,Ampliat,0
2026-03-28,Israel,CNN,0
2026-03-28,Israel,Ampliat,0
2026-03-28,Hezbollah,CNN,0
2026-03-28,Hezbollah,Ampliat,0
2026-03-29,Israel,CNN,0
2026-03-29,Israel,Ampliat,0
2026-03-29,Hezbollah,CNN,0
2026-03-29,Hezbollah,Ampliat,0
2026-03-30,Israel,CNN,0
2026-03-30,Israel,Ampliat,0
2026-03-30,Hezbollah,CNN,0
2026-03-30,Hezbollah,Ampliat,0
2026-03-31,Israel,CNN,0
2026-03-31,Israel,Ampliat,0
2026-03-31,Hezbollah,CNN,0
2026-03-31,Hezbollah,Ampliat,0
2026-04-01,Israel,CNN,0
2026-04-01,Israel,Ampliat,0
2026-04-01,Hezbollah,CNN,0
2026-04-01,Hezbollah,Ampliat,0
2026-04-02,Israel,CNN,0
2026-04-02,Israel,Ampliat,0
2026-04-02,Hezbollah,CNN,0
2026-04-02,Hezbollah,Ampliat,0
2026-04-03,Israel,CNN,0
2026-04-03,Israel,Ampliat,0
2026-04-03,Hezbollah,CNN,0
2026-04-03,Hezbollah,Ampliat,0
2026-04-04,Israel,CNN,0
2026-04-04,Israel,Ampliat,0
2026-04-04,Hezbollah,CNN,0
2026-04-04,Hezbollah,Ampliat,0
2026-04-05,Israel,CNN,0
2026-04-05,Israel,Ampliat,0
2026-04-05,Hezbollah,CNN,0
2026-04-05,Hezbollah,Ampliat,0
2026-04-06,Israel,CNN,0
2026-04-06,Israel,Ampliat,0
2026-04-06,Hezbollah,CNN,0
2026-04-06,Hezbollah,Ampliat,0
2026-04-07,Israel,CNN,0
2026-04-07,Israel,Ampliat,0
2026-04-07,Hezbollah,CNN,0
2026-04-07,Hezbollah,Ampliat,0
2026-04-08,Israel,CNN,0
2026-04-08,Israel,Ampliat,0
2026-04-08,Hezbollah,CNN,0
2026-04-08,Hezbollah,Ampliat,0
2026-04-09,Israel,CNN,0
2026-04-09,Israel,Ampliat,0
2026-04-09,Hezbollah,CNN,0
2026-04-09,Hezbollah,Ampliat,0
2026-04-10,Israel,CNN,0
2026-04-10,Israel,Ampliat,0
2026-04-10,Hezbollah,CNN,0
2026-04-10,Hezbollah,Ampliat,0
2026-04-11,Israel,CNN,0
2026-04-11,Israel,Ampliat,0
2026-04-11,Hezbollah,CNN,0
2026-04-11,Hezbollah,Ampliat,0
2026-04-12,Israel,CNN,0
2026-04-12,Israel,Ampliat,0
2026-04-12,Hezbollah,CNN,0
2026-04-12,Hezbollah,Ampliat,0
2026-04-13,Israel,CNN,0
2026-04-13,Israel,Ampliat,0
2026-04-13,Hezbollah,CNN,0
2026-04-13,Hezbollah,Ampliat,0
2026-04-14,Israel,CNN,0
2026-04-14,Israel,Ampliat,0
2026-04-14,Hezbollah,CNN,0
2026-04-14,Hezbollah,Ampliat,0
2026-04-15,Israel,CNN,0
2026-04-15,Israel,Ampliat,0
2026-04-15,Hezbollah,CNN,0
2026-04-15,Hezbollah,Ampliat,0
2026-04-16,Israel,CNN,0
2026-04-16,Israel,Ampliat,0
2026-04-16,Hezbollah,CNN,0
2026-04-16,Hezbollah,Ampliat,0
2026-04-17,Israel,CNN,0
2026-04-17,Israel,Ampliat,0
2026-04-17,Hezbollah,CNN,0
2026-04-17,Hezbollah,Ampliat,0
2026-04-18,Israel,CNN,0
2026-04-18,Israel,Ampliat,0
2026-04-18,Hezbollah,CNN,0
2026-04-18,Hezbollah,Ampliat,0
2026-04-19,Israel,CNN,0
2026-04-19,Israel,Ampliat,0
2026-04-19,Hezbollah,CNN,0
2026-04-19,Hezbollah,Ampliat,0
2026-04-20,Israel,CNN,0
2026-04-20,Israel,Ampliat,0
2026-04-20,Hezbollah,CNN,0
2026-04-20,Hezbollah,Ampliat,0
2026-04-21,Israel,CNN,0
2026-04-21,Israel,Ampliat,0
2026-04-21,Hezbollah,CNN,0
2026-04-21,Hezbollah,Ampliat,0
2026-04-22,Israel,CNN,0
2026-04-22,Israel,Ampliat,0
2026-04-22,Hezbollah,CNN,0
2026-04-22,Hezbollah,Ampliat,0
2026-04-23,Israel,CNN,0
2026-04-23,Israel,Ampliat,0
2026-04-23,Hezbollah,CNN,0
2026-04-23,Hezbollah,Ampliat,0
2026-04-24,Israel,CNN,0
2026-04-24,Israel,Ampliat,0
2026-04-24,Hezbollah,CNN,0
2026-04-24,Hezbollah,Ampliat,0
2026-04-25,Israel,CNN,0
2026-04-25,Israel,Ampliat,0
2026-04-25,Hezbollah,CNN,0
2026-04-25,Hezbollah,Ampliat,0
2026-04-26,Israel,CNN,0
2026-04-26,Israel,Ampliat,0
2026-04-26,Hezbollah,CNN,0
2026-04-26,Hezbollah,Ampliat,0
2026-04-27,Israel,CNN,0
2026-04-27,Israel,Ampliat,0
2026-04-27,Hezbollah,CNN,0
2026-04-27,Hezbollah,Ampliat,0
2026-04-28,Israel,CNN,0
2026-04-28,Israel,Ampliat,0
2026-04-28,Hezbollah,CNN,0
2026-04-28,Hezbollah,Ampliat,0
2026-04-29,Israel,CNN,0
2026-04-29,Israel,Ampliat,0
2026-04-29,Hezbollah,CNN,0
2026-04-29,Hezbollah,Ampliat,0
2026-04-30,Israel,CNN,0
2026-04-30,Israel,Ampliat,0
2026-04-30,Hezbollah,CNN,0
2026-04-30,Hezbollah,Ampliat,0
2026-05-01,Israel,CNN,0
2026-05-01,Israel,Ampliat,0
2026-05-01,Hezbollah,CNN,0
2026-05-01,Hezbollah,Ampliat,0
2026-05-02,Israel,CNN,0
2026-05-02,Israel,Ampliat,0
2026-05-02,Hezbollah,CNN,0
2026-05-02,Hezbollah,Ampliat,0
2026-05-03,Israel,CNN,0
2026-05-03,Israel,Ampliat,0
2026-05-03,Hezbollah,CNN,0
2026-05-03,Hezbollah,Ampliat,0
2026-05-04,Israel,CNN,0
2026-05-04,Israel,Ampliat,0
2026-05-04,Hezbollah,CNN,0
2026-05-04,Hezbollah,Ampliat,0
2026-05-05,Israel,CNN,0
2026-05-05,Israel,Ampliat,0
2026-05-05,Hezbollah,CNN,0
2026-05-05,Hezbollah,Ampliat,0
2026-05-06,Israel,CNN,0
2026-05-06,Israel,Ampliat,0
2026-05-06,Hezbollah,CNN,0
2026-05-06,Hezbollah,Ampliat,0
2026-05-07,Israel,CNN,0
2026-05-07,Israel,Ampliat,0
2026-05-07,Hezbollah,CNN,0
2026-05-07,Hezbollah,Ampliat,0
2026-05-08,Israel,CNN,0
2026-05-08,Israel,Ampliat,0
2026-05-08,Hezbollah,CNN,0
2026-05-08,Hezbollah,Ampliat,0
2026-05-09,Israel,CNN,0
2026-05-09,Israel,Ampliat,0
2026-05-09,Hezbollah,CNN,0
2026-05-09,Hezbollah,Ampliat,0
2026-05-10,Israel,CNN,0
2026-05-10,Israel,Ampliat,0
2026-05-10,Hezbollah,CNN,0
2026-05-10,Hezbollah,Ampliat,0
2026-05-11,Israel,CNN,0
2026-05-11,Israel,Ampliat,0
2026-05-11,Hezbollah,CNN,0
2026-05-11,Hezbollah,Ampliat,0
2026-05-12,Israel,CNN,0
2026-05-12,Israel,Ampliat,0
2026-05-12,Hezbollah,CNN,0
2026-05-12,Hezbollah,Ampliat,0
2026-05-13,Israel,CNN,0
2026-05-13,Israel,Ampliat,0
2026-05-13,Hezbollah,CNN,0
2026-05-13,Hezbollah,Ampliat,0
2026-05-14,Israel,CNN,0
2026-05-14,Israel,Ampliat,0
2026-05-14,Hezbollah,CNN,0
2026-05-14,Hezbollah,Ampliat,0
2026-05-15,Israel,CNN,0
2026-05-15,Israel,Ampliat,0
2026-05-15,Hezbollah,CNN,0
2026-05-15,Hezbollah,Ampliat,0
2026-05-16,Israel,CNN,0
2026-05-16,Israel,Ampliat,0
2026-05-16,Hezbollah,CNN,0
2026-05-16,Hezbollah,Ampliat,0
2026-05-17,Israel,CNN,0
2026-05-17,Israel,Ampliat,0
2026-05-17,Hezbollah,CNN,0
2026-05-17,Hezbollah,Ampliat,0
2026-05-18,Israel,CNN,0
2026-05-18,Israel,Ampliat,0
2026-05-18,Hezbollah,CNN,0
2026-05-18,Hezbollah,Ampliat,0
2026-05-19,Israel,CNN,0
2026-05-19,Israel,Ampliat,0
2026-05-19,Hezbollah,CNN,0
2026-05-19,Hezbollah,Ampliat,0
2026-05-20,Israel,CNN,0
2026-05-20,Israel,Ampliat,0
2026-05-20,Hezbollah,CNN,0
2026-05-20,Hezbollah,Ampliat,0
2026-05-21,Israel,CNN,0
2026-05-21,Israel,Ampliat,0
2026-05-21,Hezbollah,CNN,0
2026-05-21,Hezbollah,Ampliat,0
2026-05-22,Israel,CNN,0
2026-05-22,Israel,Ampliat,0
2026-05-22,Hezbollah,CNN,0
2026-05-22,Hezbollah,Ampliat,0
2026-05-23,Israel,CNN,0
2026-05-23,Israel,Ampliat,0
2026-05-23,Hezbollah,CNN,0
2026-05-23,Hezbollah,Ampliat,0
2026-05-24,Israel,CNN,0
2026-05-24,Israel,Ampliat,0
2026-05-24,Hezbollah,CNN,0
2026-05-24,Hezbollah,Ampliat,0
2026-05-25,Israel,CNN,0
2026-05-25,Israel,Ampliat,0
2026-05-25,Hezbollah,CNN,0
2026-05-25,Hezbollah,Ampliat,0
2026-05-26,Israel,CNN,0
2026-05-26,Israel,Ampliat,0
2026-05-26,Hezbollah,CNN,0
2026-05-26,Hezbollah,Ampliat,0
2026-05-27,Israel,CNN,0
2026-05-27,Israel,Ampliat,0
2026-05-27,Hezbollah,CNN,0
2026-05-27,Hezbollah,Ampliat,0
2026-05-28,Israel,CNN,0
2026-05-28,Israel,Ampliat,0
2026-05-28,Hezbollah,CNN,0
2026-05-28,Hezbollah,Ampliat,0
2026-05-29,Israel,CNN,0
2026-05-29,Israel,Ampliat,0
2026-05-29,Hezbollah,CNN,0
2026-05-29,Hezbollah,Ampliat,0
2026-05-30,Israel,CNN,0
2026-05-30,Israel,Ampliat,0
2026-05-30,Hezbollah,CNN,0
2026-05-30,Hezbollah,Ampliat,0
2026-05-31,Israel,CNN,0
2026-05-31,Israel,Ampliat,0
2026-05-31,Hezbollah,CNN,0
2026-05-31,Hezbollah,Ampliat,0
2026-06-01,Israel,CNN,0
2026-06-01,Israel,Ampliat,0
2026-06-01,Hezbollah,CNN,0
2026-06-01,Hezbollah,Ampliat,0
2026-06-02,Israel,CNN,0
2026-06-02,Israel,Ampliat,0
2026-06-02,Hezbollah,CNN,0
2026-06-02,Hezbollah,Ampliat,0
2026-06-03,Israel,CNN,0
2026-06-03,Israel,Ampliat,0
2026-06-03,Hezbollah,CNN,0
2026-06-03,Hezbollah,Ampliat,0
2026-06-04,Israel,CNN,0
2026-06-04,Israel,Ampliat,0
2026-06-04,Hezbollah,CNN,0
2026-06-04,Hezbollah,Ampliat,0
2026-06-05,Israel,CNN,0
2026-06-05,Israel,Ampliat,0
2026-06-05,Hezbollah,CNN,0
2026-06-05,Hezbollah,Ampliat,0
2026-06-06,Israel,CNN,0
2026-06-06,Israel,Ampliat,0
2026-06-06,Hezbollah,CNN,0
2026-06-06,Hezbollah,Ampliat,0
2026-06-07,Israel,CNN,0
2026-06-07,Israel,Ampliat,0
2026-06-07,Hezbollah,CNN,0
2026-06-07,Hezbollah,Ampliat,0
2026-06-08,Israel,CNN,0
2026-06-08,Israel,Ampliat,0
2026-06-08,Hezbollah,CNN,0
2026-06-08,Hezbollah,Ampliat,0
2026-06-09,Israel,CNN,0
2026-06-09,Israel,Ampliat,0
2026-06-09,Hezbollah,CNN,0
2026-06-09,Hezbollah,Ampliat,0
2026-06-10,Israel,CNN,0
2026-06-10,Israel,Ampliat,0
2026-06-10,Hezbollah,CNN,0
2026-06-10,Hezbollah,Ampliat,0
2026-06-11,Israel,CNN,0
2026-06-11,Israel,Ampliat,0
2026-06-11,Hezbollah,CNN,0
2026-06-11,Hezbollah,Ampliat,0
2026-06-12,Israel,CNN,0
2026-06-12,Israel,Ampliat,0
2026-06-12,Hezbollah,CNN,0
2026-06-12,Hezbollah,Ampliat,0
2026-06-13,Israel,CNN,0
2026-06-13,Israel,Ampliat,0
2026-06-13,Hezbollah,CNN,0
2026-06-13,Hezbollah,Ampliat,0
2026-06-14,Israel,CNN,0
2026-06-14,Israel,Ampliat,0
2026-06-14,Hezbollah,CNN,0
2026-06-14,Hezbollah,Ampliat,0
2026-06-15,Israel,CNN,0
2026-06-15,Israel,Ampliat,0
2026-06-15,Hezbollah,CNN,0
2026-06-15,Hezbollah,Ampliat,0
2026-06-16,Israel,CNN,0
2026-06-16,Israel,Ampliat,0
2026-06-16,Hezbollah,CNN,0
2026-06-16,Hezbollah,Ampliat,0
2026-06-17,Israel,CNN,0
2026-06-17,Israel,Ampliat,0
2026-06-17,Hezbollah,CNN,0
2026-06-17,Hezbollah,Ampliat,0
2026-06-18,Israel,CNN,0
2026-06-18,Israel,Ampliat,0
2026-06-18,Hezbollah,CNN,0
2026-06-18,Hezbollah,Ampliat,0
2026-06-19,Israel,CNN,0
2026-06-19,Israel,Ampliat,0
2026-06-19,Hezbollah,CNN,0
2026-06-19,Hezbollah,Ampliat,0
2026-06-20,Israel,CNN,0
2026-06-20,Israel,Ampliat,0
2026-06-20,Hezbollah,CNN,0
2026-06-20,Hezbollah,Ampliat,0
2026-06-21,Israel,CNN,0
2026-06-21,Israel,Ampliat,0
2026-06-21,Hezbollah,CNN,0
2026-06-21,Hezbollah,Ampliat,0
2026-06-22,Israel,CNN,0
2026-06-22,Israel,Ampliat,0
2026-06-22,Hezbollah,CNN,0
2026-06-22,Hezbollah,Ampliat,0
2026-06-23,Israel,CNN,0
2026-06-23,Israel,Ampliat,0
2026-06-23,Hezbollah,CNN,0
2026-06-23,Hezbollah,Ampliat,0
2026-06-24,Israel,CNN,0
2026-06-24,Israel,Ampliat,0
2026-06-24,Hezbollah,CNN,0
2026-06-24,Hezbollah,Ampliat,0
2026-06-25,Israel,CNN,0
2026-06-25,Israel,Ampliat,0
2026-06-25,Hezbollah,CNN,0
2026-06-25,Hezbollah,Ampliat,0
2026-06-26,Israel,CNN,0
2026-06-26,Israel,Ampliat,0
2026-06-26,Hezbollah,CNN,0
2026-06-26,Hezbollah,Ampliat,0
2026-06-27,Israel,CNN,0
2026-06-27,Israel,Ampliat,0
2026-06-27,Hezbollah,CNN,0
2026-06-27,Hezbollah,Ampliat,0
2026-06-28,Israel,CNN,0
2026-06-28,Israel,Ampliat,0
2026-06-28,Hezbollah,CNN,0
2026-06-28,Hezbollah,Ampliat,0
2026-06-29,Israel,CNN,0
2026-06-29,Israel,Ampliat,0
2026-06-29,Hezbollah,CNN,0
2026-06-29,Hezbollah,Ampliat,0
2026-06-30,Israel,CNN,0
2026-06-30,Israel,Ampliat,0
2026-06-30,Hezbollah,CNN,0
2026-06-30,Hezbollah,Ampliat,0
2026-07-01,Israel,CNN,0
2026-07-01,Israel,Ampliat,0
2026-07-01,Hezbollah,CNN,0
2026-07-01,Hezbollah,Ampliat,0
2026-07-02,Israel,CNN,0
2026-07-02,Israel,Ampliat,0
2026-07-02,Hezbollah,CNN,0
2026-07-02,Hezbollah,Ampliat,0
2026-07-03,Israel,CNN,0
2026-07-03,Israel,Ampliat,0
2026-07-03,Hezbollah,CNN,0
2026-07-03,Hezbollah,Ampliat,0
2026-07-04,Israel,CNN,0
2026-07-04,Israel,Ampliat,0
2026-07-04,Hezbollah,CNN,0
2026-07-04,Hezbollah,Ampliat,0
2026-07-05,Israel,CNN,0
2026-07-05,Israel,Ampliat,0
2026-07-05,Hezbollah,CNN,0
2026-07-05,Hezbollah,Ampliat,0
2026-07-06,Israel,CNN,0
2026-07-06,Israel,Ampliat,0
2026-07-06,Hezbollah,CNN,0
2026-07-06,Hezbollah,Ampliat,0
2026-07-07,Israel,CNN,0
2026-07-07,Israel,Ampliat,0
2026-07-07,Hezbollah,CNN,0
2026-07-07,Hezbollah,Ampliat,0
2026-07-08,Israel,CNN,0
2026-07-08,Israel,Ampliat,0
2026-07-08,Hezbollah,CNN,0
2026-07-08,Hezbollah,Ampliat,0
2026-07-09,Israel,CNN,0
2026-07-09,Israel,Ampliat,0
2026-07-09,Hezbollah,CNN,0
2026-07-09,Hezbollah,Ampliat,0
2026-07-10,Israel,CNN,0
2026-07-10,Israel,Ampliat,0
2026-07-10,Hezbollah,CNN,0
2026-07-10,Hezbollah,Ampliat,0
2026-07-11,Israel,CNN,0
2026-07-11,Israel,Ampliat,0
2026-07-11,Hezbollah,CNN,0
2026-07-11,Hezbollah,Ampliat,0
2026-07-12,Israel,CNN,0
2026-07-12,Israel,Ampliat,0
2026-07-12,Hezbollah,CNN,0
2026-07-12,Hezbollah,Ampliat,0
2026-07-13,Israel,CNN,0
2026-07-13,Israel,Ampliat,0
2026-07-13,Hezbollah,CNN,0
2026-07-13,Hezbollah,Ampliat,0
2026-07-14,Israel,CNN,0
2026-07-14,Israel,Ampliat,0
2026-07-14,Hezbollah,CNN,0
2026-07-14,Hezbollah,Ampliat,0
2026-07-15,Israel,CNN,0
2026-07-15,Israel,Ampliat,0
2026-07-15,Hezbollah,CNN,0
2026-07-15,Hezbollah,Ampliat,0
2026-07-16,Israel,CNN,0
2026-07-16,Israel,Ampliat,0
2026-07-16,Hezbollah,CNN,0
2026-07-16,Hezbollah,Ampliat,0
2026-07-17,Israel,CNN,0
2026-07-17,Israel,Ampliat,0
2026-07-17,Hezbollah,CNN,0
2026-07-17,Hezbollah,Ampliat,0
2026-07-18,Israel,CNN,0
2026-07-18,Israel,Ampliat,0
2026-07-18,Hezbollah,CNN,0
2026-07-18,Hezbollah,Ampliat,0
2026-07-19,Israel,CNN,0
2026-07-19,Israel,Ampliat,0
2026-07-19,Hezbollah,CNN,0
2026-07-19,Hezbollah,Ampliat,0
2026-07-20,Israel,CNN,0
2026-07-20,Israel,Ampliat,0
2026-07-20,Hezbollah,CNN,0
2026-07-20,Hezbollah,Ampliat,0
2026-07-21,Israel,CNN,0
2026-07-21,Israel,Ampliat,0
2026-07-21,Hezbollah,CNN,0
2026-07-21,Hezbollah,Ampliat,0
2026-07-22,Israel,CNN,0
2026-07-22,Israel,Ampliat,0
2026-07-22,Hezbollah,CNN,0
2026-07-22,Hezbollah,Ampliat,0
2026-07-23,Israel,CNN,0
2026-07-23,Israel,Ampliat,0
2026-07-23,Hezbollah,CNN,0
2026-07-23,Hezbollah,Ampliat,0
2026-07-24,Israel,CNN,0
2026-07-24,Israel,Ampliat,0
2026-07-24,Hezbollah,CNN,0
2026-07-24,Hezbollah,Ampliat,0
2026-07-25,Israel,CNN,0
2026-07-25,Israel,Ampliat,0
2026-07-25,Hezbollah,CNN,0
2026-07-25,Hezbollah,Ampliat,0
2026-07-26,Israel,CNN,0
2026-07-26,Israel,Ampliat,0
2026-07-26,Hezbollah,CNN,0
2026-07-26,Hezbollah,Ampliat,0
2026-07-27,Israel,CNN,0
2026-07-27,Israel,Ampliat,0
2026-07-27,Hezbollah,CNN,0
2026-07-27,Hezbollah,Ampliat,0
2026-07-28,Israel,CNN,0
2026-07-28,Israel,Ampliat,0
2026-07-28,Hezbollah,CNN,0
2026-07-28,Hezbollah,Ampliat,0
2026-07-29,Israel,CNN,0
2026-07-29,Israel,Ampliat,0
2026-07-29,Hezbollah,CNN,0
2026-07-29,Hezbollah,Ampliat,0
2026-07-30,Israel,CNN,0
2026-07-30,Israel,Ampliat,0
2026-07-30,Hezbollah,CNN,0
2026-07-30,Hezbollah,Ampliat,0
2026-07-31,Israel,CNN,0
2026-07-31,Israel,Ampliat,0
2026-07-31,Hezbollah,CNN,0
2026-07-31,Hezbollah,Ampliat,0
2026-08-01,Israel,CNN,0
2026-08-01,Israel,Ampliat,0
2026-08-01,Hezbollah,CNN,0
2026-08-01,Hezbollah,Ampliat,0
2026-08-02,Israel,CNN,0
2026-08-02,Israel,Ampliat,0
2026-08-02,Hezbollah,CNN,0
2026-08-02,Hezbollah,Ampliat,0
2026-08-03,Israel,CNN,0
2026-08-03,Israel,Ampliat,0
2026-08-03,Hezbollah,CNN,0
2026-08-03,Hezbollah,Ampliat,0
2026-08-04,Israel,CNN,0
2026-08-04,Israel,Ampliat,0
2026-08-04,Hezbollah,CNN,0
2026-08-04,Hezbollah,Ampliat,0
2026-08-05,Israel,CNN,0
2026-08-05,Israel,Ampliat,0
2026-08-05,Hezbollah,CNN,0
2026-08-05,Hezbollah,Ampliat,0
2026-08-06,Israel,CNN,0
2026-08-06,Israel,Ampliat,0
2026-08-06,Hezbollah,CNN,0
2026-08-06,Hezbollah,Ampliat,0
2026-08-07,Israel,CNN,0
2026-08-07,Israel,Ampliat,0
2026-08-07,Hezbollah,CNN,0
2026-08-07,Hezbollah,Ampliat,0
2026-08-08,Israel,CNN,0
2026-08-08,Israel,Ampliat,0
2026-08-08,Hezbollah,CNN,0
2026-08-08,Hezbollah,Ampliat,0
2026-08-09,Israel,CNN,0
2026-08-09,Israel,Ampliat,0
2026-08-09,Hezbollah,CNN,0
2026-08-09,Hezbollah,Ampliat,0
2026-08-10,Israel,CNN,0
2026-08-10,Israel,Ampliat,0
2026-08-10,Hezbollah,CNN,0
2026-08-10,Hezbollah,Ampliat,0
2026-08-11,Israel,CNN,0
2026-08-11,Israel,Ampliat,0
2026-08-11,Hezbollah,CNN,0
2026-08-11,Hezbollah,Ampliat,0
2026-08-12,Israel,CNN,0
2026-08-12,Israel,Ampliat,0
2026-08-12,Hezbollah,CNN,0
2026-08-12,Hezbollah,Ampliat,0
2026-08-13,Israel,CNN,0
2026-08-13,Israel,Ampliat,0
2026-08-13,Hezbollah,CNN,0
2026-08-13,Hezbollah,Ampliat,0
2026-08-14,Israel,CNN,0
2026-08-14,Israel,Ampliat,0
2026-08-14,Hezbollah,CNN,0
2026-08-14,Hezbollah,Ampliat,0
2026-08-15,Israel,CNN,0
2026-08-15,Israel,Ampliat,0
2026-08-15,Hezbollah,CNN,0
2026-08-15,Hezbollah,Ampliat,0
2026-08-16,Israel,CNN,0
2026-08-16,Israel,Ampliat,0
2026-08-16,Hezbollah,CNN,0
2026-08-16,Hezbollah,Ampliat,0
2026-08-17,Israel,CNN,0
2026-08-17,Israel,Ampliat,0
2026-08-17,Hezbollah,CNN,0
2026-08-17,Hezbollah,Ampliat,0
2026-08-18,Israel,CNN,0
2026-08-18,Israel,Ampliat,0
2026-08-18,Hezbollah,CNN,0
2026-08-18,Hezbollah,Ampliat,0
2026-08-19,Israel,CNN,0
2026-08-19,Israel,Ampliat,0
2026-08-19,Hezbollah,CNN,0
2026-08-19,Hezbollah,Ampliat,0
2026-08-20,Israel,CNN,0
2026-08-20,Israel,Ampliat,0
2026-08-20,Hezbollah,CNN,0
2026-08-20,Hezbollah,Ampliat,0
2026-08-21,Israel,CNN,0
2026-08-21,Israel,Ampliat,0
2026-08-21,Hezbollah,CNN,0
2026-08-21,Hezbollah,Ampliat,0
2026-08-22,Israel,CNN,0
2026-08-22,Israel,Ampliat,0
2026-08-22,Hezbollah,CNN,0
2026-08-22,Hezbollah,Ampliat,0
2026-08-23,Israel,CNN,0
2026-08-23,Israel,Ampliat,0
2026-08-23,Hezbollah,CNN,0
2026-08-23,Hezbollah,Ampliat,0
2026-08-24,Israel,CNN,0
2026-08-24,Israel,Ampliat,0
2026-08-24,Hezbollah,CNN,0
2026-08-24,Hezbollah,Ampliat,0
2026-08-25,Israel,CNN,0
2026-08-25,Israel,Ampliat,0
2026-08-25,Hezbollah,CNN,0
2026-08-25,Hezbollah,Ampliat,0
2026-08-26,Israel,CNN,0
2026-08-26,Israel,Ampliat,0
2026-08-26,Hezbollah,CNN,0
2026-08-26,Hezbollah,Ampliat,0
2026-08-27,Israel,CNN,0
2026-08-27,Israel,Ampliat,0
2026-08-27,Hezbollah,CNN,0
2026-08-27,Hezbollah,Ampliat,0
2026-08-28,Israel,CNN,0
2026-08-28,Israel,Ampliat,0
2026-08-28,Hezbollah,CNN,0
2026-08-28,Hezbollah,Ampliat,0
2026-08-29,Israel,CNN,0
2026-08-29,Israel,Ampliat,0
2026-08-29,Hezbollah,CNN,0
2026-08-29,Hezbollah,Ampliat,0
2026-08-30,Israel,CNN,0
2026-08-30,Israel,Ampliat,0
2026-08-30,Hezbollah,CNN,0
2026-08-30,Hezbollah,Ampliat,0
2026-08-31,Israel,CNN,0
2026-08-31,Israel,Ampliat,0
2026-08-31,Hezbollah,CNN,0
2026-08-31,Hezbollah,Ampliat,0
2026-09-01,Israel,CNN,0
2026-09-01,Israel,Ampliat,0
2026-09-01,Hezbollah,CNN,0
2026-09-01,Hezbollah,Ampliat,0
2026-09-02,Israel,CNN,0
2026-09-02,Israel,Ampliat,0
2026-09-02,Hezbollah,CNN,0
2026-09-02,Hezbollah,Ampliat,0
2026-09-03,Israel,CNN,0
2026-09-03,Israel,Ampliat,0
2026-09-03,Hezbollah,CNN,0
2026-09-03,Hezbollah,Ampliat,0
2026-09-04,Israel,CNN,0
2026-09-04,Israel,Ampliat,0
2026-09-04,Hezbollah,CNN,0
2026-09-04,Hezbollah,Ampliat,0
2026-09-05,Israel,CNN,0
2026-09-05,Israel,Ampliat,0
2026-09-05,Hezbollah,CNN,0
2026-09-05,Hezbollah,Ampliat,0
2026-09-06,Israel,CNN,0
2026-09-06,Israel,Ampliat,0
2026-09-06,Hezbollah,CNN,0
2026-09-06,Hezbollah,Ampliat,0
2026-09-07,Israel,CNN,0
2026-09-07,Israel,Ampliat,0
2026-09-07,Hezbollah,CNN,0
2026-09-07,Hezbollah,Ampliat,0
